series,sleeve,anchor,period,n,wr,avgR,medR,t,PF,sumR,costR,nBig
XAUUSD-M1,S1_BoxReclaim,LON0800,dev,490,0.4143,-0.1474,-0.1016,-5.8732,0.52,-72.225,0.1055,0
XAUUSD-M1,S1_BoxReclaim,NY0800,dev,146,0.5274,-0.057,0.0527,-1.0564,0.8189,-8.3195,0.0925,0
XAUUSD-M1,S1_BoxReclaim,NY0930,dev,362,0.4365,-0.1059,-0.0877,-3.65,0.6312,-38.338,0.0676,0
XAUUSD-M1,S1_BoxReclaim,NY1000,dev,465,0.4387,-0.103,-0.0739,-4.3439,0.6064,-47.8785,0.0707,0
XAUUSD-M1,S1_BoxReclaim,NY1100,dev,503,0.4771,-0.0716,-0.0348,-3.0744,0.7159,-35.9981,0.0908,0
XAUUSD-M1,S1_BoxReclaim,NY1300,dev,271,0.5018,-0.0552,0.0009,-1.6375,0.7822,-14.9666,0.1109,0
XAUUSD-M1,S1_BoxReclaim,NY1400,dev,349,0.4212,-0.1278,-0.0894,-4.3423,0.5715,-44.609,0.1356,0
XAUUSD-M1,S1_BoxReclaim,NY1800,dev,355,0.4113,-0.1025,-0.0913,-4.0515,0.5837,-36.3849,0.1522,0
XAUUSD-M1,S1_BoxReclaim,TYO0900,dev,341,0.5249,-0.104,0.0581,-3.0149,0.6864,-35.465,0.1553,0
XAUUSD-M1,S1_BoxReclaim,LON0800,oos,441,0.4943,-0.0771,-0.0187,-2.6902,0.7435,-33.9935,0.0764,0
XAUUSD-M1,S1_BoxReclaim,NY0800,oos,122,0.4918,-0.0998,-0.0193,-1.6213,0.7205,-12.1755,0.0672,0
XAUUSD-M1,S1_BoxReclaim,NY0930,oos,412,0.466,-0.0605,-0.0589,-2.2635,0.7649,-24.927,0.0438,0
XAUUSD-M1,S1_BoxReclaim,NY1000,oos,539,0.5232,-0.0118,0.025,-0.5364,0.945,-6.3762,0.044,0
XAUUSD-M1,S1_BoxReclaim,NY1100,oos,461,0.5033,-0.0548,0.0027,-2.2046,0.7807,-25.2562,0.0597,0
XAUUSD-M1,S1_BoxReclaim,NY1300,oos,324,0.4784,-0.0854,-0.0388,-2.6933,0.6995,-27.6753,0.0921,0
XAUUSD-M1,S1_BoxReclaim,NY1400,oos,344,0.407,-0.1774,-0.1468,-5.5396,0.4942,-61.0219,0.1023,0
XAUUSD-M1,S1_BoxReclaim,NY1800,oos,404,0.4356,-0.1119,-0.0872,-4.2617,0.5979,-45.2022,0.1329,0
XAUUSD-M1,S1_BoxReclaim,TYO0900,oos,318,0.4717,-0.1791,-0.1244,-4.6779,0.5598,-56.9386,0.1148,0
XAUUSD-M1,S2_OpenExhaust,LON0800,dev,148,0.3378,-0.2892,-1.0,-3.7358,0.5151,-42.8051,0.2266,0
XAUUSD-M1,S2_OpenExhaust,NY0800,dev,167,0.3713,-0.1019,-1.0,-1.1011,0.8285,-17.024,0.163,0
XAUUSD-M1,S2_OpenExhaust,NY0930,dev,130,0.3231,-0.2631,-1.0,-3.0912,0.5446,-34.2048,0.1535,0
XAUUSD-M1,S2_OpenExhaust,NY1000,dev,126,0.3889,-0.0866,-0.5401,-0.9345,0.8303,-10.9156,0.1589,0
XAUUSD-M1,S2_OpenExhaust,NY1100,dev,113,0.3717,-0.2331,-1.0,-2.4844,0.6041,-26.3365,0.1993,0
XAUUSD-M1,S2_OpenExhaust,NY1300,dev,112,0.3214,-0.233,-1.0,-2.2559,0.6147,-26.095,0.237,0
XAUUSD-M1,S2_OpenExhaust,NY1400,dev,111,0.3784,-0.1558,-0.7166,-1.6337,0.7144,-17.2971,0.2377,0
XAUUSD-M1,S2_OpenExhaust,NY1800,dev,69,0.3333,-0.2896,-1.0,-2.3174,0.555,-19.9847,0.3019,0
XAUUSD-M1,S2_OpenExhaust,TYO0900,dev,141,0.305,-0.3812,-1.0,-5.3377,0.3845,-53.753,0.2406,0
XAUUSD-M1,S2_OpenExhaust,LON0800,oos,143,0.4056,-0.1607,-1.0,-1.7772,0.712,-22.98,0.1638,0
XAUUSD-M1,S2_OpenExhaust,NY0800,oos,156,0.359,-0.1134,-1.0,-1.1149,0.8204,-17.6914,0.1039,0
XAUUSD-M1,S2_OpenExhaust,NY0930,oos,173,0.3815,-0.1631,-1.0,-2.0455,0.7104,-28.2218,0.1018,0
XAUUSD-M1,S2_OpenExhaust,NY1000,oos,141,0.3546,-0.2074,-1.0,-2.3847,0.6408,-29.2437,0.1187,0
XAUUSD-M1,S2_OpenExhaust,NY1100,oos,180,0.4056,-0.0176,-1.0,-0.1927,0.968,-3.1661,0.1638,0
XAUUSD-M1,S2_OpenExhaust,NY1300,oos,121,0.3306,-0.198,-1.0,-1.9658,0.6731,-23.9562,0.1832,0
XAUUSD-M1,S2_OpenExhaust,NY1400,oos,133,0.4436,-0.0802,-0.4425,-0.8885,0.8418,-10.6647,0.1929,0
XAUUSD-M1,S2_OpenExhaust,NY1800,oos,83,0.3735,-0.0864,-1.0,-0.6152,0.8622,-7.1716,0.2303,0
XAUUSD-M1,S2_OpenExhaust,TYO0900,oos,139,0.3669,-0.1356,-1.0,-1.4454,0.7611,-18.8536,0.1791,0
XAUUSD-M1,S3_IBBreak,LON0800,dev,322,0.3261,-0.0876,-0.2626,-1.8934,0.7754,-28.1982,0.1694,0
XAUUSD-M1,S3_IBBreak,NY0800,dev,922,0.3048,-0.1674,-0.3833,-5.7198,0.6511,-154.3023,0.1283,0
XAUUSD-M1,S3_IBBreak,NY0930,dev,402,0.3209,-0.1221,-0.2753,-2.9922,0.7016,-49.0792,0.1196,0
XAUUSD-M1,S3_IBBreak,NY1000,dev,244,0.2623,-0.1946,-0.3687,-3.9312,0.5479,-47.4801,0.1258,0
XAUUSD-M1,S3_IBBreak,NY1100,dev,196,0.2347,-0.2485,-0.3882,-4.5615,0.4644,-48.7028,0.1466,0
XAUUSD-M1,S3_IBBreak,NY1300,dev,263,0.2852,-0.1647,-0.3401,-3.2099,0.6289,-43.3071,0.1744,0
XAUUSD-M1,S3_IBBreak,NY1400,dev,408,0.2304,-0.3147,-0.5034,-8.3338,0.3912,-128.386,0.2297,0
XAUUSD-M1,S3_IBBreak,NY1800,dev,692,0.2312,-0.2937,-0.3965,-11.0678,0.3702,-203.2404,0.2638,0
XAUUSD-M1,S3_IBBreak,TYO0900,dev,856,0.3049,-0.209,-0.4212,-7.3298,0.5659,-178.9237,0.2176,0
XAUUSD-M1,S3_IBBreak,LON0800,oos,354,0.2938,-0.1803,-0.3121,-4.2046,0.586,-63.8162,0.1261,0
XAUUSD-M1,S3_IBBreak,NY0800,oos,957,0.3626,-0.0758,-0.4249,-2.3512,0.845,-72.5744,0.0939,0
XAUUSD-M1,S3_IBBreak,NY0930,oos,297,0.3906,-0.0307,-0.2736,-0.5913,0.923,-9.1315,0.0776,0
XAUUSD-M1,S3_IBBreak,NY1000,oos,173,0.341,-0.1054,-0.3067,-1.658,0.739,-18.24,0.0786,0
XAUUSD-M1,S3_IBBreak,NY1100,oos,195,0.3282,-0.2047,-0.3954,-3.408,0.5699,-39.9114,0.1186,0
XAUUSD-M1,S3_IBBreak,NY1300,oos,301,0.3422,-0.1302,-0.2925,-2.6532,0.6976,-39.1956,0.1539,0
XAUUSD-M1,S3_IBBreak,NY1400,oos,467,0.3276,-0.154,-0.2766,-4.144,0.6322,-71.9212,0.1713,0
XAUUSD-M1,S3_IBBreak,NY1800,oos,538,0.2491,-0.2831,-0.4428,-8.6241,0.4254,-152.315,0.2252,0
XAUUSD-M1,S3_IBBreak,TYO0900,oos,976,0.333,-0.1716,-0.4502,-5.8855,0.6567,-167.4333,0.1885,0
XAUUSD-M1,S4_OpenRetest,LON0800,dev,294,0.3299,-0.3175,-1.0,-5.8329,0.4908,-93.3474,0.2523,0
XAUUSD-M1,S4_OpenRetest,NY0800,dev,452,0.3894,-0.1642,-1.0,-3.3691,0.7173,-74.2218,0.1775,0
XAUUSD-M1,S4_OpenRetest,NY0930,dev,354,0.3418,-0.262,-1.0,-5.0098,0.5725,-92.7357,0.1829,0
XAUUSD-M1,S4_OpenRetest,NY1000,dev,303,0.3597,-0.2154,-1.0,-3.7284,0.6417,-65.2788,0.2038,0
XAUUSD-M1,S4_OpenRetest,NY1100,dev,319,0.3135,-0.3143,-1.0,-5.7914,0.5122,-100.2547,0.2397,0
XAUUSD-M1,S4_OpenRetest,NY1300,dev,310,0.3935,-0.2248,-1.0,-4.2653,0.5993,-69.6915,0.2498,0
XAUUSD-M1,S4_OpenRetest,NY1400,dev,296,0.2804,-0.4134,-1.0,-8.5278,0.3548,-122.3735,0.2845,0
XAUUSD-M1,S4_OpenRetest,NY1800,dev,328,0.3567,-0.3297,-1.0,-6.713,0.4646,-108.1548,0.2911,0
XAUUSD-M1,S4_OpenRetest,TYO0900,dev,355,0.3549,-0.2935,-1.0,-6.1019,0.5046,-104.2046,0.2606,0
XAUUSD-M1,S4_OpenRetest,LON0800,oos,367,0.406,-0.1085,-1.0,-1.9474,0.8092,-39.8046,0.1921,0
XAUUSD-M1,S4_OpenRetest,NY0800,oos,500,0.384,-0.1244,-1.0,-2.5901,0.785,-62.2089,0.1174,0
XAUUSD-M1,S4_OpenRetest,NY0930,oos,314,0.379,-0.1738,-1.0,-2.9614,0.7042,-54.5734,0.1275,0
XAUUSD-M1,S4_OpenRetest,NY1000,oos,297,0.4074,-0.1381,-1.0,-2.2965,0.7552,-41.004,0.1444,0
XAUUSD-M1,S4_OpenRetest,NY1100,oos,317,0.3565,-0.2149,-1.0,-3.7148,0.6497,-68.135,0.182,0
XAUUSD-M1,S4_OpenRetest,NY1300,oos,345,0.3681,-0.1939,-1.0,-3.5217,0.6738,-66.8952,0.2071,0
XAUUSD-M1,S4_OpenRetest,NY1400,oos,267,0.3596,-0.2268,-1.0,-3.9226,0.5983,-60.5446,0.2373,0
XAUUSD-M1,S4_OpenRetest,NY1800,oos,345,0.3913,-0.2325,-1.0,-4.5258,0.6078,-80.2222,0.2562,0
XAUUSD-M1,S4_OpenRetest,TYO0900,oos,423,0.409,-0.1131,-1.0,-2.2064,0.7997,-47.8283,0.2174,0
XAUUSD-M1,S5_LevelSweep,LON0800,dev,144,0.3472,-0.2395,-0.7163,-3.1747,0.5613,-34.4898,0.2202,0
XAUUSD-M1,S5_LevelSweep,NY0800,dev,211,0.4123,-0.0765,-0.3614,-1.1016,0.8485,-16.1485,0.17,0
XAUUSD-M1,S5_LevelSweep,NY0930,dev,221,0.362,-0.248,-1.0,-3.8928,0.5716,-54.8011,0.1582,0
XAUUSD-M1,S5_LevelSweep,NY1000,dev,197,0.3756,-0.1846,-1.0,-2.6496,0.6693,-36.3599,0.1671,0
XAUUSD-M1,S5_LevelSweep,NY1100,dev,127,0.2913,-0.3616,-1.0,-4.5774,0.4231,-45.9206,0.2217,0
XAUUSD-M1,S5_LevelSweep,NY1300,dev,104,0.4519,-0.112,-0.2976,-1.2018,0.7691,-11.6526,0.215,0
XAUUSD-M1,S5_LevelSweep,NY1400,dev,91,0.3626,-0.2575,-0.835,-2.6997,0.5411,-23.4303,0.2039,0
XAUUSD-M1,S5_LevelSweep,NY1800,dev,86,0.3721,-0.1771,-0.2987,-1.877,0.6345,-15.2271,0.2329,0
XAUUSD-M1,S5_LevelSweep,TYO0900,dev,124,0.4758,-0.0197,-0.129,-0.2281,0.9559,-2.4375,0.2066,0
XAUUSD-M1,S5_LevelSweep,LON0800,oos,140,0.4714,0.0239,-0.1909,0.2725,1.0506,3.3528,0.1678,0
XAUUSD-M1,S5_LevelSweep,NY0800,oos,224,0.4196,-0.0933,-0.903,-1.3565,0.8225,-20.9006,0.1294,0
XAUUSD-M1,S5_LevelSweep,NY0930,oos,253,0.419,-0.0525,-0.7215,-0.7837,0.9009,-13.2736,0.1073,0
XAUUSD-M1,S5_LevelSweep,NY1000,oos,218,0.4083,-0.0705,-0.6235,-1.0006,0.865,-15.3684,0.1156,0
XAUUSD-M1,S5_LevelSweep,NY1100,oos,152,0.375,-0.1967,-1.0,-2.4871,0.6485,-29.8984,0.1495,0
XAUUSD-M1,S5_LevelSweep,NY1300,oos,84,0.3452,-0.2265,-1.0,-2.1694,0.6026,-19.0225,0.1777,0
XAUUSD-M1,S5_LevelSweep,NY1400,oos,80,0.25,-0.439,-1.0,-4.5271,0.3508,-35.1175,0.1834,0
XAUUSD-M1,S5_LevelSweep,NY1800,oos,104,0.4231,-0.1601,-0.3133,-1.8801,0.655,-16.6469,0.1884,0
XAUUSD-M1,S5_LevelSweep,TYO0900,oos,145,0.3793,-0.136,-1.0,-1.6089,0.7513,-19.7194,0.1794,0
BTCUSD-M1,S1_BoxReclaim,UTC0000,dev,516,0.405,-0.1184,-0.1299,-4.4053,0.6125,-61.1157,0.0606,0
BTCUSD-M1,S1_BoxReclaim,UTC0800,dev,468,0.4466,-0.08,-0.0976,-2.7513,0.7355,-37.4591,0.0611,0
BTCUSD-M1,S1_BoxReclaim,UTC1330,dev,408,0.4363,-0.1301,-0.0855,-4.1663,0.6078,-53.0769,0.0628,0
BTCUSD-M1,S1_BoxReclaim,UTC1600,dev,515,0.4447,-0.0516,-0.0527,-1.9643,0.7986,-26.5603,0.0591,0
BTCUSD-M1,S1_BoxReclaim,UTC0000,oos,630,0.5111,-0.0344,0.0172,-1.5073,0.868,-21.6832,0.0739,0
BTCUSD-M1,S1_BoxReclaim,UTC0800,oos,604,0.4719,-0.0915,-0.0458,-3.7215,0.7008,-55.2498,0.0946,0
BTCUSD-M1,S1_BoxReclaim,UTC1330,oos,488,0.5225,-0.048,0.0364,-1.6785,0.8388,-23.4458,0.0561,0
BTCUSD-M1,S1_BoxReclaim,UTC1600,oos,641,0.4977,-0.0367,-0.0021,-1.6602,0.8545,-23.5023,0.0602,0
BTCUSD-M1,S2_OpenExhaust,UTC0000,dev,171,0.4094,-0.0195,-1.0,-0.2017,0.9642,-3.3261,0.1108,0
BTCUSD-M1,S2_OpenExhaust,UTC0800,dev,163,0.3252,-0.2204,-1.0,-2.532,0.6399,-35.9212,0.1096,0
BTCUSD-M1,S2_OpenExhaust,UTC1330,dev,168,0.4226,-0.0325,-0.9865,-0.3409,0.9388,-5.4522,0.1134,0
BTCUSD-M1,S2_OpenExhaust,UTC1600,dev,136,0.3897,-0.1064,-1.0,-1.0634,0.8072,-14.4656,0.1004,0
BTCUSD-M1,S2_OpenExhaust,UTC0000,oos,252,0.4127,0.023,-0.5485,0.3043,1.0445,5.7851,0.1647,0
BTCUSD-M1,S2_OpenExhaust,UTC0800,oos,252,0.3413,-0.2306,-1.0,-3.4857,0.6189,-58.1144,0.1818,0
BTCUSD-M1,S2_OpenExhaust,UTC1330,oos,250,0.348,-0.1536,-1.0,-2.0835,0.7473,-38.4052,0.1231,0
BTCUSD-M1,S2_OpenExhaust,UTC1600,oos,225,0.32,-0.2431,-1.0,-3.4241,0.6031,-54.7002,0.1422,0
BTCUSD-M1,S3_IBBreak,UTC0000,dev,1395,0.3211,-0.1699,-0.3079,-6.0252,0.6619,-237.0492,0.116,0
BTCUSD-M1,S3_IBBreak,UTC0800,dev,1447,0.293,-0.211,-0.4144,-8.0593,0.595,-305.3122,0.1132,0
BTCUSD-M1,S3_IBBreak,UTC1330,dev,1568,0.2997,-0.192,-0.3858,-7.6558,0.6257,-300.9812,0.1123,1
BTCUSD-M1,S3_IBBreak,UTC1600,dev,1310,0.2969,-0.1993,-0.3486,-6.5621,0.6131,-261.0668,0.1101,4
BTCUSD-M1,S3_IBBreak,UTC0000,oos,1305,0.3272,-0.1165,-0.3098,-4.8818,0.724,-152.0705,0.136,0
BTCUSD-M1,S3_IBBreak,UTC0800,oos,1329,0.301,-0.168,-0.3553,-7.1621,0.6258,-223.2919,0.1548,0
BTCUSD-M1,S3_IBBreak,UTC1330,oos,1461,0.3374,-0.1194,-0.3542,-4.9108,0.7439,-174.4997,0.1159,0
BTCUSD-M1,S3_IBBreak,UTC1600,oos,1201,0.2956,-0.1448,-0.3364,-5.8691,0.6687,-173.963,0.1188,0
BTCUSD-M1,S4_OpenRetest,UTC0000,dev,704,0.3636,-0.1279,-1.0,-2.8714,0.7799,-90.0294,0.1414,0
BTCUSD-M1,S4_OpenRetest,UTC0800,dev,759,0.3847,-0.0887,-1.0,-1.9246,0.8435,-67.3356,0.1417,0
BTCUSD-M1,S4_OpenRetest,UTC1330,dev,800,0.3525,-0.1542,-1.0,-3.5529,0.7456,-123.3463,0.1413,0
BTCUSD-M1,S4_OpenRetest,UTC1600,dev,698,0.3352,-0.2558,-1.0,-6.1126,0.5874,-178.5543,0.1344,1
BTCUSD-M1,S4_OpenRetest,UTC0000,oos,619,0.3554,-0.2534,-1.0,-6.2303,0.5924,-156.8302,0.1943,0
BTCUSD-M1,S4_OpenRetest,UTC0800,oos,597,0.3702,-0.2143,-1.0,-5.1849,0.6391,-127.9582,0.2109,0
BTCUSD-M1,S4_OpenRetest,UTC1330,oos,758,0.372,-0.1805,-1.0,-4.7143,0.699,-136.8536,0.1579,0
BTCUSD-M1,S4_OpenRetest,UTC1600,oos,568,0.3504,-0.2416,-1.0,-5.5941,0.6083,-137.2271,0.1749,0
BTCUSD-M1,S5_LevelSweep,UTC0000,dev,225,0.36,-0.1962,-0.9104,-2.7442,0.6468,-44.1429,0.1095,0
BTCUSD-M1,S5_LevelSweep,UTC0800,dev,245,0.3673,-0.1752,-0.3142,-2.75,0.6591,-42.9189,0.1127,0
BTCUSD-M1,S5_LevelSweep,UTC1330,dev,211,0.3602,-0.1944,-1.0,-2.7013,0.6528,-41.0153,0.1087,0
BTCUSD-M1,S5_LevelSweep,UTC1600,dev,207,0.3671,-0.1998,-0.4506,-2.8301,0.6196,-41.356,0.1028,0
BTCUSD-M1,S5_LevelSweep,UTC0000,oos,251,0.5339,0.1146,0.1449,1.8628,1.307,28.7607,0.1192,0
BTCUSD-M1,S5_LevelSweep,UTC0800,oos,179,0.4078,-0.1605,-0.8635,-2.1762,0.6966,-28.7376,0.1567,0
BTCUSD-M1,S5_LevelSweep,UTC1330,oos,310,0.4161,-0.1294,-1.0,-2.2385,0.7568,-40.1016,0.1276,0
BTCUSD-M1,S5_LevelSweep,UTC1600,oos,271,0.3284,-0.2671,-1.0,-4.8,0.5278,-72.3706,0.1321,0
XAUUSD-M15,S1_BoxReclaim,LON0800,dev,306,0.3824,-0.1803,-0.1607,-5.925,0.4378,-55.1715,0.1326,0
XAUUSD-M15,S1_BoxReclaim,NY0800,dev,75,0.4533,-0.082,-0.0389,-1.2631,0.7034,-6.148,0.0854,0
XAUUSD-M15,S1_BoxReclaim,NY0930,dev,243,0.4568,-0.1307,-0.0976,-3.7874,0.5507,-31.7626,0.0851,0
XAUUSD-M15,S1_BoxReclaim,NY1000,dev,349,0.384,-0.1153,-0.0973,-4.5923,0.5341,-40.2519,0.0826,0
XAUUSD-M15,S1_BoxReclaim,NY1100,dev,325,0.3938,-0.1226,-0.1115,-4.6763,0.521,-39.838,0.1051,0
XAUUSD-M15,S1_BoxReclaim,NY1300,dev,235,0.4255,-0.0567,-0.0728,-1.4835,0.7601,-13.3283,0.1374,0
XAUUSD-M15,S1_BoxReclaim,NY1400,dev,214,0.4206,-0.1647,-0.1414,-4.5861,0.4649,-35.2521,0.1479,0
XAUUSD-M15,S1_BoxReclaim,NY1800,dev,83,0.4337,-0.168,-0.1381,-2.477,0.5295,-13.946,0.2091,0
XAUUSD-M15,S1_BoxReclaim,TYO0900,dev,219,0.4475,-0.2077,-0.1254,-4.8806,0.4653,-45.4942,0.1555,0
XAUUSD-M15,S1_BoxReclaim,LON0800,oos,247,0.4575,-0.0799,-0.0279,-2.5434,0.6705,-19.7465,0.1101,0
XAUUSD-M15,S1_BoxReclaim,NY0800,oos,59,0.5254,-0.0177,0.0164,-0.2441,0.9272,-1.046,0.0808,0
XAUUSD-M15,S1_BoxReclaim,NY0930,oos,203,0.468,-0.1007,-0.0393,-2.8144,0.609,-20.4368,0.0648,0
XAUUSD-M15,S1_BoxReclaim,NY1000,oos,264,0.4356,-0.1052,-0.0528,-3.8271,0.5441,-27.7856,0.0819,0
XAUUSD-M15,S1_BoxReclaim,NY1100,oos,281,0.4235,-0.12,-0.1084,-4.2323,0.535,-33.7197,0.1005,0
XAUUSD-M15,S1_BoxReclaim,NY1300,oos,190,0.4737,-0.0607,-0.0369,-1.6765,0.7395,-11.5355,0.1248,0
XAUUSD-M15,S1_BoxReclaim,NY1400,oos,173,0.422,-0.1376,-0.095,-3.4784,0.5224,-23.8072,0.1474,0
XAUUSD-M15,S1_BoxReclaim,NY1800,oos,48,0.4375,-0.1746,-0.0595,-1.8128,0.5434,-8.3819,0.1782,0
XAUUSD-M15,S1_BoxReclaim,TYO0900,oos,170,0.4824,-0.1323,-0.046,-2.9348,0.583,-22.4971,0.15,0
XAUUSD-M15,S2_OpenExhaust,LON0800,dev,39,0.5128,-0.0587,0.0266,-0.4288,0.8533,-2.291,0.167,0
XAUUSD-M15,S2_OpenExhaust,NY0800,dev,41,0.3415,-0.2574,-0.6779,-1.7505,0.5374,-10.5549,0.1181,0
XAUUSD-M15,S2_OpenExhaust,NY0930,dev,44,0.4318,-0.1731,-0.1852,-1.4783,0.5999,-7.6182,0.1241,0
XAUUSD-M15,S2_OpenExhaust,NY1000,dev,35,0.2857,-0.2295,-0.3238,-1.9897,0.4486,-8.0328,0.1279,0
XAUUSD-M15,S2_OpenExhaust,NY1100,dev,31,0.4516,-0.0412,-0.1007,-0.2564,0.8986,-1.2785,0.1736,0
XAUUSD-M15,S2_OpenExhaust,NY1300,dev,20,0.4,-0.1658,-0.1875,-0.8586,0.6495,-3.3154,0.2371,0
XAUUSD-M15,S2_OpenExhaust,NY1400,dev,25,0.6,0.0108,0.0548,0.0792,1.0403,0.2689,0.2052,0
XAUUSD-M15,S2_OpenExhaust,NY1800,dev,18,0.2778,-0.3829,-1.0,-1.8433,0.4047,-6.8915,0.2153,0
XAUUSD-M15,S2_OpenExhaust,TYO0900,dev,28,0.3571,-0.1861,-0.3792,-1.2933,0.5579,-5.2109,0.1961,0
XAUUSD-M15,S2_OpenExhaust,LON0800,oos,32,0.3438,-0.1515,-0.1927,-1.114,0.6199,-4.8474,0.1583,0
XAUUSD-M15,S2_OpenExhaust,NY0800,oos,31,0.1613,-0.4453,-1.0,-2.6181,0.3458,-13.8033,0.1129,0
XAUUSD-M15,S2_OpenExhaust,NY0930,oos,32,0.25,-0.4897,-0.8267,-4.366,0.1825,-15.6693,0.1242,0
XAUUSD-M15,S2_OpenExhaust,NY1000,oos,20,0.3,-0.2747,-0.7244,-1.3077,0.5261,-5.4931,0.1261,0
XAUUSD-M15,S2_OpenExhaust,NY1100,oos,23,0.5652,0.0086,0.0971,0.0514,1.0257,0.1987,0.1165,0
XAUUSD-M15,S2_OpenExhaust,NY1300,oos,25,0.36,-0.2385,-0.3281,-1.6021,0.4713,-5.9625,0.1895,0
XAUUSD-M15,S2_OpenExhaust,NY1400,oos,18,0.2222,-0.3696,-0.3943,-2.3251,0.2843,-6.6526,0.2381,0
XAUUSD-M15,S2_OpenExhaust,NY1800,oos,12,0.5,0.0365,0.1066,0.1244,1.0827,0.4384,0.2335,0
XAUUSD-M15,S2_OpenExhaust,TYO0900,oos,23,0.3043,-0.3898,-0.5221,-2.8374,0.2777,-8.9652,0.1901,0
XAUUSD-M15,S3_IBBreak,LON0800,dev,303,0.2805,-0.1414,-0.2679,-3.5804,0.5958,-42.8349,0.1757,0
XAUUSD-M15,S3_IBBreak,NY0800,dev,816,0.2978,-0.1654,-0.2842,-6.1461,0.5904,-134.96,0.1278,0
XAUUSD-M15,S3_IBBreak,NY0930,dev,390,0.3154,-0.1466,-0.2327,-4.2659,0.5833,-57.1721,0.1142,0
XAUUSD-M15,S3_IBBreak,NY1000,dev,176,0.2898,-0.1323,-0.2255,-3.0016,0.5537,-23.2926,0.1014,0
XAUUSD-M15,S3_IBBreak,NY1100,dev,190,0.2737,-0.1084,-0.2041,-2.2035,0.6634,-20.6011,0.1371,0
XAUUSD-M15,S3_IBBreak,NY1300,dev,176,0.2159,-0.2755,-0.3848,-5.3654,0.3745,-48.49,0.1605,0
XAUUSD-M15,S3_IBBreak,NY1400,dev,301,0.2625,-0.1979,-0.3333,-4.6806,0.5118,-59.5714,0.2216,0
XAUUSD-M15,S3_IBBreak,NY1800,dev,733,0.2456,-0.2939,-0.4032,-11.7161,0.3614,-215.4312,0.2837,0
XAUUSD-M15,S3_IBBreak,TYO0900,dev,731,0.2654,-0.1939,-0.2789,-7.7233,0.4939,-141.7481,0.2115,0
XAUUSD-M15,S3_IBBreak,LON0800,oos,168,0.3333,-0.1083,-0.199,-1.9626,0.6807,-18.1908,0.1623,0
XAUUSD-M15,S3_IBBreak,NY0800,oos,665,0.3368,-0.0854,-0.2611,-2.5619,0.7887,-56.8138,0.1195,0
XAUUSD-M15,S3_IBBreak,NY0930,oos,188,0.367,-0.0594,-0.1818,-1.0877,0.8155,-11.1625,0.1352,0
XAUUSD-M15,S3_IBBreak,NY1000,oos,104,0.3269,-0.0929,-0.2319,-1.2826,0.7272,-9.6572,0.1349,0
XAUUSD-M15,S3_IBBreak,NY1100,oos,79,0.2785,-0.2326,-0.301,-3.2316,0.4006,-18.3769,0.1609,0
XAUUSD-M15,S3_IBBreak,NY1300,oos,147,0.2449,-0.2168,-0.2945,-3.5977,0.4833,-31.8708,0.1618,0
XAUUSD-M15,S3_IBBreak,NY1400,oos,201,0.209,-0.2857,-0.3661,-6.3008,0.3369,-57.4338,0.2068,0
XAUUSD-M15,S3_IBBreak,NY1800,oos,568,0.213,-0.3244,-0.4066,-11.1189,0.3369,-184.24,0.2654,0
XAUUSD-M15,S3_IBBreak,TYO0900,oos,597,0.2898,-0.184,-0.2895,-6.0491,0.5465,-109.8612,0.2005,0
XAUUSD-M15,S4_OpenRetest,LON0800,dev,345,0.3797,-0.1907,-0.4814,-3.9366,0.6232,-65.7992,0.2357,0
XAUUSD-M15,S4_OpenRetest,NY0800,dev,407,0.4226,-0.0667,-0.3353,-1.3777,0.8597,-27.1545,0.1526,0
XAUUSD-M15,S4_OpenRetest,NY0930,dev,307,0.3485,-0.2615,-0.4537,-5.455,0.5005,-80.2684,0.1785,0
XAUUSD-M15,S4_OpenRetest,NY1000,dev,282,0.3369,-0.2575,-0.4798,-4.9916,0.5107,-72.6094,0.2002,1
XAUUSD-M15,S4_OpenRetest,NY1100,dev,332,0.3494,-0.2489,-0.5548,-5.3481,0.5223,-82.6454,0.2157,0
XAUUSD-M15,S4_OpenRetest,NY1300,dev,311,0.3441,-0.2457,-0.4716,-4.8426,0.5294,-76.4144,0.2401,0
XAUUSD-M15,S4_OpenRetest,NY1400,dev,298,0.302,-0.3219,-0.3864,-6.8624,0.3464,-95.9252,0.2497,1
XAUUSD-M15,S4_OpenRetest,NY1800,dev,403,0.3722,-0.23,-1.0,-5.0661,0.5779,-92.6887,0.2628,0
XAUUSD-M15,S4_OpenRetest,TYO0900,dev,346,0.3555,-0.2564,-0.4396,-6.0129,0.4828,-88.7223,0.2378,0
XAUUSD-M15,S4_OpenRetest,LON0800,oos,223,0.3318,-0.2824,-0.5697,-4.999,0.4769,-62.9717,0.197,0
XAUUSD-M15,S4_OpenRetest,NY0800,oos,309,0.3883,-0.1744,-0.509,-3.2686,0.6628,-53.8927,0.1373,0
XAUUSD-M15,S4_OpenRetest,NY0930,oos,223,0.3722,-0.189,-0.3612,-3.2011,0.6192,-42.1471,0.1664,0
XAUUSD-M15,S4_OpenRetest,NY1000,oos,176,0.4318,-0.1353,-0.4159,-1.9513,0.7227,-23.8148,0.177,0
XAUUSD-M15,S4_OpenRetest,NY1100,oos,230,0.3391,-0.2597,-0.7141,-4.4144,0.5298,-59.7323,0.2011,0
XAUUSD-M15,S4_OpenRetest,NY1300,oos,245,0.3878,-0.2022,-0.3896,-3.6935,0.5861,-49.5386,0.22,0
XAUUSD-M15,S4_OpenRetest,NY1400,oos,204,0.2745,-0.2086,-0.4018,-1.8713,0.5568,-42.5579,0.247,0
XAUUSD-M15,S4_OpenRetest,NY1800,oos,332,0.3614,-0.2728,-1.0,-5.5802,0.5211,-90.5699,0.2501,0
XAUUSD-M15,S4_OpenRetest,TYO0900,oos,300,0.38,-0.1861,-0.3452,-3.822,0.6061,-55.8242,0.1912,0
XAUUSD-M15,S5_LevelSweep,LON0800,dev,161,0.4161,-0.1228,-0.2135,-1.9999,0.6896,-19.7759,0.1909,0
XAUUSD-M15,S5_LevelSweep,NY0800,dev,257,0.4358,-0.0332,-0.1134,-0.5966,0.9163,-8.5322,0.1341,0
XAUUSD-M15,S5_LevelSweep,NY0930,dev,244,0.4016,-0.101,-0.194,-1.8968,0.7483,-24.6484,0.1316,0
XAUUSD-M15,S5_LevelSweep,NY1000,dev,212,0.4009,-0.0994,-0.1655,-1.8249,0.7365,-21.073,0.1362,0
XAUUSD-M15,S5_LevelSweep,NY1100,dev,138,0.4783,-0.0517,-0.0653,-0.7868,0.8506,-7.1351,0.1607,0
XAUUSD-M15,S5_LevelSweep,NY1300,dev,119,0.3361,-0.2156,-0.2745,-3.1302,0.5118,-25.6564,0.1737,0
XAUUSD-M15,S5_LevelSweep,NY1400,dev,112,0.3482,-0.1895,-0.2758,-2.7361,0.5424,-21.2191,0.1887,0
XAUUSD-M15,S5_LevelSweep,NY1800,dev,78,0.359,-0.1452,-0.2797,-1.5067,0.6759,-11.3235,0.2098,0
XAUUSD-M15,S5_LevelSweep,TYO0900,dev,135,0.4741,-0.0869,-0.0457,-1.2942,0.7663,-11.7336,0.1978,0
XAUUSD-M15,S5_LevelSweep,LON0800,oos,141,0.383,-0.0646,-0.16,-0.9561,0.8254,-9.1098,0.1662,0
XAUUSD-M15,S5_LevelSweep,NY0800,oos,199,0.402,-0.1299,-0.2567,-2.0918,0.7127,-25.8459,0.1154,0
XAUUSD-M15,S5_LevelSweep,NY0930,oos,194,0.3969,-0.1694,-0.337,-2.716,0.6401,-32.8624,0.1364,0
XAUUSD-M15,S5_LevelSweep,NY1000,oos,154,0.3831,-0.1635,-0.3258,-2.3444,0.6521,-25.1788,0.1416,0
XAUUSD-M15,S5_LevelSweep,NY1100,oos,120,0.4,-0.1145,-0.198,-1.5247,0.7252,-13.7358,0.1661,0
XAUUSD-M15,S5_LevelSweep,NY1300,oos,111,0.3063,-0.2939,-0.3184,-3.3746,0.4177,-32.6243,0.1847,1
XAUUSD-M15,S5_LevelSweep,NY1400,oos,88,0.3636,-0.2927,-0.3971,-4.0163,0.3715,-25.7573,0.1836,0
XAUUSD-M15,S5_LevelSweep,NY1800,oos,62,0.5,-0.0689,-0.0255,-0.6338,0.8266,-4.2739,0.1729,0
XAUUSD-M15,S5_LevelSweep,TYO0900,oos,122,0.5,-0.0251,0.0137,-0.3363,0.9318,-3.0675,0.1664,0
EURUSD-M15,S1_BoxReclaim,LON0800,dev,277,0.4729,-0.0899,-0.0381,-2.8338,0.6624,-24.8987,0.0419,0
EURUSD-M15,S1_BoxReclaim,NY0800,dev,142,0.4789,-0.0767,-0.0421,-1.4397,0.7581,-10.8892,0.0435,0
EURUSD-M15,S1_BoxReclaim,NY0930,dev,185,0.5027,-0.0371,0.0127,-0.9086,0.8524,-6.8591,0.0422,0
EURUSD-M15,S1_BoxReclaim,NY1000,dev,332,0.4367,-0.0888,-0.0637,-3.1218,0.6525,-29.4925,0.0434,0
EURUSD-M15,S1_BoxReclaim,NY1100,dev,348,0.5,-0.0267,0.0038,-0.9728,0.8814,-9.2991,0.0537,0
EURUSD-M15,S1_BoxReclaim,NY1300,dev,260,0.4577,-0.0831,-0.0467,-2.7078,0.657,-21.6044,0.0706,0
EURUSD-M15,S1_BoxReclaim,NY1400,dev,233,0.4979,-0.0388,0.0,-1.1867,0.8253,-9.0348,0.0822,0
EURUSD-M15,S1_BoxReclaim,NY1800,dev,251,0.4781,-0.088,-0.0513,-2.3436,0.7073,-22.0949,0.1004,0
EURUSD-M15,S1_BoxReclaim,TYO0900,dev,252,0.504,-0.053,0.0138,-1.4804,0.8003,-13.3514,0.079,0
EURUSD-M15,S1_BoxReclaim,LON0800,oos,254,0.4882,-0.0413,-0.009,-1.2073,0.8354,-10.4789,0.0517,0
EURUSD-M15,S1_BoxReclaim,NY0800,oos,104,0.4712,-0.0688,-0.0528,-1.1505,0.771,-7.1512,0.0526,0
EURUSD-M15,S1_BoxReclaim,NY0930,oos,135,0.437,-0.1433,-0.1206,-2.8239,0.5613,-19.3449,0.0478,0
EURUSD-M15,S1_BoxReclaim,NY1000,oos,199,0.4623,-0.0553,-0.058,-1.4857,0.7745,-11.0084,0.0469,0
EURUSD-M15,S1_BoxReclaim,NY1100,oos,298,0.4664,-0.0489,-0.0479,-1.6929,0.7868,-14.5855,0.0563,0
EURUSD-M15,S1_BoxReclaim,NY1300,oos,229,0.4541,-0.0813,-0.0421,-2.3244,0.6894,-18.6181,0.0836,0
EURUSD-M15,S1_BoxReclaim,NY1400,oos,202,0.4505,-0.0783,-0.0723,-2.1231,0.6978,-15.8233,0.097,0
EURUSD-M15,S1_BoxReclaim,NY1800,oos,271,0.4207,-0.1945,-0.1811,-5.3,0.4716,-52.7004,0.1323,0
EURUSD-M15,S1_BoxReclaim,TYO0900,oos,204,0.4363,-0.1342,-0.1279,-3.253,0.5859,-27.3784,0.0964,0
EURUSD-M15,S2_OpenExhaust,LON0800,dev,41,0.4634,-0.054,-0.1674,-0.4279,0.8504,-2.2159,0.0631,0
EURUSD-M15,S2_OpenExhaust,NY0800,dev,28,0.4643,-0.0305,-0.198,-0.1704,0.9255,-0.8545,0.0558,0
EURUSD-M15,S2_OpenExhaust,NY0930,dev,30,0.2333,-0.4073,-0.6946,-3.0163,0.2862,-12.2183,0.0581,0
EURUSD-M15,S2_OpenExhaust,NY1000,dev,33,0.3939,-0.1611,-0.2407,-1.1764,0.624,-5.3165,0.0689,0
EURUSD-M15,S2_OpenExhaust,NY1100,dev,39,0.5385,0.0383,0.0748,0.2748,1.1078,1.4948,0.0904,0
EURUSD-M15,S2_OpenExhaust,NY1300,dev,49,0.449,-0.0318,-0.0344,-0.2551,0.9188,-1.5558,0.1008,0
EURUSD-M15,S2_OpenExhaust,NY1400,dev,33,0.4545,-0.0656,-0.2259,-0.4329,0.8343,-2.1653,0.1259,0
EURUSD-M15,S2_OpenExhaust,NY1800,dev,20,0.45,-0.0463,-0.295,-0.2241,0.8964,-0.9257,0.1159,0
EURUSD-M15,S2_OpenExhaust,TYO0900,dev,28,0.3929,-0.0808,-0.1253,-0.4503,0.8203,-2.2625,0.1221,0
EURUSD-M15,S2_OpenExhaust,LON0800,oos,24,0.4583,0.0231,-0.2098,0.1276,1.0649,0.5538,0.0838,0
EURUSD-M15,S2_OpenExhaust,NY0800,oos,27,0.3704,-0.1738,-1.0,-0.8869,0.6974,-4.692,0.0744,0
EURUSD-M15,S2_OpenExhaust,NY0930,oos,44,0.4091,-0.2006,-0.4696,-1.5517,0.5999,-8.8267,0.0644,0
EURUSD-M15,S2_OpenExhaust,NY1000,oos,26,0.3077,-0.2931,-0.5454,-1.8002,0.4445,-7.6217,0.0849,0
EURUSD-M15,S2_OpenExhaust,NY1100,oos,34,0.3529,-0.3556,-0.7053,-2.9085,0.3318,-12.0905,0.1051,0
EURUSD-M15,S2_OpenExhaust,NY1300,oos,28,0.3214,-0.3344,-0.6062,-2.4496,0.3511,-9.3638,0.1097,0
EURUSD-M15,S2_OpenExhaust,NY1400,oos,20,0.4,-0.0724,-0.0827,-0.3596,0.8315,-1.4484,0.1542,0
EURUSD-M15,S2_OpenExhaust,NY1800,oos,14,0.6429,0.3051,0.2702,1.113,2.0344,4.2718,0.1402,0
EURUSD-M15,S2_OpenExhaust,TYO0900,oos,25,0.48,0.0061,-0.1653,0.0287,1.0133,0.1532,0.1346,0
EURUSD-M15,S3_IBBreak,LON0800,dev,238,0.3319,-0.0976,-0.1763,-1.9416,0.7276,-23.2272,0.0791,0
EURUSD-M15,S3_IBBreak,NY0800,dev,622,0.3601,-0.0535,-0.2308,-1.5525,0.8612,-33.3025,0.0641,0
EURUSD-M15,S3_IBBreak,NY0930,dev,276,0.3152,-0.1295,-0.2741,-2.6963,0.6777,-35.7389,0.0643,0
EURUSD-M15,S3_IBBreak,NY1000,dev,148,0.3378,-0.0768,-0.1798,-1.1485,0.7925,-11.3618,0.0654,0
EURUSD-M15,S3_IBBreak,NY1100,dev,121,0.2479,-0.2541,-0.3429,-4.0538,0.3963,-30.7412,0.0868,0
EURUSD-M15,S3_IBBreak,NY1300,dev,306,0.3137,-0.1359,-0.196,-3.2539,0.6247,-41.5881,0.1144,0
EURUSD-M15,S3_IBBreak,NY1400,dev,270,0.2037,-0.3226,-0.4219,-7.484,0.3349,-87.0949,0.144,0
EURUSD-M15,S3_IBBreak,NY1800,dev,523,0.2581,-0.2464,-0.4211,-7.0229,0.487,-128.8872,0.1705,0
EURUSD-M15,S3_IBBreak,TYO0900,dev,428,0.3178,-0.1397,-0.2552,-3.7417,0.648,-59.8127,0.133,0
EURUSD-M15,S3_IBBreak,LON0800,oos,147,0.2993,-0.1494,-0.209,-3.023,0.517,-21.9627,0.0683,0
EURUSD-M15,S3_IBBreak,NY0800,oos,593,0.339,-0.061,-0.2586,-1.6413,0.853,-36.185,0.0801,0
EURUSD-M15,S3_IBBreak,NY0930,oos,333,0.3694,-0.0722,-0.164,-1.6335,0.8012,-24.0489,0.0772,0
EURUSD-M15,S3_IBBreak,NY1000,oos,259,0.3398,-0.1154,-0.1972,-2.4998,0.6777,-29.897,0.0728,0
EURUSD-M15,S3_IBBreak,NY1100,oos,49,0.3469,-0.0687,-0.2194,-0.7096,0.7637,-3.3686,0.0843,0
EURUSD-M15,S3_IBBreak,NY1300,oos,218,0.2706,-0.2166,-0.2815,-4.3199,0.4835,-47.2135,0.1074,0
EURUSD-M15,S3_IBBreak,NY1400,oos,297,0.2862,-0.2064,-0.3084,-4.8539,0.5074,-61.2954,0.1603,0
EURUSD-M15,S3_IBBreak,NY1800,oos,362,0.2901,-0.1649,-0.316,-3.8527,0.6192,-59.6945,0.191,0
EURUSD-M15,S3_IBBreak,TYO0900,oos,427,0.2506,-0.2383,-0.3394,-7.0927,0.436,-101.772,0.1477,0
EURUSD-M15,S4_OpenRetest,LON0800,dev,321,0.352,-0.2447,-1.0,-4.7983,0.5551,-78.5588,0.0917,0
EURUSD-M15,S4_OpenRetest,NY0800,dev,341,0.4252,-0.0422,-0.3228,-0.7714,0.9132,-14.3813,0.0816,0
EURUSD-M15,S4_OpenRetest,NY0930,dev,338,0.4083,-0.099,-0.3154,-1.9388,0.7913,-33.4536,0.0906,0
EURUSD-M15,S4_OpenRetest,NY1000,dev,304,0.3947,-0.1535,-0.4447,-2.8574,0.6961,-46.6581,0.1115,0
EURUSD-M15,S4_OpenRetest,NY1100,dev,281,0.3203,-0.277,-0.5926,-4.8048,0.5144,-77.834,0.116,1
EURUSD-M15,S4_OpenRetest,NY1300,dev,311,0.3537,-0.2353,-0.5195,-4.4242,0.5534,-73.1923,0.1473,0
EURUSD-M15,S4_OpenRetest,NY1400,dev,284,0.2676,-0.3907,-0.461,-7.4881,0.3166,-110.9463,0.1707,3
EURUSD-M15,S4_OpenRetest,NY1800,dev,405,0.3556,-0.2245,-1.0,-4.6825,0.6105,-90.9305,0.1645,0
EURUSD-M15,S4_OpenRetest,TYO0900,dev,301,0.3721,-0.1806,-0.456,-3.4566,0.6436,-54.3577,0.1541,0
EURUSD-M15,S4_OpenRetest,LON0800,oos,231,0.4199,-0.1064,-0.4512,-1.6521,0.789,-24.5844,0.109,0
EURUSD-M15,S4_OpenRetest,NY0800,oos,275,0.3818,-0.1381,-1.0,-2.2055,0.7527,-37.9857,0.0922,0
EURUSD-M15,S4_OpenRetest,NY0930,oos,269,0.3792,-0.1796,-0.4021,-3.2335,0.6421,-48.3077,0.0916,0
EURUSD-M15,S4_OpenRetest,NY1000,oos,231,0.4675,-0.0249,-0.0869,-0.411,0.9405,-5.7452,0.0997,0
EURUSD-M15,S4_OpenRetest,NY1100,oos,219,0.3927,-0.1758,-0.5976,-2.7559,0.6663,-38.491,0.1311,0
EURUSD-M15,S4_OpenRetest,NY1300,oos,253,0.3913,-0.1561,-0.3888,-2.7523,0.6795,-39.4899,0.1594,0
EURUSD-M15,S4_OpenRetest,NY1400,oos,258,0.3605,-0.1789,-0.2749,-3.1561,0.5987,-46.1656,0.1778,1
EURUSD-M15,S4_OpenRetest,NY1800,oos,360,0.4167,-0.1515,-0.6372,-3.0564,0.71,-54.5422,0.183,0
EURUSD-M15,S4_OpenRetest,TYO0900,oos,239,0.3556,-0.2206,-0.3736,-3.918,0.5643,-52.7305,0.1708,0
EURUSD-M15,S5_LevelSweep,LON0800,dev,239,0.4351,-0.0897,-0.2126,-1.6085,0.7867,-21.4357,0.0737,0
EURUSD-M15,S5_LevelSweep,NY0800,dev,215,0.4,-0.1044,-0.3129,-1.6248,0.7789,-22.4473,0.0655,0
EURUSD-M15,S5_LevelSweep,NY0930,dev,203,0.4236,-0.0939,-0.196,-1.5912,0.7711,-19.0533,0.0647,0
EURUSD-M15,S5_LevelSweep,NY1000,dev,194,0.4381,-0.0731,-0.0744,-1.2166,0.8133,-14.1911,0.0742,0
EURUSD-M15,S5_LevelSweep,NY1100,dev,153,0.3595,-0.2286,-0.3199,-3.7791,0.4875,-34.9715,0.0874,0
EURUSD-M15,S5_LevelSweep,NY1300,dev,101,0.3564,-0.1908,-0.3897,-2.1602,0.6203,-19.2662,0.0958,0
EURUSD-M15,S5_LevelSweep,NY1400,dev,82,0.4024,-0.1617,-0.3816,-1.7309,0.6515,-13.2578,0.1063,0
EURUSD-M15,S5_LevelSweep,NY1800,dev,93,0.5269,0.0229,0.055,0.2536,1.063,2.1324,0.1143,0
EURUSD-M15,S5_LevelSweep,TYO0900,dev,119,0.4538,-0.0951,-0.1761,-1.2116,0.7756,-11.3177,0.1223,0
EURUSD-M15,S5_LevelSweep,LON0800,oos,215,0.4651,-0.0284,-0.1959,-0.4555,0.9322,-6.1044,0.093,0
EURUSD-M15,S5_LevelSweep,NY0800,oos,199,0.3769,-0.169,-0.421,-2.5892,0.6611,-33.6308,0.086,0
EURUSD-M15,S5_LevelSweep,NY0930,oos,213,0.4507,-0.0081,-0.2246,-0.1216,0.9816,-1.7194,0.0845,0
EURUSD-M15,S5_LevelSweep,NY1000,oos,189,0.4497,-0.0341,-0.2246,-0.4982,0.9221,-6.4412,0.0857,0
EURUSD-M15,S5_LevelSweep,NY1100,oos,145,0.4759,-0.0606,-0.1067,-0.8449,0.8511,-8.7853,0.0987,0
EURUSD-M15,S5_LevelSweep,NY1300,oos,95,0.4105,-0.1498,-0.3692,-1.7074,0.673,-14.2288,0.1188,0
EURUSD-M15,S5_LevelSweep,NY1400,oos,88,0.3295,-0.2233,-0.4714,-2.4929,0.5502,-19.6484,0.1295,0
EURUSD-M15,S5_LevelSweep,NY1800,oos,71,0.4366,-0.1099,-0.1034,-1.1469,0.7257,-7.8003,0.1427,0
EURUSD-M15,S5_LevelSweep,TYO0900,oos,121,0.4876,-0.0414,-0.1034,-0.5149,0.8995,-5.0152,0.1269,0
GBPUSD-M15,S1_BoxReclaim,LON0800,dev,215,0.493,-0.0907,-0.0252,-2.1746,0.7051,-19.4928,0.0497,0
GBPUSD-M15,S1_BoxReclaim,NY0800,dev,135,0.5333,0.022,0.1213,0.4306,1.0917,2.9732,0.0534,0
GBPUSD-M15,S1_BoxReclaim,NY0930,dev,187,0.492,-0.0377,-0.0136,-0.9542,0.8452,-7.0488,0.0504,0
GBPUSD-M15,S1_BoxReclaim,NY1000,dev,273,0.4359,-0.0959,-0.0535,-3.0175,0.6402,-26.1816,0.0525,0
GBPUSD-M15,S1_BoxReclaim,NY1100,dev,342,0.462,-0.0899,-0.0432,-3.1486,0.6587,-30.7482,0.0641,0
GBPUSD-M15,S1_BoxReclaim,NY1300,dev,240,0.4458,-0.1444,-0.113,-4.1929,0.5164,-34.6532,0.0837,0
GBPUSD-M15,S1_BoxReclaim,NY1400,dev,229,0.4541,-0.0687,-0.0556,-2.0976,0.6991,-15.7326,0.0989,0
GBPUSD-M15,S1_BoxReclaim,NY1800,dev,208,0.4519,-0.1423,-0.0844,-3.3472,0.5827,-29.5996,0.1278,0
GBPUSD-M15,S1_BoxReclaim,TYO0900,dev,231,0.4156,-0.1758,-0.1207,-4.7734,0.4701,-40.601,0.1053,0
GBPUSD-M15,S1_BoxReclaim,LON0800,oos,246,0.435,-0.062,-0.0674,-1.6841,0.7774,-15.255,0.0501,0
GBPUSD-M15,S1_BoxReclaim,NY0800,oos,100,0.56,0.0131,0.1738,0.2094,1.0496,1.3136,0.0522,0
GBPUSD-M15,S1_BoxReclaim,NY0930,oos,135,0.4963,-0.023,-0.0673,-0.5246,0.8992,-3.1098,0.048,0
GBPUSD-M15,S1_BoxReclaim,NY1000,oos,200,0.435,-0.0981,-0.0629,-2.791,0.6121,-19.6292,0.0466,0
GBPUSD-M15,S1_BoxReclaim,NY1100,oos,299,0.4281,-0.0873,-0.092,-3.0545,0.6501,-26.1159,0.0587,0
GBPUSD-M15,S1_BoxReclaim,NY1300,oos,210,0.4571,-0.0744,-0.0371,-2.026,0.7102,-15.6319,0.0904,0
GBPUSD-M15,S1_BoxReclaim,NY1400,oos,199,0.4573,-0.1018,-0.0702,-2.7729,0.6162,-20.2667,0.0986,0
GBPUSD-M15,S1_BoxReclaim,NY1800,oos,240,0.4167,-0.1453,-0.129,-3.9728,0.5435,-34.874,0.1351,0
GBPUSD-M15,S1_BoxReclaim,TYO0900,oos,207,0.5024,-0.0331,0.0096,-0.8824,0.8632,-6.8592,0.1017,0
GBPUSD-M15,S2_OpenExhaust,LON0800,dev,37,0.4595,-0.1058,-0.1236,-0.8184,0.7203,-3.9144,0.0784,0
GBPUSD-M15,S2_OpenExhaust,NY0800,dev,37,0.3514,-0.3125,-1.0,-2.2499,0.4565,-11.5635,0.0638,0
GBPUSD-M15,S2_OpenExhaust,NY0930,dev,37,0.3784,-0.1715,-0.2327,-1.2276,0.6272,-6.3439,0.0771,0
GBPUSD-M15,S2_OpenExhaust,NY1000,dev,39,0.5128,0.0323,0.1846,0.2182,1.0822,1.2585,0.0811,0
GBPUSD-M15,S2_OpenExhaust,NY1100,dev,29,0.2759,-0.5559,-1.0,-4.101,0.2034,-16.1203,0.1055,0
GBPUSD-M15,S2_OpenExhaust,NY1300,dev,33,0.4848,-0.045,-0.1201,-0.3116,0.8831,-1.484,0.1336,0
GBPUSD-M15,S2_OpenExhaust,NY1400,dev,26,0.3077,-0.3693,-0.7697,-2.004,0.4006,-9.6031,0.1662,0
GBPUSD-M15,S2_OpenExhaust,NY1800,dev,18,0.4444,-0.0388,-0.0416,-0.1766,0.9059,-0.6976,0.1594,0
GBPUSD-M15,S2_OpenExhaust,TYO0900,dev,21,0.5238,-0.1611,0.0377,-1.0594,0.5738,-3.3822,0.1531,0
GBPUSD-M15,S2_OpenExhaust,LON0800,oos,34,0.5882,0.1621,0.2343,1.1028,1.57,5.5126,0.0785,0
GBPUSD-M15,S2_OpenExhaust,NY0800,oos,34,0.3529,-0.2419,-1.0,-1.4602,0.5767,-8.2249,0.0784,0
GBPUSD-M15,S2_OpenExhaust,NY0930,oos,39,0.4615,-0.1651,-0.1953,-1.456,0.5757,-6.437,0.0735,0
GBPUSD-M15,S2_OpenExhaust,NY1000,oos,24,0.3333,-0.2893,-0.4702,-1.7599,0.4225,-6.9425,0.0795,0
GBPUSD-M15,S2_OpenExhaust,NY1100,oos,28,0.3929,-0.1802,-0.2181,-1.1825,0.5993,-5.0467,0.0998,0
GBPUSD-M15,S2_OpenExhaust,NY1300,oos,22,0.3636,-0.0662,-0.2663,-0.3731,0.831,-1.4556,0.1321,0
GBPUSD-M15,S2_OpenExhaust,NY1400,oos,23,0.4348,-0.262,-0.2827,-1.6943,0.4577,-6.0266,0.1583,0
GBPUSD-M15,S2_OpenExhaust,NY1800,oos,17,0.1765,-0.598,-1.0,-3.1071,0.2309,-10.1667,0.1911,0
GBPUSD-M15,S2_OpenExhaust,TYO0900,oos,21,0.4762,-0.2115,-0.7625,-1.1263,0.5874,-4.4411,0.1553,0
GBPUSD-M15,S3_IBBreak,LON0800,dev,346,0.3902,-0.0111,-0.1424,-0.2645,0.9642,-3.846,0.0725,0
GBPUSD-M15,S3_IBBreak,NY0800,dev,549,0.377,-0.0482,-0.2316,-1.2793,0.8784,-26.4373,0.0855,0
GBPUSD-M15,S3_IBBreak,NY0930,dev,273,0.3919,-0.0692,-0.1669,-1.4246,0.8103,-18.8837,0.0788,0
GBPUSD-M15,S3_IBBreak,NY1000,dev,166,0.4217,-0.0123,-0.1572,-0.1988,0.9623,-2.035,0.0809,0
GBPUSD-M15,S3_IBBreak,NY1100,dev,113,0.2832,-0.1844,-0.2944,-2.4983,0.5693,-20.8337,0.1184,0
GBPUSD-M15,S3_IBBreak,NY1300,dev,282,0.2482,-0.2573,-0.327,-6.0941,0.4133,-72.5606,0.1451,0
GBPUSD-M15,S3_IBBreak,NY1400,dev,318,0.2925,-0.2326,-0.3297,-5.9117,0.4546,-73.9554,0.173,0
GBPUSD-M15,S3_IBBreak,NY1800,dev,525,0.2438,-0.3164,-0.4211,-9.9229,0.3637,-166.1361,0.193,0
GBPUSD-M15,S3_IBBreak,TYO0900,dev,404,0.2946,-0.2022,-0.3111,-5.4014,0.5223,-81.6802,0.1723,0
GBPUSD-M15,S3_IBBreak,LON0800,oos,161,0.3665,0.0116,-0.1514,0.1933,1.0404,1.8742,0.0716,0
GBPUSD-M15,S3_IBBreak,NY0800,oos,559,0.3792,-0.029,-0.1761,-0.7511,0.9279,-16.234,0.0874,0
GBPUSD-M15,S3_IBBreak,NY0930,oos,342,0.3713,-0.0494,-0.2201,-1.1048,0.8639,-16.8923,0.0777,0
GBPUSD-M15,S3_IBBreak,NY1000,oos,260,0.35,-0.1025,-0.248,-2.1106,0.726,-26.6619,0.0738,0
GBPUSD-M15,S3_IBBreak,NY1100,oos,64,0.2656,-0.1285,-0.1905,-1.4842,0.6197,-8.2212,0.0779,0
GBPUSD-M15,S3_IBBreak,NY1300,oos,246,0.2927,-0.2082,-0.2901,-4.5768,0.4872,-51.2218,0.1295,0
GBPUSD-M15,S3_IBBreak,NY1400,oos,284,0.3099,-0.196,-0.2611,-4.5932,0.5077,-55.6579,0.1616,0
GBPUSD-M15,S3_IBBreak,NY1800,oos,372,0.2204,-0.2662,-0.3225,-7.0093,0.4183,-99.0443,0.1969,0
GBPUSD-M15,S3_IBBreak,TYO0900,oos,394,0.2589,-0.2245,-0.3503,-5.9731,0.488,-88.458,0.1772,0
GBPUSD-M15,S4_OpenRetest,LON0800,dev,345,0.4058,-0.1262,-0.3841,-2.4133,0.746,-43.551,0.0959,0
GBPUSD-M15,S4_OpenRetest,NY0800,dev,353,0.3824,-0.1253,-1.0,-2.3066,0.7681,-44.2433,0.0983,0
GBPUSD-M15,S4_OpenRetest,NY0930,dev,339,0.3953,-0.136,-0.4416,-2.6789,0.7229,-46.0904,0.1092,0
GBPUSD-M15,S4_OpenRetest,NY1000,dev,267,0.4345,-0.1039,-0.2941,-1.8414,0.776,-27.7341,0.1161,0
GBPUSD-M15,S4_OpenRetest,NY1100,dev,272,0.4081,-0.1338,-0.3695,-2.4271,0.721,-36.393,0.1297,0
GBPUSD-M15,S4_OpenRetest,NY1300,dev,303,0.3927,-0.1775,-0.3898,-3.4373,0.6396,-53.7698,0.1726,0
GBPUSD-M15,S4_OpenRetest,NY1400,dev,314,0.3248,-0.2386,-0.3399,-5.5672,0.4774,-74.9299,0.1912,0
GBPUSD-M15,S4_OpenRetest,NY1800,dev,407,0.3636,-0.2324,-0.7951,-5.1936,0.5711,-94.5911,0.1846,0
GBPUSD-M15,S4_OpenRetest,TYO0900,dev,313,0.3738,-0.1749,-0.3892,-3.4929,0.6444,-54.7335,0.1914,0
GBPUSD-M15,S4_OpenRetest,LON0800,oos,242,0.4421,-0.1008,-0.2518,-1.6806,0.7857,-24.3956,0.0944,0
GBPUSD-M15,S4_OpenRetest,NY0800,oos,292,0.3938,-0.1503,-1.0,-2.495,0.7311,-43.8965,0.093,0
GBPUSD-M15,S4_OpenRetest,NY0930,oos,284,0.3521,-0.2357,-0.4061,-4.7555,0.5265,-66.9502,0.0949,0
GBPUSD-M15,S4_OpenRetest,NY1000,oos,233,0.412,-0.1038,-0.2825,-1.6933,0.7801,-24.1944,0.1144,0
GBPUSD-M15,S4_OpenRetest,NY1100,oos,217,0.424,-0.1045,-0.265,-1.67,0.7755,-22.6759,0.1327,0
GBPUSD-M15,S4_OpenRetest,NY1300,oos,249,0.3454,-0.2027,-0.3676,-3.6413,0.5937,-50.4674,0.164,0
GBPUSD-M15,S4_OpenRetest,NY1400,oos,236,0.3475,-0.2965,-0.4653,-5.7076,0.4244,-69.9735,0.1992,0
GBPUSD-M15,S4_OpenRetest,NY1800,oos,301,0.4219,-0.1163,-0.3721,-2.1742,0.7642,-35.0083,0.1913,0
GBPUSD-M15,S4_OpenRetest,TYO0900,oos,275,0.3818,-0.2074,-0.7021,-3.7708,0.611,-57.031,0.1905,0
GBPUSD-M15,S5_LevelSweep,LON0800,dev,236,0.4576,0.0095,-0.1077,0.1611,1.0248,2.2496,0.0812,0
GBPUSD-M15,S5_LevelSweep,NY0800,dev,206,0.3981,-0.1488,-0.3306,-2.3802,0.6882,-30.651,0.0893,0
GBPUSD-M15,S5_LevelSweep,NY0930,dev,198,0.4343,-0.0544,-0.1868,-0.8641,0.8685,-10.7614,0.0905,0
GBPUSD-M15,S5_LevelSweep,NY1000,dev,185,0.4432,-0.0343,-0.1321,-0.5526,0.9088,-6.3426,0.0951,0
GBPUSD-M15,S5_LevelSweep,NY1100,dev,151,0.404,-0.1644,-0.2038,-2.4917,0.6177,-24.8211,0.1167,0
GBPUSD-M15,S5_LevelSweep,NY1300,dev,108,0.3704,-0.2632,-0.2862,-3.6797,0.4413,-28.4209,0.1252,0
GBPUSD-M15,S5_LevelSweep,NY1400,dev,85,0.3647,-0.2425,-0.4803,-2.8079,0.5061,-20.61,0.1456,0
GBPUSD-M15,S5_LevelSweep,NY1800,dev,83,0.3855,-0.1522,-0.1505,-1.584,0.673,-12.6365,0.1497,0
GBPUSD-M15,S5_LevelSweep,TYO0900,dev,95,0.3579,-0.1791,-0.2216,-2.2586,0.5785,-17.0167,0.1428,0
GBPUSD-M15,S5_LevelSweep,LON0800,oos,217,0.4194,-0.0822,-0.2535,-1.3683,0.81,-17.8349,0.0879,0
GBPUSD-M15,S5_LevelSweep,NY0800,oos,185,0.3838,-0.1391,-0.4392,-2.0014,0.7196,-25.728,0.0853,0
GBPUSD-M15,S5_LevelSweep,NY0930,oos,194,0.4485,-0.0893,-0.2766,-1.3547,0.8046,-17.3325,0.0863,0
GBPUSD-M15,S5_LevelSweep,NY1000,oos,179,0.4525,-0.0801,-0.1973,-1.1842,0.8179,-14.3371,0.0871,0
GBPUSD-M15,S5_LevelSweep,NY1100,oos,141,0.3901,-0.1109,-0.2766,-1.5515,0.7429,-15.6328,0.1078,0
GBPUSD-M15,S5_LevelSweep,NY1300,oos,100,0.37,-0.1193,-0.2779,-1.3361,0.7374,-11.9286,0.1433,0
GBPUSD-M15,S5_LevelSweep,NY1400,oos,92,0.3696,-0.1523,-0.1805,-1.7051,0.6609,-14.0116,0.1494,0
GBPUSD-M15,S5_LevelSweep,NY1800,oos,53,0.3019,-0.3018,-0.3138,-2.9362,0.3772,-15.9945,0.1929,0
GBPUSD-M15,S5_LevelSweep,TYO0900,oos,91,0.4286,-0.1688,-0.1642,-1.9873,0.6081,-15.358,0.1556,0
USDJPY-M15,S1_BoxReclaim,LON0800,dev,276,0.4239,-0.1262,-0.0936,-3.9442,0.5576,-34.8385,0.0625,0
USDJPY-M15,S1_BoxReclaim,NY0800,dev,111,0.4775,-0.0525,-0.0653,-0.9736,0.8008,-5.8299,0.0643,0
USDJPY-M15,S1_BoxReclaim,NY0930,dev,228,0.4561,-0.0762,-0.0463,-2.235,0.6964,-17.3692,0.053,0
USDJPY-M15,S1_BoxReclaim,NY1000,dev,334,0.4461,-0.041,-0.0547,-1.5045,0.8194,-13.6984,0.0592,0
USDJPY-M15,S1_BoxReclaim,NY1100,dev,342,0.462,-0.0683,-0.0536,-2.2283,0.7431,-23.3683,0.074,0
USDJPY-M15,S1_BoxReclaim,NY1300,dev,217,0.4516,-0.1094,-0.1017,-3.08,0.6055,-23.7296,0.0805,0
USDJPY-M15,S1_BoxReclaim,NY1400,dev,200,0.42,-0.1011,-0.0899,-2.0313,0.6565,-20.2211,0.0951,0
USDJPY-M15,S1_BoxReclaim,NY1800,dev,187,0.508,-0.0657,0.0333,-1.3917,0.7894,-12.2832,0.0954,0
USDJPY-M15,S1_BoxReclaim,TYO0900,dev,295,0.4508,-0.1083,-0.0652,-3.529,0.5978,-31.9631,0.0605,0
USDJPY-M15,S1_BoxReclaim,LON0800,oos,266,0.4286,-0.1153,-0.0633,-3.4116,0.6003,-30.6578,0.0877,0
USDJPY-M15,S1_BoxReclaim,NY0800,oos,53,0.4906,-0.1682,-0.0528,-1.7386,0.5876,-8.912,0.0899,0
USDJPY-M15,S1_BoxReclaim,NY0930,oos,188,0.4521,-0.1065,-0.059,-2.7053,0.6205,-20.0218,0.0709,0
USDJPY-M15,S1_BoxReclaim,NY1000,oos,205,0.439,-0.0959,-0.066,-2.7687,0.6142,-19.6515,0.0678,0
USDJPY-M15,S1_BoxReclaim,NY1100,oos,315,0.4476,-0.0872,-0.0802,-3.0274,0.6614,-27.47,0.0866,0
USDJPY-M15,S1_BoxReclaim,NY1300,oos,209,0.3876,-0.1418,-0.1448,-3.858,0.5233,-29.6278,0.1221,0
USDJPY-M15,S1_BoxReclaim,NY1400,oos,185,0.4108,-0.1147,-0.1045,-2.7334,0.601,-21.2191,0.1274,0
USDJPY-M15,S1_BoxReclaim,NY1800,oos,192,0.4531,-0.1414,-0.0681,-3.0912,0.5971,-27.1519,0.1391,0
USDJPY-M15,S1_BoxReclaim,TYO0900,oos,243,0.3909,-0.1176,-0.1146,-3.5006,0.578,-28.5842,0.0764,0
USDJPY-M15,S2_OpenExhaust,LON0800,dev,33,0.1818,-0.4285,-0.4714,-3.9173,0.1986,-14.1405,0.1024,0
USDJPY-M15,S2_OpenExhaust,NY0800,dev,31,0.5484,0.1448,0.1962,0.8918,1.4469,4.4892,0.0735,0
USDJPY-M15,S2_OpenExhaust,NY0930,dev,26,0.3077,-0.2844,-0.4837,-1.826,0.4448,-7.3942,0.0746,0
USDJPY-M15,S2_OpenExhaust,NY1000,dev,32,0.4062,-0.1713,-0.3569,-1.2098,0.6095,-5.4819,0.091,0
USDJPY-M15,S2_OpenExhaust,NY1100,dev,26,0.4231,-0.2181,-0.6339,-1.3085,0.5778,-5.6716,0.1168,0
USDJPY-M15,S2_OpenExhaust,NY1300,dev,41,0.4146,-0.1606,-0.3308,-1.1535,0.6658,-6.5837,0.1266,0
USDJPY-M15,S2_OpenExhaust,NY1400,dev,25,0.52,0.4594,0.1151,0.9141,2.4765,11.4843,0.1323,0
USDJPY-M15,S2_OpenExhaust,NY1800,dev,26,0.3846,-0.2671,-1.0,-1.4318,0.5403,-6.9437,0.1109,0
USDJPY-M15,S2_OpenExhaust,TYO0900,dev,34,0.4412,-0.1198,-0.0779,-1.0094,0.6493,-4.0739,0.0999,0
USDJPY-M15,S2_OpenExhaust,LON0800,oos,37,0.4595,-0.0748,-0.1592,-0.561,0.8063,-2.7679,0.1307,0
USDJPY-M15,S2_OpenExhaust,NY0800,oos,34,0.3235,-0.2903,-1.0,-1.8592,0.4958,-9.8689,0.1048,0
USDJPY-M15,S2_OpenExhaust,NY0930,oos,38,0.3684,-0.1987,-0.492,-1.4255,0.5961,-7.5517,0.1139,0
USDJPY-M15,S2_OpenExhaust,NY1000,oos,25,0.32,-0.3277,-0.8108,-1.9604,0.4301,-8.1915,0.124,0
USDJPY-M15,S2_OpenExhaust,NY1100,oos,40,0.475,-0.1826,-0.2988,-1.4717,0.5956,-7.3022,0.1423,0
USDJPY-M15,S2_OpenExhaust,NY1300,oos,32,0.5938,0.224,0.3676,1.3737,1.741,7.169,0.1645,0
USDJPY-M15,S2_OpenExhaust,NY1400,oos,19,0.3684,-0.2689,-0.2235,-1.8986,0.3506,-5.1099,0.2062,0
USDJPY-M15,S2_OpenExhaust,NY1800,oos,24,0.3333,-0.1667,-0.6984,-0.789,0.6926,-4.0,0.1704,0
USDJPY-M15,S2_OpenExhaust,TYO0900,oos,42,0.4048,-0.2371,-0.4669,-1.8653,0.5334,-9.9572,0.1275,0
USDJPY-M15,S3_IBBreak,LON0800,dev,201,0.3582,-0.0487,-0.2629,-0.8553,0.8619,-9.7871,0.1201,0
USDJPY-M15,S3_IBBreak,NY0800,dev,787,0.3532,-0.0766,-0.2771,-2.4758,0.8107,-60.2529,0.0933,0
USDJPY-M15,S3_IBBreak,NY0930,dev,203,0.3202,-0.0794,-0.2183,-1.4721,0.7713,-16.1242,0.0827,0
USDJPY-M15,S3_IBBreak,NY1000,dev,105,0.2952,-0.1425,-0.2722,-1.933,0.6261,-14.9587,0.0911,0
USDJPY-M15,S3_IBBreak,NY1100,dev,120,0.4083,-0.0475,-0.187,-0.4684,0.8774,-5.6998,0.1163,1
USDJPY-M15,S3_IBBreak,NY1300,dev,315,0.3143,-0.1343,-0.2759,-2.8562,0.6753,-42.3112,0.139,0
USDJPY-M15,S3_IBBreak,NY1400,dev,319,0.2571,-0.2793,-0.396,-5.9527,0.4104,-89.085,0.161,2
USDJPY-M15,S3_IBBreak,NY1800,dev,696,0.3075,-0.1377,-0.3791,-4.0103,0.7077,-95.8139,0.1419,0
USDJPY-M15,S3_IBBreak,TYO0900,dev,303,0.3762,0.028,-0.1593,0.6211,1.0958,8.4749,0.0989,0
USDJPY-M15,S3_IBBreak,LON0800,oos,130,0.3385,-0.0777,-0.1556,-1.1858,0.7636,-10.096,0.1254,0
USDJPY-M15,S3_IBBreak,NY0800,oos,668,0.3353,-0.0822,-0.2662,-2.516,0.7927,-54.8932,0.1224,0
USDJPY-M15,S3_IBBreak,NY0930,oos,250,0.328,-0.1388,-0.2189,-3.0387,0.621,-34.705,0.1044,0
USDJPY-M15,S3_IBBreak,NY1000,oos,229,0.3275,-0.2123,-0.2574,-4.6894,0.4681,-48.6268,0.117,0
USDJPY-M15,S3_IBBreak,NY1100,oos,71,0.2113,-0.248,-0.2963,-3.138,0.3895,-17.6055,0.1172,0
USDJPY-M15,S3_IBBreak,NY1300,oos,267,0.2697,-0.2126,-0.3385,-4.6805,0.5001,-56.7742,0.1636,0
USDJPY-M15,S3_IBBreak,NY1400,oos,326,0.2577,-0.2387,-0.382,-5.8729,0.4639,-77.8233,0.2012,0
USDJPY-M15,S3_IBBreak,NY1800,oos,437,0.3181,-0.153,-0.3114,-3.8117,0.6535,-66.8688,0.1818,0
USDJPY-M15,S3_IBBreak,TYO0900,oos,365,0.3041,-0.1344,-0.2379,-3.5555,0.6269,-49.0694,0.1276,0
USDJPY-M15,S4_OpenRetest,LON0800,dev,327,0.422,-0.1001,-0.281,-1.9305,0.7892,-32.7297,0.1377,0
USDJPY-M15,S4_OpenRetest,NY0800,dev,364,0.3736,-0.1584,-0.6642,-3.075,0.7052,-57.6621,0.1039,0
USDJPY-M15,S4_OpenRetest,NY0930,dev,323,0.3932,-0.1235,-0.3429,-2.3562,0.7447,-39.8986,0.1258,0
USDJPY-M15,S4_OpenRetest,NY1000,dev,281,0.4164,-0.0724,-0.327,-1.2445,0.8481,-20.3414,0.1344,0
USDJPY-M15,S4_OpenRetest,NY1100,dev,288,0.3993,-0.1611,-0.3924,-3.0497,0.6743,-46.384,0.1382,0
USDJPY-M15,S4_OpenRetest,NY1300,dev,303,0.363,-0.2479,-0.5756,-4.7419,0.5395,-75.111,0.1733,1
USDJPY-M15,S4_OpenRetest,NY1400,dev,294,0.3095,-0.2499,-0.4084,-3.8482,0.5259,-73.4825,0.183,1
USDJPY-M15,S4_OpenRetest,NY1800,dev,410,0.3927,-0.1248,-0.5885,-2.5437,0.7622,-51.154,0.1338,0
USDJPY-M15,S4_OpenRetest,TYO0900,dev,271,0.3985,-0.1335,-0.2786,-2.3984,0.7214,-36.1761,0.1367,0
USDJPY-M15,S4_OpenRetest,LON0800,oos,230,0.4,-0.1506,-0.4175,-2.4447,0.701,-34.6356,0.1758,0
USDJPY-M15,S4_OpenRetest,NY0800,oos,310,0.4032,-0.1657,-1.0,-3.0309,0.6911,-51.3521,0.1384,0
USDJPY-M15,S4_OpenRetest,NY0930,oos,267,0.4382,-0.0846,-0.2305,-1.5628,0.8036,-22.591,0.1363,0
USDJPY-M15,S4_OpenRetest,NY1000,oos,222,0.4054,-0.1542,-0.3673,-2.5169,0.6878,-34.2233,0.165,0
USDJPY-M15,S4_OpenRetest,NY1100,oos,220,0.3727,-0.2502,-0.716,-4.0741,0.5373,-55.0425,0.1878,0
USDJPY-M15,S4_OpenRetest,NY1300,oos,235,0.3277,-0.2958,-1.0,-5.3396,0.467,-69.5074,0.1976,0
USDJPY-M15,S4_OpenRetest,NY1400,oos,248,0.3185,-0.283,-0.4044,-5.3978,0.4199,-70.1766,0.233,1
USDJPY-M15,S4_OpenRetest,NY1800,oos,337,0.4184,-0.1289,-1.0,-2.3744,0.7576,-43.4261,0.1769,0
USDJPY-M15,S4_OpenRetest,TYO0900,oos,231,0.3983,-0.1273,-0.295,-2.2391,0.713,-29.4126,0.1609,0
USDJPY-M15,S5_LevelSweep,LON0800,dev,146,0.4247,-0.0656,-0.2294,-0.9048,0.8414,-9.5756,0.1135,0
USDJPY-M15,S5_LevelSweep,NY0800,dev,170,0.5059,0.0373,0.0175,0.5007,1.0903,6.3432,0.1031,0
USDJPY-M15,S5_LevelSweep,NY0930,dev,162,0.4012,-0.1386,-0.2365,-2.0229,0.6936,-22.461,0.0944,0
USDJPY-M15,S5_LevelSweep,NY1000,dev,147,0.3469,-0.2418,-0.3748,-3.6933,0.4989,-35.5506,0.0988,0
USDJPY-M15,S5_LevelSweep,NY1100,dev,120,0.375,-0.1469,-0.3407,-1.875,0.6804,-17.6303,0.1229,0
USDJPY-M15,S5_LevelSweep,NY1300,dev,108,0.5,0.0396,0.0104,0.4947,1.1189,4.2756,0.1179,0
USDJPY-M15,S5_LevelSweep,NY1400,dev,84,0.4405,-0.0527,-0.1205,-0.5619,0.8675,-4.4227,0.1328,0
USDJPY-M15,S5_LevelSweep,NY1800,dev,165,0.4667,-0.0447,-0.1198,-0.6394,0.8939,-7.3817,0.1196,0
USDJPY-M15,S5_LevelSweep,TYO0900,dev,203,0.4236,-0.0565,-0.1426,-0.9379,0.8565,-11.4774,0.1095,0
USDJPY-M15,S5_LevelSweep,LON0800,oos,134,0.4179,-0.105,-0.1862,-1.4501,0.7447,-14.0736,0.1499,0
USDJPY-M15,S5_LevelSweep,NY0800,oos,166,0.3916,-0.1423,-0.4253,-2.0268,0.705,-23.6209,0.1222,0
USDJPY-M15,S5_LevelSweep,NY0930,oos,175,0.3714,-0.1833,-0.4134,-2.7558,0.6242,-32.0779,0.12,0
USDJPY-M15,S5_LevelSweep,NY1000,oos,155,0.4065,-0.1151,-0.2849,-1.6596,0.7335,-17.8426,0.1188,0
USDJPY-M15,S5_LevelSweep,NY1100,oos,122,0.3689,-0.2211,-0.4416,-2.9573,0.5478,-26.9733,0.1515,0
USDJPY-M15,S5_LevelSweep,NY1300,oos,96,0.4375,-0.0493,-0.2799,-0.4797,0.8891,-4.7314,0.1642,0
USDJPY-M15,S5_LevelSweep,NY1400,oos,79,0.3291,-0.1816,-0.398,-1.9359,0.6011,-14.3466,0.1561,0
USDJPY-M15,S5_LevelSweep,NY1800,oos,102,0.3824,-0.1582,-0.4845,-1.6691,0.6928,-16.1379,0.1623,0
USDJPY-M15,S5_LevelSweep,TYO0900,oos,199,0.4573,-0.0289,-0.1367,-0.4459,0.9312,-5.753,0.1489,0
AUDUSD-M15,S1_BoxReclaim,LON0800,dev,274,0.4891,-0.0589,-0.0086,-1.8044,0.7706,-16.1316,0.085,0
AUDUSD-M15,S1_BoxReclaim,NY0800,dev,89,0.4944,-0.0915,-0.0061,-1.3977,0.7028,-8.1436,0.079,0
AUDUSD-M15,S1_BoxReclaim,NY0930,dev,172,0.4651,-0.0757,-0.0308,-1.8219,0.72,-13.0282,0.077,0
AUDUSD-M15,S1_BoxReclaim,NY1000,dev,310,0.4548,-0.0649,-0.0476,-2.2757,0.7233,-20.115,0.0751,0
AUDUSD-M15,S1_BoxReclaim,NY1100,dev,342,0.3918,-0.1254,-0.1394,-4.8498,0.5238,-42.9027,0.0949,0
AUDUSD-M15,S1_BoxReclaim,NY1300,dev,219,0.4201,-0.1289,-0.0829,-3.5546,0.554,-28.233,0.1304,0
AUDUSD-M15,S1_BoxReclaim,NY1400,dev,219,0.4247,-0.1567,-0.0972,-4.1388,0.5058,-34.3148,0.1293,0
AUDUSD-M15,S1_BoxReclaim,NY1800,dev,190,0.3947,-0.2311,-0.2071,-4.8611,0.4466,-43.9105,0.1268,0
AUDUSD-M15,S1_BoxReclaim,TYO0900,dev,208,0.4327,-0.1446,-0.0793,-3.6847,0.5382,-30.0826,0.0866,0
AUDUSD-M15,S1_BoxReclaim,LON0800,oos,258,0.4457,-0.1008,-0.1008,-2.9503,0.6467,-26.0125,0.0948,0
AUDUSD-M15,S1_BoxReclaim,NY0800,oos,71,0.493,-0.1024,-0.0351,-1.3516,0.6933,-7.2708,0.1034,0
AUDUSD-M15,S1_BoxReclaim,NY0930,oos,182,0.4341,-0.1122,-0.0975,-2.8075,0.6078,-20.4237,0.0802,0
AUDUSD-M15,S1_BoxReclaim,NY1000,oos,183,0.4918,-0.0726,-0.0105,-1.844,0.714,-13.2881,0.0828,0
AUDUSD-M15,S1_BoxReclaim,NY1100,oos,307,0.4332,-0.1192,-0.102,-4.2502,0.5488,-36.6006,0.1043,0
AUDUSD-M15,S1_BoxReclaim,NY1300,oos,181,0.4033,-0.1809,-0.1637,-4.1706,0.4858,-32.7414,0.1584,0
AUDUSD-M15,S1_BoxReclaim,NY1400,oos,161,0.3913,-0.149,-0.0936,-3.5925,0.4988,-23.9927,0.1643,0
AUDUSD-M15,S1_BoxReclaim,NY1800,oos,223,0.4439,-0.1908,-0.1386,-4.3974,0.5117,-42.5567,0.1614,0
AUDUSD-M15,S1_BoxReclaim,TYO0900,oos,207,0.4879,-0.1079,-0.0301,-2.523,0.6716,-22.3256,0.1095,0
AUDUSD-M15,S2_OpenExhaust,LON0800,dev,36,0.3611,-0.2312,-0.5659,-1.5744,0.5676,-8.3234,0.1546,0
AUDUSD-M15,S2_OpenExhaust,NY0800,dev,26,0.3077,-0.1814,-0.5643,-0.9961,0.6418,-4.7164,0.1092,0
AUDUSD-M15,S2_OpenExhaust,NY0930,dev,48,0.4583,-0.0933,-0.1029,-0.7579,0.7689,-4.4785,0.1213,0
AUDUSD-M15,S2_OpenExhaust,NY1000,dev,38,0.5263,-0.0199,0.0605,-0.1548,0.9432,-0.7577,0.1225,0
AUDUSD-M15,S2_OpenExhaust,NY1100,dev,37,0.3784,-0.1635,-0.5882,-1.0559,0.6797,-6.0502,0.1539,0
AUDUSD-M15,S2_OpenExhaust,NY1300,dev,27,0.2963,-0.4227,-1.0,-2.8469,0.3081,-11.413,0.2073,0
AUDUSD-M15,S2_OpenExhaust,NY1400,dev,38,0.4474,-0.1191,-0.3644,-0.7913,0.747,-4.5253,0.2108,0
AUDUSD-M15,S2_OpenExhaust,NY1800,dev,24,0.5,-0.0803,0.0248,-0.4512,0.814,-1.9275,0.1685,0
AUDUSD-M15,S2_OpenExhaust,TYO0900,dev,36,0.4444,-0.1251,-0.3368,-0.776,0.7406,-4.5024,0.1442,0
AUDUSD-M15,S2_OpenExhaust,LON0800,oos,24,0.2917,-0.3224,-0.661,-1.8731,0.4326,-7.7369,0.1557,0
AUDUSD-M15,S2_OpenExhaust,NY0800,oos,32,0.375,-0.2584,-1.0,-1.6262,0.5527,-8.2681,0.1471,0
AUDUSD-M15,S2_OpenExhaust,NY0930,oos,49,0.3061,-0.3415,-0.6061,-3.168,0.3667,-16.7338,0.1234,0
AUDUSD-M15,S2_OpenExhaust,NY1000,oos,30,0.4333,-0.074,-0.1508,-0.5555,0.7813,-2.2209,0.1283,0
AUDUSD-M15,S2_OpenExhaust,NY1100,oos,42,0.381,-0.2488,-0.6267,-1.9297,0.5189,-10.4484,0.1917,0
AUDUSD-M15,S2_OpenExhaust,NY1300,oos,26,0.5,-0.0012,0.0436,-0.0061,0.9972,-0.0304,0.2021,0
AUDUSD-M15,S2_OpenExhaust,NY1400,oos,19,0.4737,-0.0995,-0.0,-0.6861,0.67,-1.8908,0.2126,0
AUDUSD-M15,S2_OpenExhaust,NY1800,oos,25,0.4,-0.0836,-1.0,-0.3799,0.8509,-2.0897,0.2078,0
AUDUSD-M15,S2_OpenExhaust,TYO0900,oos,27,0.2593,-0.5587,-1.0,-4.1971,0.2068,-15.0845,0.1598,0
AUDUSD-M15,S3_IBBreak,LON0800,dev,218,0.2982,-0.1025,-0.1975,-2.0246,0.7122,-22.3427,0.1348,0
AUDUSD-M15,S3_IBBreak,NY0800,dev,692,0.3584,-0.0982,-0.2836,-2.9595,0.7679,-67.931,0.1335,0
AUDUSD-M15,S3_IBBreak,NY0930,dev,272,0.2904,-0.1489,-0.247,-3.357,0.6047,-40.5129,0.1168,0
AUDUSD-M15,S3_IBBreak,NY1000,dev,157,0.3503,-0.0671,-0.193,-1.1593,0.7922,-10.532,0.1246,0
AUDUSD-M15,S3_IBBreak,NY1100,dev,97,0.3093,-0.0731,-0.2261,-0.9269,0.7872,-7.0924,0.1611,0
AUDUSD-M15,S3_IBBreak,NY1300,dev,316,0.25,-0.2935,-0.4051,-7.452,0.3674,-92.7493,0.1972,0
AUDUSD-M15,S3_IBBreak,NY1400,dev,286,0.2867,-0.2563,-0.3598,-5.8069,0.4313,-73.3136,0.2172,0
AUDUSD-M15,S3_IBBreak,NY1800,dev,652,0.2791,-0.2334,-0.3775,-7.3169,0.5113,-152.153,0.1745,0
AUDUSD-M15,S3_IBBreak,TYO0900,dev,521,0.3263,-0.1447,-0.2287,-4.5921,0.6012,-75.3659,0.1126,0
AUDUSD-M15,S3_IBBreak,LON0800,oos,117,0.359,-0.0505,-0.1509,-0.7622,0.8293,-5.9126,0.1451,0
AUDUSD-M15,S3_IBBreak,NY0800,oos,649,0.3082,-0.1423,-0.3043,-4.1525,0.6838,-92.3504,0.1577,0
AUDUSD-M15,S3_IBBreak,NY0930,oos,318,0.283,-0.2112,-0.2977,-5.0416,0.5013,-67.1758,0.1486,0
AUDUSD-M15,S3_IBBreak,NY1000,oos,284,0.2993,-0.1675,-0.2326,-3.9194,0.5613,-47.5572,0.1392,0
AUDUSD-M15,S3_IBBreak,NY1100,oos,81,0.358,-0.0021,-0.1514,-0.0243,0.993,-0.1679,0.1477,0
AUDUSD-M15,S3_IBBreak,NY1300,oos,289,0.2457,-0.2446,-0.3459,-5.9006,0.4369,-70.6877,0.2087,0
AUDUSD-M15,S3_IBBreak,NY1400,oos,326,0.2239,-0.2946,-0.3686,-8.1546,0.3349,-96.0287,0.2416,0
AUDUSD-M15,S3_IBBreak,NY1800,oos,513,0.2593,-0.2459,-0.391,-7.2694,0.4711,-126.1319,0.2307,0
AUDUSD-M15,S3_IBBreak,TYO0900,oos,490,0.2571,-0.2116,-0.2802,-6.5268,0.4864,-103.6939,0.1554,0
AUDUSD-M15,S4_OpenRetest,LON0800,dev,312,0.3654,-0.2134,-0.7275,-4.0898,0.6037,-66.5801,0.1701,0
AUDUSD-M15,S4_OpenRetest,NY0800,dev,383,0.3969,-0.1158,-0.425,-2.4056,0.763,-44.3688,0.1345,0
AUDUSD-M15,S4_OpenRetest,NY0930,dev,327,0.37,-0.1798,-0.4105,-3.4837,0.6462,-58.8076,0.1595,1
AUDUSD-M15,S4_OpenRetest,NY1000,dev,259,0.4015,-0.1162,-0.3631,-1.5199,0.7563,-30.1073,0.1771,0
AUDUSD-M15,S4_OpenRetest,NY1100,dev,294,0.3469,-0.2695,-0.9071,-5.3028,0.5103,-79.2258,0.2,0
AUDUSD-M15,S4_OpenRetest,NY1300,dev,307,0.3779,-0.2334,-0.5118,-4.5488,0.5588,-71.6569,0.2168,0
AUDUSD-M15,S4_OpenRetest,NY1400,dev,320,0.275,-0.3679,-0.6389,-8.2562,0.3551,-117.7168,0.2286,1
AUDUSD-M15,S4_OpenRetest,NY1800,dev,416,0.3293,-0.2405,-1.0,-5.0791,0.5879,-100.0647,0.1691,0
AUDUSD-M15,S4_OpenRetest,TYO0900,dev,299,0.388,-0.1818,-0.3786,-3.5147,0.6379,-54.3453,0.1623,0
AUDUSD-M15,S4_OpenRetest,LON0800,oos,229,0.3537,-0.2187,-0.6773,-3.6034,0.5973,-50.0724,0.1991,0
AUDUSD-M15,S4_OpenRetest,NY0800,oos,304,0.3914,-0.1411,-1.0,-2.4112,0.7437,-42.887,0.1576,0
AUDUSD-M15,S4_OpenRetest,NY0930,oos,250,0.364,-0.1882,-0.355,-3.5623,0.6003,-47.0524,0.1578,0
AUDUSD-M15,S4_OpenRetest,NY1000,oos,222,0.3784,-0.1583,-0.3358,-2.6614,0.6706,-35.1319,0.1975,0
AUDUSD-M15,S4_OpenRetest,NY1100,oos,196,0.3724,-0.2167,-0.402,-3.5931,0.5575,-42.4768,0.2218,0
AUDUSD-M15,S4_OpenRetest,NY1300,oos,229,0.3624,-0.2502,-0.469,-4.509,0.5175,-57.2992,0.2436,0
AUDUSD-M15,S4_OpenRetest,NY1400,oos,231,0.3074,-0.282,-0.4022,-5.9003,0.4116,-65.137,0.2615,0
AUDUSD-M15,S4_OpenRetest,NY1800,oos,356,0.4045,-0.141,-0.5811,-2.7984,0.7247,-50.2039,0.2071,0
AUDUSD-M15,S4_OpenRetest,TYO0900,oos,309,0.3948,-0.1645,-0.3553,-3.2425,0.6629,-50.8369,0.1804,0
AUDUSD-M15,S5_LevelSweep,LON0800,dev,151,0.4305,-0.1682,-0.1818,-2.5139,0.6208,-25.3961,0.1379,0
AUDUSD-M15,S5_LevelSweep,NY0800,dev,197,0.4315,-0.0405,-0.2211,-0.6108,0.9064,-7.9725,0.1307,0
AUDUSD-M15,S5_LevelSweep,NY0930,dev,203,0.4335,-0.1199,-0.173,-2.0925,0.7151,-24.3334,0.1254,0
AUDUSD-M15,S5_LevelSweep,NY1000,dev,169,0.4438,-0.1398,-0.2094,-2.0474,0.6903,-23.6182,0.13,1
AUDUSD-M15,S5_LevelSweep,NY1100,dev,132,0.4621,-0.0964,-0.0266,-1.291,0.756,-12.7294,0.1526,1
AUDUSD-M15,S5_LevelSweep,NY1300,dev,94,0.3191,-0.2899,-0.4845,-3.4223,0.4522,-27.2502,0.179,0
AUDUSD-M15,S5_LevelSweep,NY1400,dev,77,0.3636,-0.1969,-0.2172,-2.1727,0.5707,-15.1631,0.1817,0
AUDUSD-M15,S5_LevelSweep,NY1800,dev,152,0.3816,-0.2181,-0.4027,-3.2529,0.552,-33.1571,0.1365,0
AUDUSD-M15,S5_LevelSweep,TYO0900,dev,241,0.4647,-0.0872,-0.0874,-1.6025,0.7848,-21.0096,0.1331,0
AUDUSD-M15,S5_LevelSweep,LON0800,oos,190,0.3789,-0.2634,-0.3611,-4.7751,0.4503,-50.0459,0.1635,0
AUDUSD-M15,S5_LevelSweep,NY0800,oos,160,0.3688,-0.2266,-0.4726,-3.2638,0.5615,-36.2556,0.1528,0
AUDUSD-M15,S5_LevelSweep,NY0930,oos,174,0.3333,-0.2334,-0.3705,-3.7565,0.5145,-40.6144,0.1317,0
AUDUSD-M15,S5_LevelSweep,NY1000,oos,178,0.3652,-0.197,-0.3022,-3.2924,0.5602,-35.0579,0.1404,0
AUDUSD-M15,S5_LevelSweep,NY1100,oos,127,0.3622,-0.2108,-0.2239,-2.955,0.5474,-26.7762,0.1781,0
AUDUSD-M15,S5_LevelSweep,NY1300,oos,86,0.3372,-0.245,-0.2925,-3.2106,0.4469,-21.0674,0.198,0
AUDUSD-M15,S5_LevelSweep,NY1400,oos,90,0.4333,-0.1318,-0.1801,-1.8011,0.6363,-11.8585,0.2066,0
AUDUSD-M15,S5_LevelSweep,NY1800,oos,118,0.3898,-0.1997,-0.3537,-2.5227,0.5898,-23.5597,0.2027,0
AUDUSD-M15,S5_LevelSweep,TYO0900,oos,213,0.4272,-0.1499,-0.2,-2.6247,0.6631,-31.9225,0.1747,0
USDCAD-M15,S1_BoxReclaim,LON0800,dev,256,0.4219,-0.1688,-0.1081,-4.6593,0.499,-43.2099,0.1014,0
USDCAD-M15,S1_BoxReclaim,NY0800,dev,100,0.52,-0.0587,0.0629,-0.9788,0.7955,-5.869,0.0855,0
USDCAD-M15,S1_BoxReclaim,NY0930,dev,159,0.4214,-0.1076,-0.0552,-2.4366,0.6206,-17.1035,0.0705,0
USDCAD-M15,S1_BoxReclaim,NY1000,dev,300,0.4,-0.133,-0.1408,-4.3843,0.5399,-39.8867,0.0786,0
USDCAD-M15,S1_BoxReclaim,NY1100,dev,334,0.4012,-0.1133,-0.1045,-4.0674,0.5814,-37.8336,0.0908,0
USDCAD-M15,S1_BoxReclaim,NY1300,dev,219,0.4292,-0.1193,-0.0726,-3.217,0.5929,-26.1195,0.1145,0
USDCAD-M15,S1_BoxReclaim,NY1400,dev,203,0.4089,-0.1564,-0.147,-3.7787,0.5132,-31.7495,0.1205,0
USDCAD-M15,S1_BoxReclaim,NY1800,dev,218,0.5046,-0.0823,0.0105,-2.1444,0.7066,-17.9386,0.1684,0
USDCAD-M15,S1_BoxReclaim,TYO0900,dev,206,0.4078,-0.1472,-0.1937,-3.9429,0.5234,-30.3151,0.1543,0
USDCAD-M15,S1_BoxReclaim,LON0800,oos,235,0.4979,-0.0625,-0.0,-1.8001,0.752,-14.6823,0.1034,0
USDCAD-M15,S1_BoxReclaim,NY0800,oos,67,0.4627,-0.1361,-0.0897,-1.706,0.6267,-9.1197,0.0946,0
USDCAD-M15,S1_BoxReclaim,NY0930,oos,156,0.4231,-0.1549,-0.1397,-3.2949,0.5391,-24.1674,0.072,0
USDCAD-M15,S1_BoxReclaim,NY1000,oos,182,0.4725,-0.0444,-0.0172,-1.1422,0.817,-8.0819,0.0679,0
USDCAD-M15,S1_BoxReclaim,NY1100,oos,257,0.3891,-0.1433,-0.1174,-4.598,0.4901,-36.8396,0.0829,0
USDCAD-M15,S1_BoxReclaim,NY1300,oos,190,0.4526,-0.1354,-0.0992,-3.1808,0.5882,-25.7318,0.1177,0
USDCAD-M15,S1_BoxReclaim,NY1400,oos,168,0.3929,-0.1848,-0.129,-4.5594,0.421,-31.0433,0.123,0
USDCAD-M15,S1_BoxReclaim,NY1800,oos,234,0.4274,-0.1875,-0.143,-5.0933,0.4552,-43.8828,0.1811,0
USDCAD-M15,S1_BoxReclaim,TYO0900,oos,233,0.4378,-0.1783,-0.1476,-4.6684,0.4848,-41.5546,0.133,0
USDCAD-M15,S2_OpenExhaust,LON0800,dev,38,0.3947,-0.0589,-0.1624,-0.406,0.8593,-2.2386,0.1492,0
USDCAD-M15,S2_OpenExhaust,NY0800,dev,45,0.4667,-0.1053,-0.4433,-0.7411,0.7861,-4.7372,0.0881,0
USDCAD-M15,S2_OpenExhaust,NY0930,dev,38,0.4211,-0.0818,-0.1336,-0.6533,0.7699,-3.1077,0.0853,0
USDCAD-M15,S2_OpenExhaust,NY1000,dev,47,0.4255,-0.1247,-0.1257,-1.1827,0.6604,-5.86,0.1238,0
USDCAD-M15,S2_OpenExhaust,NY1100,dev,27,0.2963,-0.2045,-0.3547,-1.3579,0.5518,-5.5212,0.1603,0
USDCAD-M15,S2_OpenExhaust,NY1300,dev,32,0.5312,0.0091,0.0701,0.0534,1.0228,0.2926,0.1564,0
USDCAD-M15,S2_OpenExhaust,NY1400,dev,32,0.5,-0.0018,0.0809,-0.014,0.9942,-0.0586,0.162,0
USDCAD-M15,S2_OpenExhaust,NY1800,dev,27,0.2222,-0.5471,-1.0,-4.2938,0.1806,-14.7706,0.236,0
USDCAD-M15,S2_OpenExhaust,TYO0900,dev,34,0.2941,-0.3746,-0.6097,-3.0828,0.3073,-12.7378,0.2251,0
USDCAD-M15,S2_OpenExhaust,LON0800,oos,36,0.3333,-0.2978,-0.5693,-2.3129,0.4084,-10.7192,0.1659,0
USDCAD-M15,S2_OpenExhaust,NY0800,oos,29,0.4138,-0.243,-1.0,-1.4356,0.5651,-7.0476,0.1098,0
USDCAD-M15,S2_OpenExhaust,NY0930,oos,31,0.3548,-0.2326,-0.3585,-1.7001,0.5009,-7.2107,0.0912,0
USDCAD-M15,S2_OpenExhaust,NY1000,oos,39,0.5128,0.1084,0.0173,0.9023,1.4383,4.2287,0.0952,0
USDCAD-M15,S2_OpenExhaust,NY1100,oos,32,0.5938,0.1711,0.171,0.9964,1.5284,5.4766,0.1314,0
USDCAD-M15,S2_OpenExhaust,NY1300,oos,36,0.3056,-0.4511,-1.0,-3.5307,0.2944,-16.2409,0.1734,0
USDCAD-M15,S2_OpenExhaust,NY1400,oos,21,0.2381,-0.5244,-1.0,-3.6025,0.1681,-11.0123,0.2134,0
USDCAD-M15,S2_OpenExhaust,NY1800,oos,19,0.3158,-0.2479,-1.0,-1.0722,0.5948,-4.7103,0.2306,0
USDCAD-M15,S2_OpenExhaust,TYO0900,oos,27,0.4074,-0.3006,-0.7769,-1.8394,0.4571,-8.1152,0.218,0
USDCAD-M15,S3_IBBreak,LON0800,dev,251,0.2908,-0.1789,-0.2597,-3.9989,0.5393,-44.8936,0.1865,0
USDCAD-M15,S3_IBBreak,NY0800,dev,738,0.3211,-0.1242,-0.2871,-3.9912,0.7065,-91.6588,0.1142,0
USDCAD-M15,S3_IBBreak,NY0930,dev,296,0.3378,-0.1147,-0.2373,-2.455,0.7056,-33.9536,0.0969,0
USDCAD-M15,S3_IBBreak,NY1000,dev,177,0.3446,-0.11,-0.2389,-1.8426,0.7094,-19.4743,0.102,0
USDCAD-M15,S3_IBBreak,NY1100,dev,92,0.1957,-0.3135,-0.3424,-4.6868,0.3015,-28.8411,0.1689,0
USDCAD-M15,S3_IBBreak,NY1300,dev,327,0.2691,-0.2584,-0.3704,-6.4575,0.4244,-84.5113,0.1953,0
USDCAD-M15,S3_IBBreak,NY1400,dev,248,0.254,-0.2842,-0.3743,-6.3015,0.385,-70.4744,0.223,0
USDCAD-M15,S3_IBBreak,NY1800,dev,439,0.262,-0.2285,-0.3432,-6.6412,0.4696,-100.3239,0.2605,0
USDCAD-M15,S3_IBBreak,TYO0900,dev,443,0.2799,-0.1748,-0.2564,-5.2141,0.5427,-77.4149,0.2046,0
USDCAD-M15,S3_IBBreak,LON0800,oos,135,0.3556,-0.1142,-0.2,-2.082,0.6256,-15.4189,0.1603,0
USDCAD-M15,S3_IBBreak,NY0800,oos,704,0.3239,-0.1429,-0.3059,-4.4983,0.6718,-100.6263,0.1252,0
USDCAD-M15,S3_IBBreak,NY0930,oos,273,0.3773,-0.0826,-0.1415,-1.6878,0.7793,-22.5574,0.1052,0
USDCAD-M15,S3_IBBreak,NY1000,oos,262,0.3053,-0.2079,-0.3174,-4.5798,0.505,-54.4743,0.1117,0
USDCAD-M15,S3_IBBreak,NY1100,oos,81,0.321,-0.0436,-0.2158,-0.5245,0.8668,-3.5283,0.116,0
USDCAD-M15,S3_IBBreak,NY1300,oos,278,0.2554,-0.2333,-0.3262,-5.3916,0.4608,-64.8533,0.1719,0
USDCAD-M15,S3_IBBreak,NY1400,oos,312,0.2276,-0.3205,-0.378,-8.68,0.3089,-99.9977,0.1919,0
USDCAD-M15,S3_IBBreak,NY1800,oos,358,0.2151,-0.3035,-0.3587,-8.9758,0.3221,-108.6383,0.2553,0
USDCAD-M15,S3_IBBreak,TYO0900,oos,418,0.2799,-0.2253,-0.3103,-6.7621,0.4476,-94.1923,0.2137,0
USDCAD-M15,S4_OpenRetest,LON0800,dev,331,0.4048,-0.0982,-0.5675,-1.5617,0.8119,-32.5054,0.1845,0
USDCAD-M15,S4_OpenRetest,NY0800,dev,368,0.4103,-0.1446,-0.4902,-2.9207,0.7168,-53.1965,0.1345,0
USDCAD-M15,S4_OpenRetest,NY0930,dev,304,0.3618,-0.1761,-0.4144,-3.3606,0.6505,-53.542,0.1521,0
USDCAD-M15,S4_OpenRetest,NY1000,dev,277,0.3718,-0.1943,-0.4619,-3.6227,0.6172,-53.8227,0.1703,0
USDCAD-M15,S4_OpenRetest,NY1100,dev,282,0.4113,-0.1696,-0.5933,-3.0582,0.6713,-47.8238,0.1929,0
USDCAD-M15,S4_OpenRetest,NY1300,dev,318,0.3239,-0.3221,-0.7428,-6.9225,0.4252,-102.4163,0.2107,0
USDCAD-M15,S4_OpenRetest,NY1400,dev,294,0.3061,-0.2921,-0.487,-6.1715,0.4425,-85.8861,0.2328,0
USDCAD-M15,S4_OpenRetest,NY1800,dev,361,0.3573,-0.2558,-0.865,-5.5652,0.531,-92.36,0.2534,0
USDCAD-M15,S4_OpenRetest,TYO0900,dev,303,0.3498,-0.2737,-0.5583,-5.766,0.4799,-82.917,0.2413,0
USDCAD-M15,S4_OpenRetest,LON0800,oos,237,0.4008,-0.1702,-0.5575,-2.8218,0.6703,-40.3392,0.1941,0
USDCAD-M15,S4_OpenRetest,NY0800,oos,355,0.4113,-0.0849,-1.0,-1.5258,0.842,-30.1359,0.1343,0
USDCAD-M15,S4_OpenRetest,NY0930,oos,268,0.3918,-0.1549,-0.2768,-2.9995,0.6582,-41.5204,0.132,0
USDCAD-M15,S4_OpenRetest,NY1000,oos,239,0.4184,-0.124,-0.3136,-2.117,0.7382,-29.6434,0.1456,0
USDCAD-M15,S4_OpenRetest,NY1100,oos,182,0.4505,-0.0992,-0.1738,-1.5117,0.7776,-18.0481,0.1759,0
USDCAD-M15,S4_OpenRetest,NY1300,oos,263,0.3536,-0.2584,-0.6543,-4.886,0.5147,-67.9518,0.1967,0
USDCAD-M15,S4_OpenRetest,NY1400,oos,274,0.365,-0.1996,-0.2805,-4.1613,0.5542,-54.6979,0.2182,0
USDCAD-M15,S4_OpenRetest,NY1800,oos,301,0.3621,-0.2699,-1.0,-5.2259,0.5291,-81.2505,0.2317,0
USDCAD-M15,S4_OpenRetest,TYO0900,oos,251,0.3904,-0.1857,-0.35,-3.4385,0.6133,-46.6219,0.2162,0
USDCAD-M15,S5_LevelSweep,LON0800,dev,172,0.3721,-0.247,-0.422,-3.9797,0.507,-42.4886,0.1785,0
USDCAD-M15,S5_LevelSweep,NY0800,dev,242,0.3719,-0.1662,-0.4364,-2.7623,0.6733,-40.2305,0.1258,0
USDCAD-M15,S5_LevelSweep,NY0930,dev,229,0.4105,-0.1012,-0.245,-1.716,0.7723,-23.1683,0.1256,0
USDCAD-M15,S5_LevelSweep,NY1000,dev,215,0.493,0.004,-0.0649,0.0656,1.0104,0.862,0.1317,0
USDCAD-M15,S5_LevelSweep,NY1100,dev,153,0.3529,-0.2061,-0.3078,-3.2046,0.5458,-31.5298,0.1378,0
USDCAD-M15,S5_LevelSweep,NY1300,dev,106,0.3868,-0.2568,-0.3103,-3.3121,0.4697,-27.2185,0.1583,0
USDCAD-M15,S5_LevelSweep,NY1400,dev,104,0.3846,-0.2122,-0.3126,-2.8466,0.5174,-22.0725,0.1674,0
USDCAD-M15,S5_LevelSweep,NY1800,dev,58,0.4655,-0.0936,-0.1763,-0.8353,0.7808,-5.427,0.254,0
USDCAD-M15,S5_LevelSweep,TYO0900,dev,96,0.3438,-0.2523,-0.3085,-3.3965,0.4539,-24.2237,0.2106,0
USDCAD-M15,S5_LevelSweep,LON0800,oos,162,0.4136,-0.1227,-0.2411,-1.8053,0.7263,-19.8745,0.1717,0
USDCAD-M15,S5_LevelSweep,NY0800,oos,202,0.4257,-0.1277,-0.3621,-1.9884,0.7302,-25.7897,0.136,0
USDCAD-M15,S5_LevelSweep,NY0930,oos,215,0.4186,-0.1091,-0.31,-1.7386,0.7666,-23.4472,0.1294,0
USDCAD-M15,S5_LevelSweep,NY1000,oos,202,0.3515,-0.2627,-0.5202,-4.4908,0.4935,-53.0683,0.1235,0
USDCAD-M15,S5_LevelSweep,NY1100,oos,168,0.3571,-0.248,-0.498,-3.9368,0.5031,-41.6699,0.1394,0
USDCAD-M15,S5_LevelSweep,NY1300,oos,119,0.4286,-0.0785,-0.1872,-0.9488,0.8185,-9.3439,0.1745,0
USDCAD-M15,S5_LevelSweep,NY1400,oos,103,0.4369,-0.1137,-0.2573,-1.3037,0.7474,-11.7158,0.1823,0
USDCAD-M15,S5_LevelSweep,NY1800,oos,61,0.3934,-0.2655,-0.5531,-2.8566,0.446,-16.1931,0.223,0
USDCAD-M15,S5_LevelSweep,TYO0900,oos,126,0.4127,-0.2055,-0.2989,-2.8877,0.557,-25.8948,0.2127,0
USDCHF-M15,S1_BoxReclaim,LON0800,dev,260,0.4115,-0.1162,-0.1126,-3.5917,0.578,-30.2001,0.1003,0
USDCHF-M15,S1_BoxReclaim,NY0800,dev,115,0.3913,-0.1639,-0.1867,-2.952,0.5309,-18.8478,0.0974,0
USDCHF-M15,S1_BoxReclaim,NY0930,dev,181,0.4254,-0.1613,-0.1509,-3.7693,0.5183,-29.189,0.0922,0
USDCHF-M15,S1_BoxReclaim,NY1000,dev,291,0.4605,-0.0749,-0.0537,-2.4461,0.7015,-21.7829,0.0896,0
USDCHF-M15,S1_BoxReclaim,NY1100,dev,316,0.4367,-0.0948,-0.076,-3.3424,0.6292,-29.9509,0.11,0
USDCHF-M15,S1_BoxReclaim,NY1300,dev,205,0.3707,-0.2064,-0.1977,-5.871,0.3606,-42.3153,0.1443,0
USDCHF-M15,S1_BoxReclaim,NY1400,dev,235,0.4085,-0.1338,-0.1385,-3.5363,0.5406,-31.4501,0.1573,0
USDCHF-M15,S1_BoxReclaim,NY1800,dev,243,0.4033,-0.2018,-0.1368,-5.723,0.4094,-49.03,0.1771,0
USDCHF-M15,S1_BoxReclaim,TYO0900,dev,231,0.3896,-0.1776,-0.1674,-4.9452,0.457,-41.0261,0.1788,0
USDCHF-M15,S1_BoxReclaim,LON0800,oos,247,0.4332,-0.1187,-0.0887,-3.4927,0.5805,-29.3169,0.104,0
USDCHF-M15,S1_BoxReclaim,NY0800,oos,84,0.5119,-0.049,0.0334,-0.7368,0.8289,-4.1122,0.1169,0
USDCHF-M15,S1_BoxReclaim,NY0930,oos,134,0.4552,-0.1027,-0.1326,-2.0289,0.6705,-13.7682,0.1016,0
USDCHF-M15,S1_BoxReclaim,NY1000,oos,172,0.4302,-0.1171,-0.1186,-3.061,0.5702,-20.1382,0.0968,0
USDCHF-M15,S1_BoxReclaim,NY1100,oos,300,0.4267,-0.1149,-0.0889,-4.1041,0.5527,-34.4765,0.115,0
USDCHF-M15,S1_BoxReclaim,NY1300,oos,207,0.401,-0.1926,-0.1657,-5.5281,0.3846,-39.871,0.173,0
USDCHF-M15,S1_BoxReclaim,NY1400,oos,177,0.3164,-0.206,-0.195,-5.3997,0.3627,-36.4636,0.193,0
USDCHF-M15,S1_BoxReclaim,NY1800,oos,266,0.3308,-0.2631,-0.2255,-8.6907,0.2695,-69.9893,0.2096,0
USDCHF-M15,S1_BoxReclaim,TYO0900,oos,205,0.4341,-0.1564,-0.1347,-4.0407,0.5074,-32.0528,0.2026,0
USDCHF-M15,S2_OpenExhaust,LON0800,dev,36,0.5556,0.025,0.0596,0.1552,1.0619,0.8986,0.1595,0
USDCHF-M15,S2_OpenExhaust,NY0800,dev,36,0.3333,-0.2816,-1.0,-1.6634,0.5502,-10.1375,0.136,0
USDCHF-M15,S2_OpenExhaust,NY0930,dev,25,0.28,-0.4335,-0.7875,-3.2244,0.2411,-10.8371,0.1159,0
USDCHF-M15,S2_OpenExhaust,NY1000,dev,25,0.4,-0.1237,-0.1953,-0.7268,0.7063,-3.0915,0.1426,0
USDCHF-M15,S2_OpenExhaust,NY1100,dev,37,0.4324,-0.2165,-0.4548,-1.6146,0.5531,-8.0094,0.1871,0
USDCHF-M15,S2_OpenExhaust,NY1300,dev,44,0.3636,-0.3653,-0.6291,-3.4231,0.31,-16.0716,0.2119,0
USDCHF-M15,S2_OpenExhaust,NY1400,dev,26,0.3462,-0.2897,-0.3446,-2.3264,0.3266,-7.5333,0.2216,0
USDCHF-M15,S2_OpenExhaust,NY1800,dev,20,0.4,-0.2097,-0.7545,-1.0494,0.602,-4.1938,0.2518,0
USDCHF-M15,S2_OpenExhaust,TYO0900,dev,27,0.4074,-0.1334,-0.1834,-0.8146,0.6913,-3.603,0.2151,0
USDCHF-M15,S2_OpenExhaust,LON0800,oos,32,0.4062,-0.2398,-0.3634,-1.7118,0.5034,-7.6744,0.1727,0
USDCHF-M15,S2_OpenExhaust,NY0800,oos,25,0.4,-0.0188,-0.2821,-0.0928,0.9591,-0.4711,0.1595,0
USDCHF-M15,S2_OpenExhaust,NY0930,oos,27,0.4815,0.0005,-0.013,0.0034,1.0015,0.0133,0.1338,0
USDCHF-M15,S2_OpenExhaust,NY1000,oos,23,0.1739,-0.5079,-0.7761,-3.7454,0.167,-11.6822,0.1535,0
USDCHF-M15,S2_OpenExhaust,NY1100,oos,31,0.4516,-0.2129,-0.4783,-1.5695,0.5461,-6.6013,0.2157,0
USDCHF-M15,S2_OpenExhaust,NY1300,oos,30,0.2667,-0.3668,-0.5192,-2.8488,0.3126,-11.003,0.246,0
USDCHF-M15,S2_OpenExhaust,NY1400,oos,23,0.4783,-0.2375,-0.0945,-1.2152,0.4917,-5.4632,0.2471,1
USDCHF-M15,S2_OpenExhaust,NY1800,oos,9,0.2222,-0.6884,-1.0,-3.3001,0.115,-6.1952,0.3462,0
USDCHF-M15,S2_OpenExhaust,TYO0900,oos,22,0.3182,-0.3435,-1.0,-1.7765,0.4292,-7.5575,0.274,0
USDCHF-M15,S3_IBBreak,LON0800,dev,244,0.291,-0.202,-0.3152,-4.2727,0.5192,-49.2818,0.1546,0
USDCHF-M15,S3_IBBreak,NY0800,dev,633,0.2923,-0.1623,-0.2857,-5.0471,0.6166,-102.7194,0.1354,0
USDCHF-M15,S3_IBBreak,NY0930,dev,269,0.3011,-0.1249,-0.2768,-2.6412,0.6759,-33.5976,0.1247,0
USDCHF-M15,S3_IBBreak,NY1000,dev,147,0.2721,-0.2128,-0.2948,-3.7252,0.4687,-31.2853,0.1274,0
USDCHF-M15,S3_IBBreak,NY1100,dev,94,0.3298,-0.063,-0.1909,-0.8187,0.812,-5.9228,0.1612,0
USDCHF-M15,S3_IBBreak,NY1300,dev,303,0.2442,-0.281,-0.3013,-7.6159,0.3365,-85.1529,0.1979,0
USDCHF-M15,S3_IBBreak,NY1400,dev,266,0.203,-0.3786,-0.4346,-5.6871,0.2958,-100.7008,0.2423,2
USDCHF-M15,S3_IBBreak,NY1800,dev,454,0.2313,-0.3079,-0.3879,-9.68,0.3449,-139.8072,0.2685,0
USDCHF-M15,S3_IBBreak,TYO0900,dev,388,0.2036,-0.3086,-0.3754,-9.8858,0.2952,-119.7341,0.2477,0
USDCHF-M15,S3_IBBreak,LON0800,oos,174,0.2701,-0.1284,-0.2074,-2.341,0.6398,-22.3361,0.1629,0
USDCHF-M15,S3_IBBreak,NY0800,oos,619,0.3166,-0.1848,-0.3203,-5.6412,0.5905,-114.3963,0.1714,0
USDCHF-M15,S3_IBBreak,NY0930,oos,338,0.3521,-0.111,-0.2416,-2.5805,0.7134,-37.5123,0.1557,0
USDCHF-M15,S3_IBBreak,NY1000,oos,291,0.3024,-0.2175,-0.281,-5.4898,0.4533,-63.2854,0.1537,0
USDCHF-M15,S3_IBBreak,NY1100,oos,69,0.2754,-0.3279,-0.3659,-4.4692,0.2553,-22.6242,0.1887,0
USDCHF-M15,S3_IBBreak,NY1300,oos,236,0.3263,-0.185,-0.2739,-3.9614,0.5346,-43.6678,0.2425,0
USDCHF-M15,S3_IBBreak,NY1400,oos,285,0.2,-0.3467,-0.4048,-10.0438,0.2408,-98.8068,0.2756,0
USDCHF-M15,S3_IBBreak,NY1800,oos,281,0.1886,-0.2923,-0.3299,-8.3107,0.3,-82.1427,0.2955,0
USDCHF-M15,S3_IBBreak,TYO0900,oos,353,0.221,-0.2924,-0.3571,-9.1311,0.311,-103.2228,0.2796,0
USDCHF-M15,S4_OpenRetest,LON0800,dev,287,0.3345,-0.2914,-1.0,-5.5313,0.4949,-83.6202,0.191,0
USDCHF-M15,S4_OpenRetest,NY0800,dev,353,0.3683,-0.179,-0.7843,-3.4588,0.6699,-63.2044,0.1537,0
USDCHF-M15,S4_OpenRetest,NY0930,dev,333,0.3814,-0.2075,-0.3701,-4.4433,0.5788,-69.0984,0.1643,0
USDCHF-M15,S4_OpenRetest,NY1000,dev,295,0.3559,-0.2341,-0.5229,-4.64,0.5498,-69.0472,0.1881,0
USDCHF-M15,S4_OpenRetest,NY1100,dev,266,0.3534,-0.2617,-0.7039,-4.8802,0.516,-69.5993,0.203,0
USDCHF-M15,S4_OpenRetest,NY1300,dev,270,0.3074,-0.3528,-0.7183,-7.3859,0.3711,-95.2557,0.2435,0
USDCHF-M15,S4_OpenRetest,NY1400,dev,278,0.2266,-0.4871,-0.639,-9.8501,0.1938,-135.4153,0.2714,2
USDCHF-M15,S4_OpenRetest,NY1800,dev,321,0.3396,-0.2931,-0.8075,-6.2001,0.4696,-94.0935,0.2717,0
USDCHF-M15,S4_OpenRetest,TYO0900,dev,278,0.295,-0.2806,-0.5109,-5.6103,0.4719,-78.0017,0.2594,0
USDCHF-M15,S4_OpenRetest,LON0800,oos,230,0.3913,-0.2062,-0.6827,-3.4521,0.6091,-47.4149,0.2116,0
USDCHF-M15,S4_OpenRetest,NY0800,oos,305,0.3738,-0.1926,-1.0,-3.437,0.659,-58.7491,0.183,0
USDCHF-M15,S4_OpenRetest,NY0930,oos,299,0.4047,-0.1666,-0.2926,-3.4524,0.6329,-49.8106,0.1794,0
USDCHF-M15,S4_OpenRetest,NY1000,oos,216,0.3333,-0.2914,-0.5979,-5.2794,0.4522,-62.9354,0.1961,0
USDCHF-M15,S4_OpenRetest,NY1100,oos,210,0.4095,-0.1947,-0.5859,-3.1134,0.6251,-40.8775,0.2478,0
USDCHF-M15,S4_OpenRetest,NY1300,oos,211,0.3128,-0.2977,-0.4348,-5.3917,0.4293,-62.8246,0.2585,0
USDCHF-M15,S4_OpenRetest,NY1400,oos,208,0.2837,-0.3057,-0.4,-4.92,0.3829,-63.585,0.3048,0
USDCHF-M15,S4_OpenRetest,NY1800,oos,211,0.3839,-0.226,-0.4561,-4.0479,0.5463,-47.6866,0.2898,0
USDCHF-M15,S4_OpenRetest,TYO0900,oos,210,0.3762,-0.2683,-0.5244,-5.0497,0.458,-56.3366,0.2967,0
USDCHF-M15,S5_LevelSweep,LON0800,dev,211,0.3507,-0.2201,-0.343,-3.7945,0.5522,-46.4415,0.1694,0
USDCHF-M15,S5_LevelSweep,NY0800,dev,230,0.3391,-0.2754,-0.7751,-4.6423,0.5046,-63.3475,0.1431,0
USDCHF-M15,S5_LevelSweep,NY0930,dev,232,0.3103,-0.254,-0.5693,-4.4286,0.5224,-58.9306,0.1453,0
USDCHF-M15,S5_LevelSweep,NY1000,dev,213,0.3709,-0.198,-0.414,-3.3556,0.5933,-42.1657,0.1536,0
USDCHF-M15,S5_LevelSweep,NY1100,dev,136,0.4706,-0.0034,-0.073,-0.0467,0.9906,-0.4573,0.1682,0
USDCHF-M15,S5_LevelSweep,NY1300,dev,120,0.3667,-0.2272,-0.2755,-3.3917,0.4856,-27.2636,0.1884,0
USDCHF-M15,S5_LevelSweep,NY1400,dev,92,0.3804,-0.1579,-0.2198,-2.0707,0.5943,-14.5293,0.1904,0
USDCHF-M15,S5_LevelSweep,NY1800,dev,75,0.4267,-0.1549,-0.198,-1.617,0.6483,-11.6208,0.23,0
USDCHF-M15,S5_LevelSweep,TYO0900,dev,105,0.3714,-0.1763,-0.1283,-2.5147,0.5432,-18.5111,0.2327,0
USDCHF-M15,S5_LevelSweep,LON0800,oos,221,0.3846,-0.21,-0.3824,-3.796,0.5604,-46.4035,0.1861,0
USDCHF-M15,S5_LevelSweep,NY0800,oos,204,0.3775,-0.1705,-0.4575,-2.6688,0.664,-34.7738,0.1907,0
USDCHF-M15,S5_LevelSweep,NY0930,oos,215,0.4558,-0.0656,-0.1576,-1.0525,0.8527,-14.106,0.1708,0
USDCHF-M15,S5_LevelSweep,NY1000,oos,194,0.4536,-0.0687,-0.1444,-1.0961,0.8362,-13.3315,0.1801,0
USDCHF-M15,S5_LevelSweep,NY1100,oos,150,0.3667,-0.2103,-0.3142,-3.3839,0.5273,-31.5432,0.1961,0
USDCHF-M15,S5_LevelSweep,NY1300,oos,99,0.3333,-0.2795,-0.4288,-3.4969,0.4427,-27.6745,0.2437,0
USDCHF-M15,S5_LevelSweep,NY1400,oos,75,0.32,-0.3197,-0.5882,-3.5051,0.4027,-23.9763,0.2248,0
USDCHF-M15,S5_LevelSweep,NY1800,oos,66,0.3182,-0.2119,-0.2753,-2.8063,0.4373,-13.9862,0.2445,0
USDCHF-M15,S5_LevelSweep,TYO0900,oos,90,0.3,-0.3321,-0.383,-4.6966,0.3276,-29.8906,0.2537,0
EURJPY-M15,S1_BoxReclaim,LON0800,dev,278,0.4892,-0.0439,-0.0344,-1.3893,0.8179,-12.1972,0.0763,0
EURJPY-M15,S1_BoxReclaim,NY0800,dev,96,0.4271,-0.1118,-0.1159,-1.7879,0.6517,-10.7333,0.0839,0
EURJPY-M15,S1_BoxReclaim,NY0930,dev,215,0.4326,-0.0804,-0.0581,-2.3219,0.676,-17.2953,0.0763,0
EURJPY-M15,S1_BoxReclaim,NY1000,dev,330,0.3788,-0.1224,-0.1246,-4.4017,0.5536,-40.3847,0.0797,0
EURJPY-M15,S1_BoxReclaim,NY1100,dev,337,0.4273,-0.0855,-0.0513,-3.0363,0.6653,-28.8088,0.0912,0
EURJPY-M15,S1_BoxReclaim,NY1300,dev,258,0.4147,-0.2025,-0.1441,-4.9096,0.4246,-52.2397,0.1249,1
EURJPY-M15,S1_BoxReclaim,NY1400,dev,223,0.3901,-0.1955,-0.1961,-4.7462,0.4482,-43.6072,0.1295,1
EURJPY-M15,S1_BoxReclaim,NY1800,dev,260,0.4462,-0.1325,-0.0989,-3.5121,0.6014,-34.4414,0.1238,0
EURJPY-M15,S1_BoxReclaim,TYO0900,dev,273,0.37,-0.1387,-0.1184,-4.5906,0.4996,-37.8591,0.0947,0
EURJPY-M15,S1_BoxReclaim,LON0800,oos,254,0.4409,-0.1013,-0.0513,-3.0585,0.6233,-25.7242,0.094,0
EURJPY-M15,S1_BoxReclaim,NY0800,oos,83,0.4699,-0.1134,-0.0077,-1.6109,0.6625,-9.4145,0.1128,0
EURJPY-M15,S1_BoxReclaim,NY0930,oos,180,0.3778,-0.167,-0.1424,-3.8808,0.5055,-30.0548,0.0933,0
EURJPY-M15,S1_BoxReclaim,NY1000,oos,208,0.4327,-0.1223,-0.1059,-3.3212,0.5778,-25.443,0.0958,0
EURJPY-M15,S1_BoxReclaim,NY1100,oos,305,0.4,-0.129,-0.1136,-4.9954,0.4794,-39.3298,0.1149,0
EURJPY-M15,S1_BoxReclaim,NY1300,oos,218,0.3945,-0.2005,-0.1654,-5.3317,0.4202,-43.7075,0.1819,0
EURJPY-M15,S1_BoxReclaim,NY1400,oos,189,0.3704,-0.2241,-0.1685,-5.0316,0.3549,-42.3612,0.1864,1
EURJPY-M15,S1_BoxReclaim,NY1800,oos,249,0.4418,-0.2022,-0.1261,-5.3084,0.4533,-50.3426,0.1729,0
EURJPY-M15,S1_BoxReclaim,TYO0900,oos,253,0.3992,-0.1414,-0.0889,-4.4944,0.4858,-35.7706,0.1115,0
EURJPY-M15,S2_OpenExhaust,LON0800,dev,27,0.3333,-0.3238,-1.0,-1.829,0.4683,-8.7438,0.1111,0
EURJPY-M15,S2_OpenExhaust,NY0800,dev,35,0.4286,-0.0064,-0.3155,-0.0393,0.9852,-0.223,0.1064,0
EURJPY-M15,S2_OpenExhaust,NY0930,dev,41,0.5366,0.0953,0.0771,0.6992,1.3112,3.9084,0.107,0
EURJPY-M15,S2_OpenExhaust,NY1000,dev,31,0.4516,-0.0465,-0.1906,-0.2784,0.8875,-1.4414,0.1411,0
EURJPY-M15,S2_OpenExhaust,NY1100,dev,37,0.4324,-0.1839,-0.2009,-1.2159,0.6273,-6.8046,0.1618,0
EURJPY-M15,S2_OpenExhaust,NY1300,dev,31,0.4516,-0.1276,-0.1441,-0.729,0.7205,-3.9545,0.1685,0
EURJPY-M15,S2_OpenExhaust,NY1400,dev,19,0.4211,-0.2084,-0.1425,-1.1687,0.5164,-3.9605,0.1978,0
EURJPY-M15,S2_OpenExhaust,NY1800,dev,27,0.5185,0.0379,0.104,0.2042,1.0968,1.0229,0.1493,0
EURJPY-M15,S2_OpenExhaust,TYO0900,dev,24,0.3333,-0.3018,-0.3769,-2.2994,0.3297,-7.2422,0.1338,0
EURJPY-M15,S2_OpenExhaust,LON0800,oos,25,0.4,-0.2377,-1.0,-1.2097,0.5674,-5.9432,0.1636,0
EURJPY-M15,S2_OpenExhaust,NY0800,oos,23,0.3913,-0.0425,-0.1174,-0.1958,0.9128,-0.9775,0.158,0
EURJPY-M15,S2_OpenExhaust,NY0930,oos,29,0.3793,-0.2613,-0.637,-1.7064,0.489,-7.5782,0.1344,0
EURJPY-M15,S2_OpenExhaust,NY1000,oos,33,0.303,-0.2296,-0.2129,-1.9819,0.431,-7.5778,0.1505,0
EURJPY-M15,S2_OpenExhaust,NY1100,oos,28,0.3571,-0.3057,-0.295,-2.5645,0.3114,-8.5605,0.185,0
EURJPY-M15,S2_OpenExhaust,NY1300,oos,28,0.3214,-0.4655,-1.0,-3.4632,0.2455,-13.0341,0.2369,0
EURJPY-M15,S2_OpenExhaust,NY1400,oos,15,0.2,-0.3617,-0.4076,-1.9988,0.3102,-5.4256,0.244,0
EURJPY-M15,S2_OpenExhaust,NY1800,oos,24,0.3333,-0.1388,-1.0,-0.5738,0.7665,-3.3317,0.2339,0
EURJPY-M15,S2_OpenExhaust,TYO0900,oos,26,0.4615,-0.1098,-0.0937,-0.7886,0.6901,-2.8556,0.1829,0
EURJPY-M15,S3_IBBreak,LON0800,dev,159,0.2956,-0.1725,-0.2513,-3.025,0.546,-27.4207,0.1205,0
EURJPY-M15,S3_IBBreak,NY0800,dev,629,0.3307,-0.1336,-0.3233,-3.8451,0.7003,-84.0485,0.1316,0
EURJPY-M15,S3_IBBreak,NY0930,dev,151,0.3642,-0.0631,-0.243,-0.9903,0.8233,-9.5348,0.1174,0
EURJPY-M15,S3_IBBreak,NY1000,dev,85,0.4471,0.069,-0.0729,0.7565,1.2214,5.8667,0.1261,0
EURJPY-M15,S3_IBBreak,NY1100,dev,83,0.2771,-0.2692,-0.4019,-3.135,0.4454,-22.3448,0.1618,0
EURJPY-M15,S3_IBBreak,NY1300,dev,276,0.2826,-0.1691,-0.2761,-3.8983,0.5658,-46.6847,0.1744,0
EURJPY-M15,S3_IBBreak,NY1400,dev,284,0.2359,-0.2828,-0.398,-5.8208,0.4114,-80.3282,0.217,0
EURJPY-M15,S3_IBBreak,NY1800,dev,557,0.2801,-0.2051,-0.4362,-5.6051,0.583,-114.2359,0.1913,0
EURJPY-M15,S3_IBBreak,TYO0900,dev,317,0.3596,-0.0402,-0.2004,-0.927,0.878,-12.7439,0.1567,0
EURJPY-M15,S3_IBBreak,LON0800,oos,120,0.3167,-0.061,-0.125,-1.0389,0.7731,-7.325,0.1321,0
EURJPY-M15,S3_IBBreak,NY0800,oos,597,0.3015,-0.1566,-0.3444,-4.5316,0.6493,-93.4701,0.1646,0
EURJPY-M15,S3_IBBreak,NY0930,oos,263,0.308,-0.0832,-0.2162,-1.7088,0.7739,-21.8944,0.1498,0
EURJPY-M15,S3_IBBreak,NY1000,oos,225,0.28,-0.1813,-0.2857,-3.7642,0.5352,-40.7891,0.155,0
EURJPY-M15,S3_IBBreak,NY1100,oos,57,0.2632,-0.1235,-0.1725,-1.5792,0.5474,-7.0368,0.1514,0
EURJPY-M15,S3_IBBreak,NY1300,oos,232,0.2328,-0.3349,-0.4181,-7.6468,0.3024,-77.7052,0.2296,0
EURJPY-M15,S3_IBBreak,NY1400,oos,296,0.2128,-0.3022,-0.3609,-8.3296,0.3068,-89.4568,0.2527,0
EURJPY-M15,S3_IBBreak,NY1800,oos,444,0.2545,-0.2428,-0.3882,-6.6446,0.4823,-107.7928,0.2375,0
EURJPY-M15,S3_IBBreak,TYO0900,oos,329,0.2888,-0.1793,-0.3072,-4.5279,0.5435,-59.0002,0.1789,0
EURJPY-M15,S4_OpenRetest,LON0800,dev,311,0.373,-0.1923,-0.5946,-3.6621,0.6367,-59.8139,0.1498,0
EURJPY-M15,S4_OpenRetest,NY0800,dev,374,0.3957,-0.1569,-0.6907,-3.1461,0.7048,-58.6817,0.1417,0
EURJPY-M15,S4_OpenRetest,NY0930,dev,308,0.3636,-0.2001,-0.5245,-3.9291,0.6099,-61.6458,0.1636,0
EURJPY-M15,S4_OpenRetest,NY1000,dev,268,0.403,-0.1681,-0.4246,-3.1235,0.6544,-45.0546,0.1687,0
EURJPY-M15,S4_OpenRetest,NY1100,dev,288,0.3819,-0.1887,-0.4993,-3.5453,0.6334,-54.3472,0.1839,0
EURJPY-M15,S4_OpenRetest,NY1300,dev,301,0.3787,-0.2085,-0.3432,-3.795,0.5901,-62.7506,0.2063,1
EURJPY-M15,S4_OpenRetest,NY1400,dev,343,0.3003,-0.3111,-0.5828,-6.7189,0.43,-106.699,0.2372,1
EURJPY-M15,S4_OpenRetest,NY1800,dev,424,0.4057,-0.1424,-0.4345,-3.1109,0.7189,-60.3582,0.1802,0
EURJPY-M15,S4_OpenRetest,TYO0900,dev,277,0.4116,-0.1171,-0.2887,-2.1329,0.7521,-32.4416,0.1976,0
EURJPY-M15,S4_OpenRetest,LON0800,oos,237,0.3249,-0.2775,-1.0,-4.7306,0.5135,-65.7652,0.1928,0
EURJPY-M15,S4_OpenRetest,NY0800,oos,300,0.4167,-0.1264,-0.5872,-2.2395,0.7574,-37.9231,0.1653,0
EURJPY-M15,S4_OpenRetest,NY0930,oos,255,0.3882,-0.1994,-0.3493,-3.8151,0.5805,-50.8574,0.178,0
EURJPY-M15,S4_OpenRetest,NY1000,oos,234,0.4274,-0.098,-0.2947,-1.6801,0.7803,-22.9349,0.1984,0
EURJPY-M15,S4_OpenRetest,NY1100,oos,229,0.3275,-0.2805,-0.6479,-4.9702,0.4846,-64.2235,0.2268,0
EURJPY-M15,S4_OpenRetest,NY1300,oos,258,0.3178,-0.3074,-0.825,-5.4439,0.4522,-79.3074,0.2505,0
EURJPY-M15,S4_OpenRetest,NY1400,oos,241,0.2656,-0.3109,-0.4153,-6.1977,0.3755,-74.9245,0.2761,1
EURJPY-M15,S4_OpenRetest,NY1800,oos,305,0.3967,-0.1936,-0.5859,-3.697,0.6352,-59.0376,0.2129,0
EURJPY-M15,S4_OpenRetest,TYO0900,oos,252,0.377,-0.204,-0.3547,-3.8169,0.5814,-51.4187,0.2217,0
EURJPY-M15,S5_LevelSweep,LON0800,dev,196,0.4388,-0.1331,-0.201,-2.1661,0.7039,-26.0944,0.1391,0
EURJPY-M15,S5_LevelSweep,NY0800,dev,178,0.3989,-0.1974,-0.3594,-3.0365,0.5934,-35.143,0.1324,0
EURJPY-M15,S5_LevelSweep,NY0930,dev,190,0.4,-0.0748,-0.2495,-1.1328,0.8281,-14.2193,0.1343,0
EURJPY-M15,S5_LevelSweep,NY1000,dev,163,0.3436,-0.1919,-0.4204,-2.8215,0.6064,-31.2845,0.1417,0
EURJPY-M15,S5_LevelSweep,NY1100,dev,124,0.3065,-0.2728,-0.4451,-3.8811,0.4521,-33.8267,0.1583,0
EURJPY-M15,S5_LevelSweep,NY1300,dev,116,0.4569,-0.061,-0.0415,-0.8578,0.8265,-7.0778,0.1753,0
EURJPY-M15,S5_LevelSweep,NY1400,dev,91,0.3846,-0.273,-0.5822,-3.0825,0.4835,-24.8469,0.2015,0
EURJPY-M15,S5_LevelSweep,NY1800,dev,129,0.4729,-0.1431,-0.2778,-1.8938,0.6878,-18.4563,0.1687,0
EURJPY-M15,S5_LevelSweep,TYO0900,dev,171,0.4327,-0.0977,-0.1169,-1.5433,0.7574,-16.704,0.1642,0
EURJPY-M15,S5_LevelSweep,LON0800,oos,212,0.3632,-0.238,-0.3692,-4.4121,0.5011,-50.4614,0.1637,0
EURJPY-M15,S5_LevelSweep,NY0800,oos,188,0.367,-0.2538,-1.0,-3.8302,0.5439,-47.7199,0.1829,0
EURJPY-M15,S5_LevelSweep,NY0930,oos,181,0.4144,-0.0706,-0.1652,-1.0639,0.8338,-12.7794,0.1556,0
EURJPY-M15,S5_LevelSweep,NY1000,oos,169,0.4201,-0.1053,-0.1696,-1.5649,0.7594,-17.797,0.1535,0
EURJPY-M15,S5_LevelSweep,NY1100,oos,116,0.4224,-0.1264,-0.1544,-1.7043,0.6889,-14.6585,0.1926,0
EURJPY-M15,S5_LevelSweep,NY1300,oos,74,0.4054,-0.3212,-0.7802,-3.5357,0.4009,-23.7709,0.2383,0
EURJPY-M15,S5_LevelSweep,NY1400,oos,83,0.4217,-0.1505,-0.2588,-1.7003,0.6481,-12.492,0.2134,0
EURJPY-M15,S5_LevelSweep,NY1800,oos,83,0.3614,-0.1401,-0.3072,-1.44,0.7026,-11.6319,0.2218,0
EURJPY-M15,S5_LevelSweep,TYO0900,oos,157,0.3694,-0.201,-0.2789,-3.2041,0.5547,-31.5586,0.1762,0
GBPJPY-M15,S1_BoxReclaim,LON0800,dev,252,0.5079,-0.0362,0.0198,-0.9964,0.8599,-9.1243,0.0736,0
GBPJPY-M15,S1_BoxReclaim,NY0800,dev,109,0.5046,-0.0833,0.0108,-1.3619,0.7385,-9.0756,0.0816,0
GBPJPY-M15,S1_BoxReclaim,NY0930,dev,207,0.4106,-0.1234,-0.0892,-3.2157,0.5881,-25.543,0.0787,0
GBPJPY-M15,S1_BoxReclaim,NY1000,dev,294,0.415,-0.1285,-0.1309,-4.1242,0.5602,-37.7914,0.0828,0
GBPJPY-M15,S1_BoxReclaim,NY1100,dev,346,0.4422,-0.1106,-0.1082,-4.0314,0.5881,-38.2577,0.0906,0
GBPJPY-M15,S1_BoxReclaim,NY1300,dev,251,0.4143,-0.1619,-0.0977,-4.5148,0.4912,-40.6299,0.1167,0
GBPJPY-M15,S1_BoxReclaim,NY1400,dev,206,0.4078,-0.1381,-0.123,-3.4601,0.5455,-28.4544,0.1336,0
GBPJPY-M15,S1_BoxReclaim,NY1800,dev,208,0.4615,-0.1358,-0.0866,-3.1917,0.5977,-28.2432,0.1308,0
GBPJPY-M15,S1_BoxReclaim,TYO0900,dev,261,0.4215,-0.0767,-0.0778,-2.4271,0.6911,-20.0289,0.1016,0
GBPJPY-M15,S1_BoxReclaim,LON0800,oos,269,0.4089,-0.1396,-0.136,-4.0431,0.5597,-37.5476,0.0882,0
GBPJPY-M15,S1_BoxReclaim,NY0800,oos,85,0.5294,-0.0018,0.0294,-0.0315,0.9918,-0.1562,0.0943,0
GBPJPY-M15,S1_BoxReclaim,NY0930,oos,177,0.4915,-0.0536,-0.0056,-1.2542,0.8011,-9.4811,0.0901,0
GBPJPY-M15,S1_BoxReclaim,NY1000,oos,197,0.4467,-0.0987,-0.1125,-2.7384,0.6228,-19.4449,0.0855,0
GBPJPY-M15,S1_BoxReclaim,NY1100,oos,292,0.4144,-0.1029,-0.0985,-3.6837,0.5875,-30.0534,0.105,0
GBPJPY-M15,S1_BoxReclaim,NY1300,oos,235,0.4426,-0.1076,-0.0736,-3.0373,0.6204,-25.2832,0.1547,0
GBPJPY-M15,S1_BoxReclaim,NY1400,oos,202,0.4208,-0.1493,-0.0958,-3.7541,0.5181,-30.1518,0.1684,0
GBPJPY-M15,S1_BoxReclaim,NY1800,oos,272,0.3676,-0.2464,-0.2139,-7.018,0.3598,-67.0302,0.1796,0
GBPJPY-M15,S1_BoxReclaim,TYO0900,oos,250,0.464,-0.0717,-0.0441,-2.3992,0.6855,-17.9279,0.1234,0
GBPJPY-M15,S2_OpenExhaust,LON0800,dev,39,0.3077,-0.3892,-1.0,-3.0763,0.3395,-15.1795,0.1154,0
GBPJPY-M15,S2_OpenExhaust,NY0800,dev,29,0.3793,-0.1801,-0.4504,-1.0841,0.6424,-5.2241,0.1073,0
GBPJPY-M15,S2_OpenExhaust,NY0930,dev,29,0.3793,-0.1499,-0.1936,-1.0719,0.6137,-4.3464,0.1043,0
GBPJPY-M15,S2_OpenExhaust,NY1000,dev,36,0.25,-0.3813,-0.6481,-3.1252,0.3203,-13.7278,0.1376,0
GBPJPY-M15,S2_OpenExhaust,NY1100,dev,25,0.28,-0.32,-1.0,-1.6401,0.478,-8.0004,0.1618,0
GBPJPY-M15,S2_OpenExhaust,NY1300,dev,22,0.5455,-0.0349,0.2247,-0.1987,0.9103,-0.7673,0.168,0
GBPJPY-M15,S2_OpenExhaust,NY1400,dev,24,0.5,-0.0538,0.0223,-0.3082,0.8605,-1.2902,0.1891,0
GBPJPY-M15,S2_OpenExhaust,NY1800,dev,19,0.3684,-0.2794,-0.3051,-1.6859,0.4083,-5.3082,0.1526,0
GBPJPY-M15,S2_OpenExhaust,TYO0900,dev,32,0.4375,-0.1954,-0.2033,-1.3828,0.5524,-6.2523,0.1539,0
GBPJPY-M15,S2_OpenExhaust,LON0800,oos,37,0.2162,-0.407,-0.5887,-3.1111,0.2939,-15.0576,0.1255,0
GBPJPY-M15,S2_OpenExhaust,NY0800,oos,23,0.3478,-0.3021,-1.0,-1.6012,0.4857,-6.9494,0.1397,0
GBPJPY-M15,S2_OpenExhaust,NY0930,oos,21,0.3333,-0.2745,-0.2256,-1.8923,0.3849,-5.7641,0.1281,0
GBPJPY-M15,S2_OpenExhaust,NY1000,oos,25,0.2,-0.4614,-0.5251,-3.7542,0.1621,-11.535,0.1279,0
GBPJPY-M15,S2_OpenExhaust,NY1100,oos,29,0.3103,-0.2806,-0.5489,-1.7885,0.482,-8.1369,0.1899,0
GBPJPY-M15,S2_OpenExhaust,NY1300,oos,21,0.381,-0.3276,-0.4545,-2.1749,0.3288,-6.8799,0.2146,0
GBPJPY-M15,S2_OpenExhaust,NY1400,oos,26,0.4615,-0.1801,-0.1127,-1.1513,0.6002,-4.6831,0.2341,0
GBPJPY-M15,S2_OpenExhaust,NY1800,oos,19,0.2632,-0.3715,-1.0,-1.7201,0.4335,-7.0589,0.2376,0
GBPJPY-M15,S2_OpenExhaust,TYO0900,oos,28,0.3929,-0.042,-0.0282,-0.279,0.8787,-1.176,0.1919,0
GBPJPY-M15,S3_IBBreak,LON0800,dev,239,0.3222,-0.1207,-0.1981,-2.921,0.6129,-28.8536,0.107,0
GBPJPY-M15,S3_IBBreak,NY0800,dev,617,0.3241,-0.1092,-0.2974,-3.1071,0.7472,-67.3544,0.1351,0
GBPJPY-M15,S3_IBBreak,NY0930,dev,157,0.2803,-0.1967,-0.2825,-3.2897,0.5256,-30.8792,0.1257,0
GBPJPY-M15,S3_IBBreak,NY1000,dev,103,0.2913,-0.1513,-0.2533,-2.0357,0.5964,-15.5844,0.1266,0
GBPJPY-M15,S3_IBBreak,NY1100,dev,60,0.2667,-0.3524,-0.4852,-3.6969,0.3192,-21.1452,0.1445,0
GBPJPY-M15,S3_IBBreak,NY1300,dev,253,0.3004,-0.1995,-0.3138,-4.3574,0.5209,-50.4695,0.1887,0
GBPJPY-M15,S3_IBBreak,NY1400,dev,271,0.214,-0.4062,-0.4972,-9.4899,0.2599,-110.078,0.2311,0
GBPJPY-M15,S3_IBBreak,NY1800,dev,597,0.273,-0.2,-0.399,-5.7564,0.58,-119.4072,0.2062,0
GBPJPY-M15,S3_IBBreak,TYO0900,dev,355,0.2817,-0.1412,-0.2598,-3.5152,0.6317,-50.1265,0.1699,0
GBPJPY-M15,S3_IBBreak,LON0800,oos,131,0.3511,-0.0199,-0.1749,-0.304,0.9345,-2.613,0.1253,0
GBPJPY-M15,S3_IBBreak,NY0800,oos,562,0.3274,-0.1204,-0.2993,-3.3647,0.7141,-67.6408,0.1531,0
GBPJPY-M15,S3_IBBreak,NY0930,oos,246,0.3415,-0.1694,-0.2711,-3.3994,0.587,-41.6767,0.1356,0
GBPJPY-M15,S3_IBBreak,NY1000,oos,236,0.3051,-0.1541,-0.228,-3.2729,0.588,-36.3689,0.137,0
GBPJPY-M15,S3_IBBreak,NY1100,oos,39,0.2821,-0.2136,-0.3395,-1.8903,0.4787,-8.3312,0.1436,0
GBPJPY-M15,S3_IBBreak,NY1300,oos,225,0.2489,-0.2848,-0.3918,-6.3961,0.363,-64.0912,0.2044,0
GBPJPY-M15,S3_IBBreak,NY1400,oos,261,0.2299,-0.3304,-0.4151,-8.4943,0.2889,-86.2306,0.2399,0
GBPJPY-M15,S3_IBBreak,NY1800,oos,421,0.2375,-0.27,-0.3745,-7.8866,0.4006,-113.6757,0.238,0
GBPJPY-M15,S3_IBBreak,TYO0900,oos,306,0.2745,-0.2253,-0.308,-5.8015,0.4469,-68.9546,0.2032,0
GBPJPY-M15,S4_OpenRetest,LON0800,dev,313,0.4058,-0.1418,-0.5087,-2.6533,0.7198,-44.3928,0.1367,0
GBPJPY-M15,S4_OpenRetest,NY0800,dev,370,0.4162,-0.0938,-0.3847,-1.864,0.809,-34.6893,0.1408,0
GBPJPY-M15,S4_OpenRetest,NY0930,dev,322,0.3696,-0.2306,-0.5432,-4.7266,0.5549,-74.2474,0.1571,0
GBPJPY-M15,S4_OpenRetest,NY1000,dev,294,0.4286,-0.1283,-0.2678,-2.287,0.7336,-37.7227,0.1787,0
GBPJPY-M15,S4_OpenRetest,NY1100,dev,316,0.3987,-0.1583,-0.3722,-3.1228,0.6767,-50.037,0.1866,0
GBPJPY-M15,S4_OpenRetest,NY1300,dev,310,0.3129,-0.3391,-0.9327,-7.1683,0.4077,-105.1135,0.2144,0
GBPJPY-M15,S4_OpenRetest,NY1400,dev,329,0.2827,-0.3239,-0.4738,-7.1883,0.3898,-106.572,0.2422,1
GBPJPY-M15,S4_OpenRetest,NY1800,dev,418,0.3828,-0.1902,-0.6095,-4.1978,0.6408,-79.5123,0.1956,0
GBPJPY-M15,S4_OpenRetest,TYO0900,dev,278,0.3705,-0.2184,-0.3919,-4.2288,0.5679,-60.7082,0.2025,0
GBPJPY-M15,S4_OpenRetest,LON0800,oos,260,0.4077,-0.1494,-0.3161,-2.6309,0.6948,-38.8482,0.1707,0
GBPJPY-M15,S4_OpenRetest,NY0800,oos,307,0.4039,-0.1239,-0.6473,-2.2001,0.7626,-38.0409,0.1593,0
GBPJPY-M15,S4_OpenRetest,NY0930,oos,278,0.3669,-0.2214,-0.4004,-4.5513,0.5389,-61.5503,0.1629,0
GBPJPY-M15,S4_OpenRetest,NY1000,oos,225,0.3778,-0.2198,-0.4602,-3.9644,0.5544,-49.4533,0.1932,0
GBPJPY-M15,S4_OpenRetest,NY1100,oos,196,0.3622,-0.2189,-0.5526,-3.3742,0.5881,-42.909,0.221,0
GBPJPY-M15,S4_OpenRetest,NY1300,oos,252,0.2619,-0.379,-1.0,-7.2195,0.3608,-95.5173,0.2492,0
GBPJPY-M15,S4_OpenRetest,NY1400,oos,249,0.2731,-0.4097,-0.5159,-7.108,0.3038,-102.0252,0.2634,3
GBPJPY-M15,S4_OpenRetest,NY1800,oos,289,0.3702,-0.255,-1.0,-4.9307,0.5341,-73.6807,0.2413,0
GBPJPY-M15,S4_OpenRetest,TYO0900,oos,239,0.3849,-0.1812,-0.3325,-3.2769,0.6226,-43.3068,0.2395,0
GBPJPY-M15,S5_LevelSweep,LON0800,dev,231,0.4286,-0.0708,-0.1134,-1.2518,0.8244,-16.3587,0.1319,0
GBPJPY-M15,S5_LevelSweep,NY0800,dev,168,0.3452,-0.211,-0.4936,-3.0356,0.5956,-35.4557,0.144,0
GBPJPY-M15,S5_LevelSweep,NY0930,dev,181,0.4254,-0.1063,-0.2784,-1.5675,0.7706,-19.2432,0.133,0
GBPJPY-M15,S5_LevelSweep,NY1000,dev,182,0.3846,-0.1762,-0.425,-2.6816,0.6386,-32.0638,0.1356,0
GBPJPY-M15,S5_LevelSweep,NY1100,dev,133,0.3534,-0.199,-0.3614,-2.7229,0.5792,-26.4735,0.1475,0
GBPJPY-M15,S5_LevelSweep,NY1300,dev,103,0.2913,-0.3335,-0.5434,-4.4719,0.3702,-34.352,0.1745,0
GBPJPY-M15,S5_LevelSweep,NY1400,dev,87,0.3908,-0.2531,-0.4348,-3.0321,0.4812,-22.0236,0.1959,0
GBPJPY-M15,S5_LevelSweep,NY1800,dev,131,0.3817,-0.1941,-0.392,-2.6552,0.5935,-25.4268,0.1784,0
GBPJPY-M15,S5_LevelSweep,TYO0900,dev,172,0.4012,-0.1053,-0.2198,-1.6126,0.7562,-18.1137,0.1585,0
GBPJPY-M15,S5_LevelSweep,LON0800,oos,202,0.4257,-0.1386,-0.1981,-2.2897,0.6948,-27.9964,0.1595,0
GBPJPY-M15,S5_LevelSweep,NY0800,oos,157,0.3376,-0.279,-0.5205,-4.2722,0.4579,-43.8106,0.1648,0
GBPJPY-M15,S5_LevelSweep,NY0930,oos,171,0.3977,-0.1792,-0.3578,-2.8309,0.6179,-30.6359,0.1473,0
GBPJPY-M15,S5_LevelSweep,NY1000,oos,161,0.3975,-0.1735,-0.2829,-2.8377,0.5955,-27.9352,0.1437,0
GBPJPY-M15,S5_LevelSweep,NY1100,oos,139,0.3453,-0.263,-0.3761,-4.0458,0.4566,-36.5559,0.1669,0
GBPJPY-M15,S5_LevelSweep,NY1300,oos,68,0.3676,-0.233,-0.4321,-2.3128,0.5349,-15.8438,0.2254,0
GBPJPY-M15,S5_LevelSweep,NY1400,oos,71,0.3944,-0.162,-0.2184,-1.6027,0.6484,-11.5044,0.2296,0
GBPJPY-M15,S5_LevelSweep,NY1800,oos,73,0.3836,-0.2132,-0.2712,-2.5361,0.4956,-15.56,0.212,0
GBPJPY-M15,S5_LevelSweep,TYO0900,oos,129,0.3333,-0.2725,-0.3686,-3.8904,0.4562,-35.148,0.2189,0
EURGBP-M15,S1_BoxReclaim,LON0800,dev,216,0.4352,-0.1657,-0.11,-4.2508,0.4999,-35.7948,0.099,0
EURGBP-M15,S1_BoxReclaim,NY0800,dev,132,0.4167,-0.1718,-0.0674,-3.4629,0.4805,-22.6788,0.1252,0
EURGBP-M15,S1_BoxReclaim,NY0930,dev,176,0.4205,-0.1185,-0.1148,-2.9033,0.5923,-20.8542,0.118,0
EURGBP-M15,S1_BoxReclaim,NY1000,dev,290,0.431,-0.0917,-0.0701,-3.2065,0.6239,-26.5916,0.124,0
EURGBP-M15,S1_BoxReclaim,NY1100,dev,343,0.3994,-0.132,-0.1164,-5.2034,0.4933,-45.286,0.1392,0
EURGBP-M15,S1_BoxReclaim,NY1300,dev,252,0.377,-0.1566,-0.1712,-5.2365,0.4473,-39.4542,0.1806,0
EURGBP-M15,S1_BoxReclaim,NY1400,dev,243,0.3333,-0.2044,-0.1931,-5.9838,0.3673,-49.6809,0.2127,0
EURGBP-M15,S1_BoxReclaim,NY1800,dev,249,0.3735,-0.2495,-0.2791,-6.8463,0.3623,-62.1334,0.2342,0
EURGBP-M15,S1_BoxReclaim,TYO0900,dev,222,0.3198,-0.2286,-0.1984,-7.1385,0.298,-50.7484,0.2071,0
EURGBP-M15,S1_BoxReclaim,LON0800,oos,229,0.4498,-0.1156,-0.0612,-3.0283,0.6254,-26.4785,0.109,0
EURGBP-M15,S1_BoxReclaim,NY0800,oos,98,0.4388,-0.1803,-0.1343,-3.0196,0.4757,-17.6689,0.1107,0
EURGBP-M15,S1_BoxReclaim,NY0930,oos,131,0.4733,-0.1509,-0.0554,-2.8888,0.544,-19.7636,0.1183,0
EURGBP-M15,S1_BoxReclaim,NY1000,oos,159,0.4465,-0.0635,-0.0795,-1.5961,0.7372,-10.0903,0.1096,0
EURGBP-M15,S1_BoxReclaim,NY1100,oos,321,0.3988,-0.1382,-0.096,-5.0284,0.4928,-44.3592,0.1235,0
EURGBP-M15,S1_BoxReclaim,NY1300,oos,223,0.3049,-0.2841,-0.2508,-8.1175,0.2648,-63.3641,0.1866,0
EURGBP-M15,S1_BoxReclaim,NY1400,oos,184,0.3913,-0.2036,-0.1926,-5.1683,0.3874,-37.4657,0.2096,0
EURGBP-M15,S1_BoxReclaim,NY1800,oos,317,0.2397,-0.2962,-0.2642,-11.0235,0.2079,-93.8983,0.2377,0
EURGBP-M15,S1_BoxReclaim,TYO0900,oos,209,0.2823,-0.2807,-0.2516,-8.4914,0.2206,-58.6669,0.2332,0
EURGBP-M15,S2_OpenExhaust,LON0800,dev,40,0.275,-0.3666,-0.8288,-2.8643,0.3468,-14.6651,0.1346,0
EURGBP-M15,S2_OpenExhaust,NY0800,dev,25,0.52,0.0424,0.0786,0.257,1.1238,1.0601,0.1319,0
EURGBP-M15,S2_OpenExhaust,NY0930,dev,26,0.4231,-0.2207,-0.3357,-1.4096,0.5323,-5.7387,0.1566,0
EURGBP-M15,S2_OpenExhaust,NY1000,dev,30,0.4667,-0.1664,-0.1327,-1.1623,0.6162,-4.9924,0.1763,0
EURGBP-M15,S2_OpenExhaust,NY1100,dev,32,0.3438,-0.222,-0.5505,-1.4575,0.5666,-7.1026,0.2194,0
EURGBP-M15,S2_OpenExhaust,NY1300,dev,15,0.3333,-0.2035,-0.441,-1.1143,0.5275,-3.0521,0.2475,0
EURGBP-M15,S2_OpenExhaust,NY1400,dev,13,0.1538,-0.603,-1.0,-3.7728,0.0792,-7.8392,0.2585,0
EURGBP-M15,S2_OpenExhaust,NY1800,dev,15,0.4667,-0.1194,-0.3602,-0.4838,0.7566,-1.7914,0.3037,0
EURGBP-M15,S2_OpenExhaust,TYO0900,dev,25,0.24,-0.4886,-1.0,-3.8588,0.1956,-12.214,0.3028,0
EURGBP-M15,S2_OpenExhaust,LON0800,oos,27,0.2593,-0.5115,-1.0,-3.2636,0.2807,-13.8095,0.1458,0
EURGBP-M15,S2_OpenExhaust,NY0800,oos,23,0.5217,0.0137,0.3272,0.0574,1.0287,0.3155,0.1444,0
EURGBP-M15,S2_OpenExhaust,NY0930,oos,31,0.3226,-0.3176,-0.3893,-2.5855,0.3407,-9.8469,0.1274,0
EURGBP-M15,S2_OpenExhaust,NY1000,oos,28,0.3571,-0.1561,-0.2238,-1.1213,0.6033,-4.3715,0.1392,0
EURGBP-M15,S2_OpenExhaust,NY1100,oos,26,0.2308,-0.4196,-0.5832,-2.8256,0.2843,-10.9098,0.2328,0
EURGBP-M15,S2_OpenExhaust,NY1300,oos,19,0.4211,-0.3061,-1.0,-1.6809,0.4399,-5.8155,0.266,0
EURGBP-M15,S2_OpenExhaust,NY1400,oos,24,0.125,-0.5731,-1.0,-4.1495,0.1325,-13.755,0.2864,0
EURGBP-M15,S2_OpenExhaust,NY1800,oos,3,0.3333,-0.5175,-1.0,-1.0726,0.2237,-1.5526,0.4041,0
EURGBP-M15,S2_OpenExhaust,TYO0900,oos,17,0.5294,-0.1445,0.0047,-0.8528,0.6134,-2.4562,0.2846,0
EURGBP-M15,S3_IBBreak,LON0800,dev,280,0.3393,-0.0706,-0.131,-1.8079,0.7509,-19.7541,0.1368,0
EURGBP-M15,S3_IBBreak,NY0800,dev,495,0.2909,-0.2073,-0.3558,-5.9157,0.5357,-102.6223,0.1705,0
EURGBP-M15,S3_IBBreak,NY0930,dev,257,0.3191,-0.1838,-0.2644,-4.1353,0.5297,-47.224,0.1692,0
EURGBP-M15,S3_IBBreak,NY1000,dev,171,0.2749,-0.1851,-0.2542,-3.5392,0.4985,-31.6437,0.1662,0
EURGBP-M15,S3_IBBreak,NY1100,dev,92,0.2283,-0.352,-0.4935,-4.7845,0.3286,-32.3815,0.2249,0
EURGBP-M15,S3_IBBreak,NY1300,dev,225,0.2489,-0.304,-0.4402,-6.8428,0.3446,-68.4003,0.2561,0
EURGBP-M15,S3_IBBreak,NY1400,dev,211,0.218,-0.3347,-0.4848,-6.4975,0.3474,-70.6243,0.3019,1
EURGBP-M15,S3_IBBreak,NY1800,dev,308,0.1818,-0.3829,-0.4836,-10.6064,0.2518,-117.9364,0.3048,0
EURGBP-M15,S3_IBBreak,TYO0900,dev,333,0.1922,-0.3357,-0.4175,-10.0344,0.2777,-111.8011,0.2916,0
EURGBP-M15,S3_IBBreak,LON0800,oos,181,0.3094,-0.1509,-0.2431,-2.8753,0.5836,-27.3173,0.1515,0
EURGBP-M15,S3_IBBreak,NY0800,oos,485,0.2845,-0.1917,-0.3318,-5.3139,0.5647,-92.9772,0.1883,0
EURGBP-M15,S3_IBBreak,NY0930,oos,348,0.3506,-0.1208,-0.2354,-2.7629,0.7018,-42.0451,0.1676,0
EURGBP-M15,S3_IBBreak,NY1000,oos,309,0.2557,-0.2433,-0.3558,-5.9964,0.4375,-75.1682,0.1646,0
EURGBP-M15,S3_IBBreak,NY1100,oos,55,0.2909,-0.2256,-0.3699,-2.4598,0.4455,-12.4075,0.1812,0
EURGBP-M15,S3_IBBreak,NY1300,oos,198,0.1818,-0.3429,-0.4426,-7.426,0.287,-67.8862,0.258,0
EURGBP-M15,S3_IBBreak,NY1400,oos,277,0.1625,-0.3739,-0.4481,-10.9026,0.2134,-103.5616,0.2957,0
EURGBP-M15,S3_IBBreak,NY1800,oos,188,0.1862,-0.3629,-0.4006,-8.8002,0.228,-68.2182,0.3029,0
EURGBP-M15,S3_IBBreak,TYO0900,oos,301,0.1761,-0.377,-0.4211,-12.3827,0.1909,-113.4765,0.3211,0
EURGBP-M15,S4_OpenRetest,LON0800,dev,303,0.3498,-0.2404,-1.0,-4.4791,0.5749,-72.8555,0.1897,0
EURGBP-M15,S4_OpenRetest,NY0800,dev,385,0.3766,-0.2308,-0.8371,-5.0468,0.5736,-88.858,0.1869,0
EURGBP-M15,S4_OpenRetest,NY0930,dev,319,0.3292,-0.3005,-0.4522,-7.0521,0.4108,-95.8611,0.1928,0
EURGBP-M15,S4_OpenRetest,NY1000,dev,286,0.3671,-0.2336,-0.417,-4.8721,0.5237,-66.8182,0.2206,0
EURGBP-M15,S4_OpenRetest,NY1100,dev,279,0.3226,-0.2922,-0.6237,-5.8583,0.4605,-81.5165,0.2515,0
EURGBP-M15,S4_OpenRetest,NY1300,dev,280,0.3036,-0.3539,-0.5688,-7.7112,0.3514,-99.0992,0.2813,0
EURGBP-M15,S4_OpenRetest,NY1400,dev,297,0.2189,-0.4117,-0.5868,-8.2701,0.2799,-122.2756,0.2995,1
EURGBP-M15,S4_OpenRetest,NY1800,dev,336,0.3065,-0.4043,-1.0,-10.0771,0.307,-135.861,0.313,0
EURGBP-M15,S4_OpenRetest,TYO0900,dev,270,0.3111,-0.3684,-0.7723,-8.1493,0.3428,-99.4715,0.3016,0
EURGBP-M15,S4_OpenRetest,LON0800,oos,269,0.3717,-0.2117,-0.5423,-3.9249,0.5905,-56.9508,0.1908,0
EURGBP-M15,S4_OpenRetest,NY0800,oos,301,0.3821,-0.2181,-1.0,-3.9928,0.613,-65.6589,0.1908,0
EURGBP-M15,S4_OpenRetest,NY0930,oos,288,0.3472,-0.2295,-0.4513,-4.6561,0.5375,-66.0967,0.1881,0
EURGBP-M15,S4_OpenRetest,NY1000,oos,249,0.3293,-0.3,-0.624,-5.9197,0.437,-74.697,0.2076,0
EURGBP-M15,S4_OpenRetest,NY1100,oos,208,0.3702,-0.213,-0.4354,-3.6626,0.5736,-44.3039,0.2377,0
EURGBP-M15,S4_OpenRetest,NY1300,oos,228,0.2588,-0.396,-0.7888,-7.7515,0.3252,-90.2899,0.2927,0
EURGBP-M15,S4_OpenRetest,NY1400,oos,244,0.2336,-0.4448,-0.5839,-10.6527,0.2051,-108.5283,0.3063,0
EURGBP-M15,S4_OpenRetest,NY1800,oos,213,0.3756,-0.3054,-0.5159,-5.8511,0.417,-65.0485,0.3255,0
EURGBP-M15,S4_OpenRetest,TYO0900,oos,226,0.2965,-0.4258,-0.7351,-9.5195,0.2517,-96.2341,0.3309,0
EURGBP-M15,S5_LevelSweep,LON0800,dev,265,0.4038,-0.1356,-0.3043,-2.5164,0.7044,-35.9421,0.173,0
EURGBP-M15,S5_LevelSweep,NY0800,dev,179,0.3575,-0.2172,-0.5041,-3.419,0.5607,-38.8808,0.1848,0
EURGBP-M15,S5_LevelSweep,NY0930,dev,207,0.3333,-0.2451,-0.312,-4.4086,0.4918,-50.7323,0.1859,0
EURGBP-M15,S5_LevelSweep,NY1000,dev,202,0.3515,-0.2365,-0.2053,-4.4179,0.4819,-47.7671,0.1816,0
EURGBP-M15,S5_LevelSweep,NY1100,dev,155,0.2968,-0.2969,-0.3505,-5.1404,0.3762,-46.016,0.1981,0
EURGBP-M15,S5_LevelSweep,NY1300,dev,93,0.2473,-0.4216,-0.5495,-6.5144,0.2121,-39.2118,0.2497,0
EURGBP-M15,S5_LevelSweep,NY1400,dev,69,0.3333,-0.2977,-0.2545,-4.1136,0.2965,-20.5387,0.2459,0
EURGBP-M15,S5_LevelSweep,NY1800,dev,70,0.3571,-0.3365,-0.4787,-4.3034,0.3146,-23.5559,0.2584,0
EURGBP-M15,S5_LevelSweep,TYO0900,dev,84,0.3214,-0.3017,-0.3916,-4.1165,0.3474,-25.3446,0.2534,0
EURGBP-M15,S5_LevelSweep,LON0800,oos,205,0.3463,-0.2187,-0.5031,-3.595,0.5753,-44.8368,0.1987,0
EURGBP-M15,S5_LevelSweep,NY0800,oos,162,0.358,-0.3065,-0.9807,-4.6035,0.4553,-49.6504,0.1854,0
EURGBP-M15,S5_LevelSweep,NY0930,oos,192,0.3125,-0.3239,-0.618,-5.6453,0.4091,-62.1949,0.1778,0
EURGBP-M15,S5_LevelSweep,NY1000,oos,174,0.3276,-0.2574,-0.4598,-4.1195,0.4986,-44.7807,0.1833,0
EURGBP-M15,S5_LevelSweep,NY1100,oos,140,0.3143,-0.3107,-0.34,-5.3953,0.3503,-43.4911,0.2026,0
EURGBP-M15,S5_LevelSweep,NY1300,oos,96,0.25,-0.4065,-0.6363,-5.0806,0.3075,-39.0251,0.2464,0
EURGBP-M15,S5_LevelSweep,NY1400,oos,76,0.3289,-0.2883,-0.4666,-3.3969,0.407,-21.9106,0.2472,0
EURGBP-M15,S5_LevelSweep,NY1800,oos,64,0.3438,-0.1306,-0.1069,-1.7862,0.5539,-8.3588,0.2647,0
EURGBP-M15,S5_LevelSweep,TYO0900,oos,53,0.1887,-0.4491,-0.5,-5.9361,0.1537,-23.8035,0.2977,0
EURCHF-M15,S1_BoxReclaim,LON0800,dev,208,0.4471,-0.1216,-0.0857,-3.3649,0.5629,-25.2992,0.171,0
EURCHF-M15,S1_BoxReclaim,NY0800,dev,104,0.3942,-0.147,-0.1448,-2.6664,0.5403,-15.2874,0.1835,0
EURCHF-M15,S1_BoxReclaim,NY0930,dev,174,0.4425,-0.1402,-0.1262,-3.5231,0.5294,-24.391,0.166,0
EURCHF-M15,S1_BoxReclaim,NY1000,dev,295,0.3322,-0.2254,-0.2535,-7.6058,0.3432,-66.5075,0.1803,0
EURCHF-M15,S1_BoxReclaim,NY1100,dev,297,0.3434,-0.1924,-0.1585,-6.9978,0.3648,-57.1505,0.1887,0
EURCHF-M15,S1_BoxReclaim,NY1300,dev,205,0.2829,-0.2887,-0.227,-6.6503,0.2376,-59.1802,0.2418,1
EURCHF-M15,S1_BoxReclaim,NY1400,dev,188,0.2926,-0.2354,-0.2015,-6.7948,0.2859,-44.249,0.2456,0
EURCHF-M15,S1_BoxReclaim,NY1800,dev,260,0.2577,-0.3131,-0.2919,-11.0907,0.1799,-81.3978,0.2468,0
EURCHF-M15,S1_BoxReclaim,TYO0900,dev,179,0.2626,-0.3037,-0.2775,-9.0059,0.1856,-54.3544,0.2451,0
EURCHF-M15,S1_BoxReclaim,LON0800,oos,217,0.3825,-0.1491,-0.1412,-4.3005,0.4946,-32.3645,0.1593,0
EURCHF-M15,S1_BoxReclaim,NY0800,oos,85,0.4706,-0.1227,-0.0246,-1.884,0.6155,-10.4326,0.1856,0
EURCHF-M15,S1_BoxReclaim,NY0930,oos,131,0.4122,-0.184,-0.1964,-3.6711,0.47,-24.1048,0.1632,0
EURCHF-M15,S1_BoxReclaim,NY1000,oos,165,0.3879,-0.173,-0.1577,-4.2881,0.4379,-28.5413,0.1705,0
EURCHF-M15,S1_BoxReclaim,NY1100,oos,308,0.3052,-0.2168,-0.1806,-8.0663,0.3027,-66.7837,0.1922,0
EURCHF-M15,S1_BoxReclaim,NY1300,oos,188,0.3245,-0.2839,-0.2645,-7.523,0.2378,-53.3815,0.2706,0
EURCHF-M15,S1_BoxReclaim,NY1400,oos,168,0.3869,-0.2198,-0.1933,-5.0491,0.3753,-36.9231,0.2772,0
EURCHF-M15,S1_BoxReclaim,NY1800,oos,299,0.2341,-0.312,-0.2632,-12.6479,0.1464,-93.2971,0.2398,0
EURCHF-M15,S1_BoxReclaim,TYO0900,oos,221,0.2805,-0.3058,-0.2857,-9.301,0.2151,-67.5862,0.286,0
EURCHF-M15,S2_OpenExhaust,LON0800,dev,28,0.3214,-0.2219,-0.4427,-1.406,0.5397,-6.2143,0.241,0
EURCHF-M15,S2_OpenExhaust,NY0800,dev,25,0.24,-0.3401,-0.5176,-2.1424,0.3727,-8.5028,0.2475,0
EURCHF-M15,S2_OpenExhaust,NY0930,dev,28,0.3929,-0.2633,-0.4994,-1.9341,0.4383,-7.3727,0.2382,0
EURCHF-M15,S2_OpenExhaust,NY1000,dev,29,0.3793,-0.2536,-1.0,-1.4363,0.5651,-7.3547,0.2742,0
EURCHF-M15,S2_OpenExhaust,NY1100,dev,27,0.3333,-0.2585,-0.3746,-1.875,0.4193,-6.98,0.2818,0
EURCHF-M15,S2_OpenExhaust,NY1300,dev,18,0.5,-0.2135,-0.1386,-1.1712,0.548,-3.8436,0.2851,0
EURCHF-M15,S2_OpenExhaust,NY1400,dev,15,0.4,-0.3503,-1.0,-1.5793,0.4161,-5.2549,0.3318,0
EURCHF-M15,S2_OpenExhaust,NY1800,dev,9,0.4444,-0.178,-0.8306,-0.5352,0.6684,-1.6016,0.3746,0
EURCHF-M15,S2_OpenExhaust,TYO0900,dev,11,0.0,-0.8292,-1.0,-12.5531,0.0,-9.1211,0.346,0
EURCHF-M15,S2_OpenExhaust,LON0800,oos,27,0.2963,-0.3631,-0.6683,-2.6061,0.3418,-9.8041,0.256,0
EURCHF-M15,S2_OpenExhaust,NY0800,oos,25,0.36,-0.2221,-0.4987,-1.2319,0.5913,-5.5532,0.2519,0
EURCHF-M15,S2_OpenExhaust,NY0930,oos,30,0.3333,-0.251,-0.2249,-1.789,0.4211,-7.5293,0.2173,0
EURCHF-M15,S2_OpenExhaust,NY1000,oos,25,0.36,-0.1924,-0.2847,-1.2862,0.5394,-4.8108,0.2298,0
EURCHF-M15,S2_OpenExhaust,NY1100,oos,32,0.25,-0.449,-1.0,-3.4516,0.2678,-14.367,0.2835,0
EURCHF-M15,S2_OpenExhaust,NY1300,oos,13,0.4615,-0.2324,-0.1075,-1.5554,0.3211,-3.0213,0.3138,0
EURCHF-M15,S2_OpenExhaust,NY1400,oos,9,0.4444,-0.0699,-0.3261,-0.2976,0.7772,-0.6288,0.3425,0
EURCHF-M15,S2_OpenExhaust,NY1800,oos,8,0.25,-0.5265,-1.0,-1.9635,0.2074,-4.2122,0.3763,0
EURCHF-M15,S2_OpenExhaust,TYO0900,oos,14,0.1429,-0.5888,-1.0,-3.6129,0.1212,-8.2426,0.3367,0
EURCHF-M15,S3_IBBreak,LON0800,dev,183,0.2404,-0.3165,-0.381,-6.3954,0.3232,-57.9143,0.2602,0
EURCHF-M15,S3_IBBreak,NY0800,dev,463,0.2527,-0.2712,-0.4259,-7.7993,0.4302,-125.582,0.241,0
EURCHF-M15,S3_IBBreak,NY0930,dev,239,0.1967,-0.3591,-0.5233,-7.7298,0.3137,-85.8315,0.2314,0
EURCHF-M15,S3_IBBreak,NY1000,dev,142,0.2183,-0.3152,-0.4023,-5.4262,0.3411,-44.7538,0.2245,0
EURCHF-M15,S3_IBBreak,NY1100,dev,76,0.2105,-0.3324,-0.4759,-4.2843,0.3225,-25.2638,0.284,0
EURCHF-M15,S3_IBBreak,NY1300,dev,203,0.1773,-0.3645,-0.4138,-8.9981,0.2298,-73.9934,0.2791,0
EURCHF-M15,S3_IBBreak,NY1400,dev,195,0.1282,-0.4669,-0.5556,-11.689,0.1476,-91.041,0.3133,0
EURCHF-M15,S3_IBBreak,NY1800,dev,226,0.1593,-0.3792,-0.4391,-10.1155,0.2026,-85.705,0.3382,0
EURCHF-M15,S3_IBBreak,TYO0900,dev,232,0.1466,-0.4217,-0.4472,-12.0976,0.1511,-97.8345,0.3307,0
EURCHF-M15,S3_IBBreak,LON0800,oos,155,0.271,-0.2367,-0.3168,-4.6757,0.4014,-36.6859,0.2165,0
EURCHF-M15,S3_IBBreak,NY0800,oos,509,0.2043,-0.3412,-0.4348,-10.8625,0.3273,-173.6884,0.2658,0
EURCHF-M15,S3_IBBreak,NY0930,oos,361,0.2244,-0.339,-0.4078,-9.7496,0.2917,-122.3864,0.2428,0
EURCHF-M15,S3_IBBreak,NY1000,oos,276,0.2319,-0.2673,-0.3519,-6.4801,0.3896,-73.7855,0.2283,0
EURCHF-M15,S3_IBBreak,NY1100,oos,54,0.2407,-0.1225,-0.1386,-1.4665,0.5735,-6.6138,0.2762,0
EURCHF-M15,S3_IBBreak,NY1300,oos,211,0.1232,-0.4109,-0.4466,-11.4543,0.1526,-86.692,0.3201,0
EURCHF-M15,S3_IBBreak,NY1400,oos,224,0.1161,-0.4836,-0.5219,-14.7451,0.1008,-108.3215,0.3442,0
EURCHF-M15,S3_IBBreak,NY1800,oos,168,0.1607,-0.3738,-0.4435,-9.7282,0.1625,-62.801,0.3386,0
EURCHF-M15,S3_IBBreak,TYO0900,oos,242,0.1694,-0.404,-0.4305,-12.7259,0.1579,-97.7619,0.3477,0
EURCHF-M15,S4_OpenRetest,LON0800,dev,279,0.3548,-0.2641,-0.5897,-5.2359,0.5063,-73.6749,0.258,0
EURCHF-M15,S4_OpenRetest,NY0800,dev,358,0.3268,-0.3194,-1.0,-6.8417,0.457,-114.3469,0.2505,0
EURCHF-M15,S4_OpenRetest,NY0930,dev,286,0.3042,-0.3131,-0.555,-6.6391,0.4181,-89.5444,0.2493,0
EURCHF-M15,S4_OpenRetest,NY1000,dev,218,0.3624,-0.2662,-0.4364,-5.1118,0.4521,-58.03,0.2492,0
EURCHF-M15,S4_OpenRetest,NY1100,dev,216,0.2639,-0.4002,-1.0,-7.6114,0.3263,-86.4523,0.2818,0
EURCHF-M15,S4_OpenRetest,NY1300,dev,216,0.3287,-0.3466,-0.5647,-6.9718,0.3539,-74.8705,0.3155,0
EURCHF-M15,S4_OpenRetest,NY1400,dev,232,0.2155,-0.4751,-0.6395,-11.3747,0.1791,-110.2264,0.3312,0
EURCHF-M15,S4_OpenRetest,NY1800,dev,237,0.2574,-0.4361,-0.5682,-10.8135,0.2092,-103.355,0.3238,0
EURCHF-M15,S4_OpenRetest,TYO0900,dev,207,0.2802,-0.3695,-0.4922,-7.772,0.2865,-76.4867,0.3349,0
EURCHF-M15,S4_OpenRetest,LON0800,oos,238,0.3151,-0.3185,-1.0,-5.6604,0.4527,-75.8132,0.2663,0
EURCHF-M15,S4_OpenRetest,NY0800,oos,289,0.3391,-0.3046,-1.0,-6.0336,0.4659,-88.0341,0.2605,0
EURCHF-M15,S4_OpenRetest,NY0930,oos,249,0.3735,-0.254,-0.4111,-5.1561,0.4766,-63.2425,0.2608,0
EURCHF-M15,S4_OpenRetest,NY1000,oos,196,0.3571,-0.2349,-0.3489,-4.1557,0.5079,-46.0376,0.2839,0
EURCHF-M15,S4_OpenRetest,NY1100,oos,175,0.2857,-0.3743,-0.811,-6.3442,0.3531,-65.4949,0.3041,0
EURCHF-M15,S4_OpenRetest,NY1300,oos,188,0.2819,-0.4326,-0.8405,-8.6506,0.2633,-81.3229,0.3284,0
EURCHF-M15,S4_OpenRetest,NY1400,oos,186,0.1935,-0.4959,-0.6974,-11.2184,0.167,-92.231,0.3525,0
EURCHF-M15,S4_OpenRetest,NY1800,oos,153,0.366,-0.3285,-0.4404,-6.0012,0.3289,-50.2547,0.3437,0
EURCHF-M15,S4_OpenRetest,TYO0900,oos,176,0.25,-0.4221,-0.5551,-8.9258,0.2166,-74.2968,0.3521,0
EURCHF-M15,S5_LevelSweep,LON0800,dev,203,0.4039,-0.2129,-0.2598,-3.9674,0.5295,-43.2125,0.2436,0
EURCHF-M15,S5_LevelSweep,NY0800,dev,210,0.3381,-0.3005,-0.4822,-5.6819,0.4116,-63.1118,0.2353,0
EURCHF-M15,S5_LevelSweep,NY0930,dev,198,0.2929,-0.314,-0.5272,-5.6722,0.4018,-62.1805,0.2425,0
EURCHF-M15,S5_LevelSweep,NY1000,dev,190,0.3,-0.3117,-0.5499,-5.4936,0.4132,-59.232,0.2566,0
EURCHF-M15,S5_LevelSweep,NY1100,dev,158,0.2468,-0.3915,-0.5553,-7.1244,0.2789,-61.8539,0.2553,0
EURCHF-M15,S5_LevelSweep,NY1300,dev,110,0.2273,-0.4545,-0.5974,-7.6168,0.1968,-49.9952,0.2695,0
EURCHF-M15,S5_LevelSweep,NY1400,dev,88,0.3409,-0.3474,-0.3309,-5.2284,0.2608,-30.5733,0.2738,0
EURCHF-M15,S5_LevelSweep,NY1800,dev,51,0.2549,-0.3325,-0.4362,-3.8786,0.2709,-16.9562,0.3017,0
EURCHF-M15,S5_LevelSweep,TYO0900,dev,64,0.3125,-0.3009,-0.2476,-3.8451,0.3172,-19.2571,0.313,0
EURCHF-M15,S5_LevelSweep,LON0800,oos,213,0.3333,-0.2938,-0.4244,-5.5196,0.4249,-62.5781,0.2501,0
EURCHF-M15,S5_LevelSweep,NY0800,oos,167,0.3533,-0.2673,-0.6324,-4.1577,0.4986,-44.6362,0.2429,0
EURCHF-M15,S5_LevelSweep,NY0930,oos,184,0.3261,-0.2351,-0.3955,-3.88,0.5237,-43.2634,0.2511,0
EURCHF-M15,S5_LevelSweep,NY1000,oos,185,0.3243,-0.2256,-0.3623,-3.8202,0.5267,-41.7414,0.2442,0
EURCHF-M15,S5_LevelSweep,NY1100,oos,117,0.3675,-0.1884,-0.1763,-2.9415,0.5089,-22.0421,0.2618,0
EURCHF-M15,S5_LevelSweep,NY1300,oos,65,0.2769,-0.2562,-0.3306,-2.363,0.4134,-16.6561,0.2929,0
EURCHF-M15,S5_LevelSweep,NY1400,oos,63,0.3175,-0.3765,-0.6515,-4.4595,0.2775,-23.7202,0.2982,0
EURCHF-M15,S5_LevelSweep,NY1800,oos,73,0.274,-0.2512,-0.2191,-4.1238,0.2823,-18.3344,0.2858,0
EURCHF-M15,S5_LevelSweep,TYO0900,oos,61,0.2787,-0.369,-0.4364,-4.2419,0.2893,-22.5103,0.328,0
AUDJPY-M15,S1_BoxReclaim,LON0800,dev,268,0.4067,-0.1559,-0.1229,-4.8425,0.4842,-41.776,0.1365,0
AUDJPY-M15,S1_BoxReclaim,NY0800,dev,94,0.4149,-0.169,-0.2161,-2.7824,0.5142,-15.8821,0.1453,0
AUDJPY-M15,S1_BoxReclaim,NY0930,dev,229,0.3362,-0.1866,-0.1747,-5.5462,0.4036,-42.7404,0.1274,0
AUDJPY-M15,S1_BoxReclaim,NY1000,dev,296,0.3818,-0.1581,-0.1373,-5.9888,0.4187,-46.8068,0.1336,0
AUDJPY-M15,S1_BoxReclaim,NY1100,dev,341,0.3783,-0.1573,-0.1475,-5.7712,0.4694,-53.627,0.1505,0
AUDJPY-M15,S1_BoxReclaim,NY1300,dev,250,0.436,-0.1511,-0.1182,-4.5072,0.5004,-37.7753,0.191,0
AUDJPY-M15,S1_BoxReclaim,NY1400,dev,213,0.3756,-0.2233,-0.1635,-4.5345,0.4146,-47.5581,0.2004,1
AUDJPY-M15,S1_BoxReclaim,NY1800,dev,212,0.434,-0.2008,-0.1589,-4.6798,0.4754,-42.5714,0.1872,0
AUDJPY-M15,S1_BoxReclaim,TYO0900,dev,217,0.4101,-0.1696,-0.1977,-4.3221,0.5027,-36.7932,0.1333,0
AUDJPY-M15,S1_BoxReclaim,LON0800,oos,255,0.3765,-0.1705,-0.1562,-5.31,0.4431,-43.4781,0.1609,0
AUDJPY-M15,S1_BoxReclaim,NY0800,oos,75,0.48,-0.1806,-0.0303,-2.4078,0.5256,-13.5443,0.2089,0
AUDJPY-M15,S1_BoxReclaim,NY0930,oos,199,0.4925,-0.0991,-0.0093,-2.6102,0.629,-19.7117,0.144,0
AUDJPY-M15,S1_BoxReclaim,NY1000,oos,195,0.3641,-0.1837,-0.1641,-5.2881,0.3926,-35.8187,0.1517,0
AUDJPY-M15,S1_BoxReclaim,NY1100,oos,323,0.3313,-0.191,-0.1796,-7.2353,0.3674,-61.6816,0.186,0
AUDJPY-M15,S1_BoxReclaim,NY1300,oos,174,0.3736,-0.284,-0.2206,-6.9412,0.2699,-49.4135,0.2515,0
AUDJPY-M15,S1_BoxReclaim,NY1400,oos,156,0.3846,-0.21,-0.1919,-5.1654,0.3581,-32.7566,0.25,0
AUDJPY-M15,S1_BoxReclaim,NY1800,oos,253,0.3676,-0.2853,-0.2899,-7.779,0.3152,-72.1722,0.232,0
AUDJPY-M15,S1_BoxReclaim,TYO0900,oos,234,0.3932,-0.1955,-0.2555,-5.0916,0.4624,-45.7456,0.1597,0
AUDJPY-M15,S2_OpenExhaust,LON0800,dev,30,0.2333,-0.4784,-1.0,-3.8276,0.2188,-14.3511,0.2218,0
AUDJPY-M15,S2_OpenExhaust,NY0800,dev,31,0.3871,-0.2526,-0.7605,-1.5517,0.516,-7.83,0.1842,0
AUDJPY-M15,S2_OpenExhaust,NY0930,dev,25,0.28,-0.4752,-1.0,-3.7246,0.1934,-11.8792,0.1616,0
AUDJPY-M15,S2_OpenExhaust,NY1000,dev,24,0.2917,-0.2663,-0.2532,-1.803,0.4277,-6.3902,0.1753,0
AUDJPY-M15,S2_OpenExhaust,NY1100,dev,36,0.3333,-0.2458,-0.4681,-1.665,0.5136,-8.8503,0.2186,0
AUDJPY-M15,S2_OpenExhaust,NY1300,dev,31,0.4516,-0.1673,-0.0362,-1.0894,0.6421,-5.1852,0.2326,0
AUDJPY-M15,S2_OpenExhaust,NY1400,dev,29,0.2069,-0.5936,-1.0,-4.9787,0.1611,-17.2152,0.2506,0
AUDJPY-M15,S2_OpenExhaust,NY1800,dev,22,0.3636,-0.2939,-0.2967,-1.2058,0.5098,-6.4667,0.2099,1
AUDJPY-M15,S2_OpenExhaust,TYO0900,dev,41,0.4634,-0.1451,-0.1838,-1.122,0.6672,-5.9496,0.1936,0
AUDJPY-M15,S2_OpenExhaust,LON0800,oos,35,0.2571,-0.3127,-0.3868,-2.4866,0.3805,-10.9459,0.2624,0
AUDJPY-M15,S2_OpenExhaust,NY0800,oos,26,0.3462,-0.1889,-1.0,-0.8834,0.6824,-4.9108,0.2434,0
AUDJPY-M15,S2_OpenExhaust,NY0930,oos,28,0.2143,-0.551,-1.0,-4.7133,0.1404,-15.4273,0.228,0
AUDJPY-M15,S2_OpenExhaust,NY1000,oos,30,0.4333,-0.1528,-0.1472,-1.4428,0.5201,-4.585,0.2125,0
AUDJPY-M15,S2_OpenExhaust,NY1100,oos,28,0.3929,-0.3703,-1.0,-2.5509,0.3533,-10.3673,0.3102,0
AUDJPY-M15,S2_OpenExhaust,NY1300,oos,15,0.6,-0.0483,0.1569,-0.2437,0.8656,-0.7243,0.2707,0
AUDJPY-M15,S2_OpenExhaust,NY1400,oos,21,0.381,-0.2666,-0.2954,-1.6586,0.4356,-5.5991,0.2917,0
AUDJPY-M15,S2_OpenExhaust,NY1800,oos,19,0.3684,-0.1926,-0.4797,-0.9485,0.6132,-3.6596,0.2622,0
AUDJPY-M15,S2_OpenExhaust,TYO0900,oos,32,0.3125,-0.2811,-0.422,-1.9776,0.4563,-8.9952,0.2247,0
AUDJPY-M15,S3_IBBreak,LON0800,dev,146,0.3288,-0.1164,-0.2575,-1.9134,0.6754,-16.9981,0.2088,0
AUDJPY-M15,S3_IBBreak,NY0800,dev,610,0.2869,-0.1942,-0.3481,-5.8653,0.5734,-118.4629,0.2139,0
AUDJPY-M15,S3_IBBreak,NY0930,dev,176,0.3011,-0.148,-0.2714,-2.7615,0.5974,-26.053,0.2038,0
AUDJPY-M15,S3_IBBreak,NY1000,dev,96,0.2708,-0.259,-0.4615,-3.1669,0.4723,-24.8637,0.193,0
AUDJPY-M15,S3_IBBreak,NY1100,dev,70,0.2571,-0.314,-0.3335,-1.9976,0.432,-21.9779,0.2466,1
AUDJPY-M15,S3_IBBreak,NY1300,dev,241,0.1992,-0.3175,-0.4012,-7.3605,0.329,-76.5062,0.2585,0
AUDJPY-M15,S3_IBBreak,NY1400,dev,230,0.2043,-0.3427,-0.3792,-8.6277,0.248,-78.8232,0.271,0
AUDJPY-M15,S3_IBBreak,NY1800,dev,556,0.268,-0.2656,-0.4,-8.1708,0.4484,-147.6569,0.2406,0
AUDJPY-M15,S3_IBBreak,TYO0900,dev,400,0.3225,-0.1254,-0.1605,-3.7151,0.6153,-50.1697,0.1715,0
AUDJPY-M15,S3_IBBreak,LON0800,oos,100,0.32,-0.0808,-0.1921,-1.0402,0.7652,-8.0774,0.2378,0
AUDJPY-M15,S3_IBBreak,NY0800,oos,612,0.2386,-0.2693,-0.4176,-8.9051,0.4303,-164.8353,0.2491,0
AUDJPY-M15,S3_IBBreak,NY0930,oos,226,0.2478,-0.2738,-0.3395,-6.2283,0.3653,-61.8883,0.2212,0
AUDJPY-M15,S3_IBBreak,NY1000,oos,211,0.2559,-0.2561,-0.2963,-5.9777,0.3567,-54.0358,0.2155,0
AUDJPY-M15,S3_IBBreak,NY1100,oos,52,0.25,-0.1672,-0.2019,-1.811,0.5065,-8.6945,0.2233,0
AUDJPY-M15,S3_IBBreak,NY1300,oos,196,0.2551,-0.2647,-0.3596,-5.3671,0.3914,-51.8847,0.2881,0
AUDJPY-M15,S3_IBBreak,NY1400,oos,230,0.1826,-0.3159,-0.3517,-7.9005,0.2784,-72.6647,0.297,0
AUDJPY-M15,S3_IBBreak,NY1800,oos,421,0.2304,-0.281,-0.3704,-8.5447,0.3706,-118.2897,0.2824,0
AUDJPY-M15,S3_IBBreak,TYO0900,oos,383,0.2611,-0.2308,-0.32,-7.0735,0.4108,-88.387,0.2165,0
AUDJPY-M15,S4_OpenRetest,LON0800,dev,292,0.363,-0.2453,-0.4654,-5.0543,0.5201,-71.6309,0.252,0
AUDJPY-M15,S4_OpenRetest,NY0800,dev,383,0.4047,-0.162,-0.4959,-3.403,0.6841,-62.062,0.2205,0
AUDJPY-M15,S4_OpenRetest,NY0930,dev,306,0.3399,-0.2928,-0.543,-6.4661,0.4401,-89.6081,0.2412,0
AUDJPY-M15,S4_OpenRetest,NY1000,dev,262,0.4008,-0.2052,-0.3304,-3.9043,0.5821,-53.752,0.2469,0
AUDJPY-M15,S4_OpenRetest,NY1100,dev,289,0.3183,-0.3549,-0.6982,-8.0366,0.3575,-102.5605,0.2634,0
AUDJPY-M15,S4_OpenRetest,NY1300,dev,261,0.3065,-0.352,-0.5863,-7.3357,0.3589,-91.8673,0.2729,0
AUDJPY-M15,S4_OpenRetest,NY1400,dev,314,0.2389,-0.4316,-0.6524,-10.2427,0.2502,-135.5304,0.2939,0
AUDJPY-M15,S4_OpenRetest,NY1800,dev,387,0.3747,-0.2197,-0.9497,-4.6955,0.5957,-85.0296,0.2287,0
AUDJPY-M15,S4_OpenRetest,TYO0900,dev,283,0.3534,-0.2311,-0.3774,-4.7386,0.5289,-65.4008,0.2164,0
AUDJPY-M15,S4_OpenRetest,LON0800,oos,226,0.3186,-0.3359,-0.7711,-6.1779,0.4114,-75.9046,0.2774,0
AUDJPY-M15,S4_OpenRetest,NY0800,oos,322,0.354,-0.2515,-1.0,-5.0579,0.5469,-80.988,0.2498,0
AUDJPY-M15,S4_OpenRetest,NY0930,oos,234,0.3291,-0.3168,-0.5003,-6.3856,0.3908,-74.1301,0.2519,0
AUDJPY-M15,S4_OpenRetest,NY1000,oos,175,0.3429,-0.2777,-0.4752,-4.7216,0.4475,-48.5969,0.2655,0
AUDJPY-M15,S4_OpenRetest,NY1100,oos,174,0.3736,-0.1924,-0.3365,-2.9811,0.5966,-33.481,0.2936,0
AUDJPY-M15,S4_OpenRetest,NY1300,oos,201,0.3284,-0.3469,-0.8282,-6.4276,0.3701,-69.7366,0.3051,0
AUDJPY-M15,S4_OpenRetest,NY1400,oos,181,0.232,-0.4238,-0.4124,-8.3311,0.1999,-76.716,0.3217,1
AUDJPY-M15,S4_OpenRetest,NY1800,oos,335,0.3672,-0.2744,-0.9363,-5.9909,0.496,-91.9371,0.2685,0
AUDJPY-M15,S4_OpenRetest,TYO0900,oos,257,0.358,-0.2784,-0.5071,-5.5995,0.4609,-71.547,0.2506,0
AUDJPY-M15,S5_LevelSweep,LON0800,dev,151,0.3444,-0.2054,-0.3347,-3.0794,0.5591,-31.0205,0.2111,0
AUDJPY-M15,S5_LevelSweep,NY0800,dev,155,0.3871,-0.2237,-0.3507,-3.4102,0.5372,-34.6675,0.208,0
AUDJPY-M15,S5_LevelSweep,NY0930,dev,187,0.369,-0.1949,-0.3609,-3.3108,0.5807,-36.4395,0.2001,0
AUDJPY-M15,S5_LevelSweep,NY1000,dev,174,0.3736,-0.2238,-0.4042,-3.7662,0.5204,-38.9442,0.2027,0
AUDJPY-M15,S5_LevelSweep,NY1100,dev,124,0.371,-0.1997,-0.3288,-2.9052,0.5499,-24.7577,0.2185,0
AUDJPY-M15,S5_LevelSweep,NY1300,dev,107,0.3364,-0.264,-0.2583,-3.8545,0.4115,-28.2466,0.2178,0
AUDJPY-M15,S5_LevelSweep,NY1400,dev,96,0.3542,-0.335,-0.4868,-4.7489,0.3307,-32.1555,0.2415,0
AUDJPY-M15,S5_LevelSweep,NY1800,dev,158,0.4051,-0.2392,-0.3441,-3.7675,0.5089,-37.7913,0.23,0
AUDJPY-M15,S5_LevelSweep,TYO0900,dev,212,0.4151,-0.1286,-0.1366,-2.2982,0.6944,-27.267,0.2007,0
AUDJPY-M15,S5_LevelSweep,LON0800,oos,135,0.3926,-0.1506,-0.2892,-2.1608,0.6541,-20.3333,0.2545,0
AUDJPY-M15,S5_LevelSweep,NY0800,oos,125,0.32,-0.3411,-0.6045,-5.0884,0.3629,-42.6321,0.2328,0
AUDJPY-M15,S5_LevelSweep,NY0930,oos,172,0.314,-0.2961,-0.4739,-5.0319,0.4212,-50.9298,0.2296,0
AUDJPY-M15,S5_LevelSweep,NY1000,oos,158,0.2848,-0.328,-0.4684,-5.666,0.3607,-51.818,0.2281,0
AUDJPY-M15,S5_LevelSweep,NY1100,oos,114,0.4649,-0.1424,-0.0967,-2.1433,0.612,-16.2378,0.266,0
AUDJPY-M15,S5_LevelSweep,NY1300,oos,54,0.5,-0.0723,-0.0039,-0.7281,0.789,-3.9033,0.2806,0
AUDJPY-M15,S5_LevelSweep,NY1400,oos,62,0.3226,-0.1969,-0.3435,-2.1524,0.5355,-12.2091,0.2538,0
AUDJPY-M15,S5_LevelSweep,NY1800,oos,111,0.2973,-0.3799,-1.0,-5.175,0.3354,-42.1701,0.2708,0
AUDJPY-M15,S5_LevelSweep,TYO0900,oos,178,0.382,-0.1958,-0.132,-3.7729,0.4995,-34.8456,0.2263,0
NAS100-M5,S1_BoxReclaim,LON0800,dev,166,0.4337,-0.0724,-0.0943,-1.732,0.7212,-12.0258,0.0424,0
NAS100-M5,S1_BoxReclaim,NY0800,dev,134,0.4851,-0.1474,-0.0991,-2.2739,0.6584,-19.7531,0.0578,0
NAS100-M5,S1_BoxReclaim,NY0930,dev,205,0.5268,0.0123,0.0386,0.3352,1.0569,2.5233,0.0153,0
NAS100-M5,S1_BoxReclaim,NY1000,dev,209,0.4785,-0.0531,-0.0343,-1.334,0.8058,-11.101,0.0204,0
NAS100-M5,S1_BoxReclaim,NY1100,dev,192,0.4844,-0.0298,-0.0057,-0.7083,0.8874,-5.7145,0.0269,0
NAS100-M5,S1_BoxReclaim,NY1300,dev,175,0.5086,-0.0454,0.0125,-0.9739,0.8432,-7.9502,0.0375,0
NAS100-M5,S1_BoxReclaim,NY1400,dev,175,0.5143,-0.0675,0.1071,-1.3101,0.8025,-11.8065,0.0357,0
NAS100-M5,S1_BoxReclaim,NY1800,dev,177,0.4915,-0.05,-0.0296,-1.1716,0.8166,-8.8553,0.0676,0
NAS100-M5,S1_BoxReclaim,TYO0900,dev,183,0.4918,-0.0919,-0.0038,-2.03,0.7,-16.8259,0.0613,0
NAS100-M5,S1_BoxReclaim,LON0800,oos,184,0.5217,-0.033,0.0092,-0.7672,0.875,-6.0787,0.037,0
NAS100-M5,S1_BoxReclaim,NY0800,oos,130,0.5,-0.1524,0.0089,-2.2387,0.6614,-19.8098,0.0474,0
NAS100-M5,S1_BoxReclaim,NY0930,oos,196,0.5408,0.0152,0.0869,0.3895,1.0664,2.9725,0.0137,0
NAS100-M5,S1_BoxReclaim,NY1000,oos,189,0.5079,-0.0252,0.011,-0.6363,0.895,-4.7585,0.017,0
NAS100-M5,S1_BoxReclaim,NY1100,oos,179,0.514,0.0026,0.0355,0.0605,1.0106,0.4662,0.0234,0
NAS100-M5,S1_BoxReclaim,NY1300,oos,152,0.4803,-0.0792,-0.0271,-1.4597,0.7655,-12.0373,0.0305,0
NAS100-M5,S1_BoxReclaim,NY1400,oos,157,0.586,0.0224,0.2024,0.4177,1.077,3.5113,0.0299,0
NAS100-M5,S1_BoxReclaim,NY1800,oos,143,0.5245,-0.0712,0.0331,-1.4978,0.7429,-10.1887,0.072,0
NAS100-M5,S1_BoxReclaim,TYO0900,oos,179,0.4637,-0.0972,-0.1105,-2.2313,0.6786,-17.4027,0.0622,0
NAS100-M5,S2_OpenExhaust,LON0800,dev,33,0.4242,-0.1039,-1.0,-0.5371,0.8118,-3.4274,0.102,0
NAS100-M5,S2_OpenExhaust,NY0800,dev,49,0.2653,-0.3101,-1.0,-1.8392,0.5716,-15.1936,0.0983,0
NAS100-M5,S2_OpenExhaust,NY0930,dev,39,0.4615,0.0857,-1.0,0.4104,1.1592,3.3429,0.057,0
NAS100-M5,S2_OpenExhaust,NY1000,dev,45,0.4,0.1493,-1.0,0.6618,1.2585,6.7181,0.0655,0
NAS100-M5,S2_OpenExhaust,NY1100,dev,55,0.4,0.0238,-1.0,0.1333,1.0409,1.3105,0.0783,0
NAS100-M5,S2_OpenExhaust,NY1300,dev,41,0.3902,0.0,-1.0,0.0001,1.0001,0.0012,0.0653,0
NAS100-M5,S2_OpenExhaust,NY1400,dev,52,0.4038,0.0194,-1.0,0.1141,1.035,1.0111,0.0759,0
NAS100-M5,S2_OpenExhaust,NY1800,dev,14,0.4286,0.0082,-1.0,0.0248,1.0144,0.115,0.1303,0
NAS100-M5,S2_OpenExhaust,TYO0900,dev,24,0.3333,-0.2932,-1.0,-1.4719,0.5031,-7.0368,0.122,0
NAS100-M5,S2_OpenExhaust,LON0800,oos,38,0.3421,-0.2617,-1.0,-1.4428,0.6022,-9.9446,0.0949,0
NAS100-M5,S2_OpenExhaust,NY0800,oos,31,0.4194,0.0325,-1.0,0.1423,1.056,1.0073,0.0791,0
NAS100-M5,S2_OpenExhaust,NY0930,oos,47,0.4043,0.0622,-1.0,0.3146,1.1074,2.9215,0.0474,0
NAS100-M5,S2_OpenExhaust,NY1000,oos,53,0.3962,-0.0456,-1.0,-0.2702,0.9205,-2.4187,0.0507,0
NAS100-M5,S2_OpenExhaust,NY1100,oos,47,0.5106,0.2992,0.0667,1.4867,1.6493,14.0645,0.0631,0
NAS100-M5,S2_OpenExhaust,NY1300,oos,47,0.234,-0.4867,-1.0,-3.4553,0.3588,-22.8762,0.0663,0
NAS100-M5,S2_OpenExhaust,NY1400,oos,53,0.5094,0.0776,0.1246,0.3736,1.1402,4.1136,0.0603,1
NAS100-M5,S2_OpenExhaust,NY1800,oos,9,0.3333,-0.1243,-1.0,-0.2691,0.8136,-1.1184,0.1444,0
NAS100-M5,S2_OpenExhaust,TYO0900,oos,36,0.5556,0.1336,0.2759,0.7508,1.3202,4.8091,0.1166,0
NAS100-M5,S4_OpenRetest,LON0800,dev,91,0.4396,-0.0944,-1.0,-0.8366,0.8303,-8.5932,0.1287,0
NAS100-M5,S4_OpenRetest,NY0800,dev,183,0.3716,-0.1465,-1.0,-1.7971,0.7591,-26.8029,0.0886,0
NAS100-M5,S4_OpenRetest,NY0930,dev,86,0.4535,0.036,-1.0,0.2901,1.0688,3.094,0.0558,0
NAS100-M5,S4_OpenRetest,NY1000,dev,101,0.3861,-0.0841,-1.0,-0.7478,0.8545,-8.4967,0.0693,0
NAS100-M5,S4_OpenRetest,NY1100,dev,112,0.3482,-0.1652,-1.0,-1.5917,0.7313,-18.5069,0.0888,0
NAS100-M5,S4_OpenRetest,NY1300,dev,133,0.4211,0.0076,-1.0,0.073,1.0141,1.0152,0.1048,0
NAS100-M5,S4_OpenRetest,NY1400,dev,123,0.3577,-0.1419,-1.0,-1.3836,0.7711,-17.4577,0.1025,0
NAS100-M5,S4_OpenRetest,NY1800,dev,82,0.3415,-0.2255,-1.0,-1.9715,0.6345,-18.4873,0.1739,0
NAS100-M5,S4_OpenRetest,TYO0900,dev,107,0.4299,-0.0416,-1.0,-0.395,0.9226,-4.4466,0.1566,0
NAS100-M5,S4_OpenRetest,LON0800,oos,94,0.383,-0.1289,-1.0,-1.1429,0.7822,-12.1191,0.113,0
NAS100-M5,S4_OpenRetest,NY0800,oos,165,0.4,-0.0237,-1.0,-0.2622,0.9586,-3.903,0.0669,0
NAS100-M5,S4_OpenRetest,NY0930,oos,88,0.4205,-0.0685,-1.0,-0.5778,0.878,-6.0303,0.0472,0
NAS100-M5,S4_OpenRetest,NY1000,oos,82,0.378,-0.1452,-1.0,-1.2166,0.7548,-11.9031,0.0526,0
NAS100-M5,S4_OpenRetest,NY1100,oos,100,0.43,0.0308,-1.0,0.2519,1.055,3.077,0.0705,0
NAS100-M5,S4_OpenRetest,NY1300,oos,108,0.3981,-0.1152,-1.0,-1.0708,0.8069,-12.447,0.0721,0
NAS100-M5,S4_OpenRetest,NY1400,oos,96,0.4583,0.0921,-0.4191,0.7567,1.1842,8.8406,0.0705,0
NAS100-M5,S4_OpenRetest,NY1800,oos,89,0.4382,-0.0313,-1.0,-0.2738,0.9413,-2.7844,0.1902,0
NAS100-M5,S4_OpenRetest,TYO0900,oos,99,0.3737,-0.1568,-1.0,-1.4581,0.7345,-15.5278,0.1707,0
NAS100-M5,S5_LevelSweep,LON0800,dev,44,0.5227,0.0409,0.0242,0.2688,1.095,1.8017,0.0944,0
NAS100-M5,S5_LevelSweep,NY0800,dev,58,0.4138,0.0099,-1.0,0.065,1.018,0.5744,0.0924,0
NAS100-M5,S5_LevelSweep,NY0930,dev,104,0.4327,0.0313,-0.5677,0.2836,1.0611,3.2516,0.0507,0
NAS100-M5,S5_LevelSweep,NY1000,dev,81,0.4568,0.0624,-0.3085,0.5,1.1262,5.0509,0.0636,0
NAS100-M5,S5_LevelSweep,NY1100,dev,52,0.2885,-0.3327,-1.0,-2.5166,0.4763,-17.3008,0.0763,0
NAS100-M5,S5_LevelSweep,NY1300,dev,52,0.3846,-0.1445,-1.0,-0.964,0.7531,-7.5121,0.0958,0
NAS100-M5,S5_LevelSweep,NY1400,dev,50,0.4,-0.1031,-1.0,-0.6535,0.8229,-5.1531,0.0963,0
NAS100-M5,S5_LevelSweep,NY1800,dev,34,0.4706,0.0125,-0.116,0.0734,1.0289,0.4241,0.1346,0
NAS100-M5,S5_LevelSweep,TYO0900,dev,37,0.4865,0.1314,-0.0911,0.7504,1.3063,4.8625,0.1336,0
NAS100-M5,S5_LevelSweep,LON0800,oos,52,0.4231,-0.0566,-0.8997,-0.3734,0.8944,-2.9446,0.096,0
NAS100-M5,S5_LevelSweep,NY0800,oos,72,0.2778,-0.2738,-1.0,-2.2275,0.5727,-19.7172,0.0674,0
NAS100-M5,S5_LevelSweep,NY0930,oos,92,0.3804,-0.0594,-1.0,-0.511,0.8921,-5.4667,0.0399,0
NAS100-M5,S5_LevelSweep,NY1000,oos,79,0.3671,-0.1925,-1.0,-1.6901,0.6674,-15.2065,0.048,0
NAS100-M5,S5_LevelSweep,NY1100,oos,48,0.3542,-0.2321,-1.0,-1.6268,0.6099,-11.1385,0.0636,0
NAS100-M5,S5_LevelSweep,NY1300,oos,46,0.3913,-0.0805,-1.0,-0.4739,0.8649,-3.7052,0.0616,0
NAS100-M5,S5_LevelSweep,NY1400,oos,42,0.3095,-0.2116,-1.0,-1.2375,0.6707,-8.889,0.0618,0
NAS100-M5,S5_LevelSweep,NY1800,oos,17,0.3529,-0.1126,-0.7049,-0.4373,0.7886,-1.9141,0.1674,0
NAS100-M5,S5_LevelSweep,TYO0900,oos,28,0.4643,0.0627,-0.0771,0.3365,1.1583,1.7562,0.1291,0
US500-M5,S1_BoxReclaim,LON0800,dev,173,0.4046,-0.1411,-0.0834,-3.4504,0.5228,-24.4039,0.0625,0
US500-M5,S1_BoxReclaim,NY0800,dev,121,0.4876,-0.1789,-0.0551,-2.7049,0.5848,-21.6459,0.0923,0
US500-M5,S1_BoxReclaim,NY0930,dev,191,0.4764,-0.0312,-0.0406,-0.794,0.8722,-5.968,0.0367,0
US500-M5,S1_BoxReclaim,NY1000,dev,208,0.5096,-0.0047,0.0083,-0.1263,0.9792,-0.9863,0.0432,0
US500-M5,S1_BoxReclaim,NY1100,dev,180,0.5389,-0.0082,0.0795,-0.1907,0.9679,-1.4745,0.0561,0
US500-M5,S1_BoxReclaim,NY1300,dev,158,0.4241,-0.1744,-0.1355,-3.3447,0.5417,-27.5562,0.0761,0
US500-M5,S1_BoxReclaim,NY1400,dev,153,0.5621,0.0187,0.1742,0.3612,1.0673,2.8662,0.0676,0
US500-M5,S1_BoxReclaim,NY1800,dev,151,0.4901,-0.0891,-0.0332,-1.7619,0.7198,-13.4536,0.1048,0
US500-M5,S1_BoxReclaim,TYO0900,dev,171,0.4561,-0.106,-0.1077,-2.4668,0.6423,-18.1275,0.0917,0
US500-M5,S1_BoxReclaim,LON0800,oos,166,0.494,-0.068,-0.0484,-1.4553,0.7715,-11.2844,0.0616,0
US500-M5,S1_BoxReclaim,NY0800,oos,130,0.4692,-0.204,-0.1559,-3.1722,0.5477,-26.515,0.0768,0
US500-M5,S1_BoxReclaim,NY0930,oos,181,0.4972,-0.0166,-0.0081,-0.3993,0.9322,-2.9981,0.0276,0
US500-M5,S1_BoxReclaim,NY1000,oos,186,0.4624,-0.0515,-0.0297,-1.24,0.8079,-9.57,0.0312,0
US500-M5,S1_BoxReclaim,NY1100,oos,189,0.582,0.0237,0.1578,0.5345,1.0928,4.4883,0.0423,0
US500-M5,S1_BoxReclaim,NY1300,oos,167,0.515,-0.0759,0.0286,-1.4578,0.7783,-12.6806,0.053,0
US500-M5,S1_BoxReclaim,NY1400,oos,146,0.5479,0.0147,0.202,0.2658,1.0504,2.1392,0.0496,0
US500-M5,S1_BoxReclaim,NY1800,oos,138,0.4203,-0.1245,-0.0734,-2.6918,0.5704,-17.1874,0.1009,0
US500-M5,S1_BoxReclaim,TYO0900,oos,189,0.4709,-0.1189,-0.0712,-2.7678,0.6232,-22.4751,0.1001,0
US500-M5,S2_OpenExhaust,LON0800,dev,36,0.25,-0.4156,-1.0,-2.4562,0.4353,-14.9598,0.1643,0
US500-M5,S2_OpenExhaust,NY0800,dev,41,0.439,0.1059,-0.4461,0.5526,1.2111,4.3423,0.137,0
US500-M5,S2_OpenExhaust,NY0930,dev,48,0.3333,-0.152,-1.0,-0.9223,0.7387,-7.2976,0.1129,0
US500-M5,S2_OpenExhaust,NY1000,dev,51,0.3333,-0.0702,-0.575,-0.4212,0.8714,-3.5823,0.1167,0
US500-M5,S2_OpenExhaust,NY1100,dev,45,0.4667,-0.0072,-1.0,-0.039,0.9866,-0.3227,0.1505,0
US500-M5,S2_OpenExhaust,NY1300,dev,53,0.3396,-0.2266,-1.0,-1.4054,0.6569,-12.009,0.1397,0
US500-M5,S2_OpenExhaust,NY1400,dev,35,0.3143,-0.3173,-1.0,-1.7453,0.5373,-11.1042,0.1197,0
US500-M5,S2_OpenExhaust,NY1800,dev,26,0.3077,-0.3711,-1.0,-1.8715,0.464,-9.6481,0.2294,0
US500-M5,S2_OpenExhaust,TYO0900,dev,25,0.4,-0.0934,-0.5453,-0.432,0.821,-2.3354,0.2003,0
US500-M5,S2_OpenExhaust,LON0800,oos,49,0.3061,-0.3497,-1.0,-2.4107,0.4851,-17.1334,0.1604,0
US500-M5,S2_OpenExhaust,NY0800,oos,44,0.4545,0.1586,-1.0,0.7709,1.2908,6.9786,0.1293,0
US500-M5,S2_OpenExhaust,NY0930,oos,50,0.38,-0.012,-1.0,-0.063,0.9806,-0.6019,0.0881,0
US500-M5,S2_OpenExhaust,NY1000,oos,44,0.2727,-0.2722,-1.0,-1.3925,0.6216,-11.9762,0.0847,0
US500-M5,S2_OpenExhaust,NY1100,oos,33,0.4545,0.191,-1.0,0.7243,1.3502,6.3031,0.1126,0
US500-M5,S2_OpenExhaust,NY1300,oos,66,0.3485,-0.1516,-1.0,-0.9914,0.7638,-10.0074,0.1174,0
US500-M5,S2_OpenExhaust,NY1400,oos,54,0.463,0.0729,-1.0,0.4402,1.1367,3.9343,0.102,0
US500-M5,S2_OpenExhaust,NY1800,oos,15,0.2667,-0.2599,-1.0,-0.821,0.6329,-3.8982,0.229,0
US500-M5,S2_OpenExhaust,TYO0900,oos,29,0.5862,0.1971,0.2486,0.8927,1.5076,5.716,0.1698,0
US500-M5,S3_IBBreak,LON0800,dev,1,0.0,-1.1589,-1.1589,,0.0,-1.1589,0.4373,0
US500-M5,S3_IBBreak,NY0800,dev,7,0.4286,0.0637,-0.387,0.179,1.1734,0.4459,0.2963,0
US500-M5,S3_IBBreak,NY1100,dev,3,0.0,-0.6701,-0.584,-3.9153,0.0,-2.0102,0.4144,0
US500-M5,S3_IBBreak,NY1300,dev,3,0.0,-1.0,-1.0,,0.0,-3.0,0.1464,0
US500-M5,S3_IBBreak,NY1800,dev,32,0.2188,-0.2982,-0.5183,-2.0441,0.4368,-9.5427,0.2856,0
US500-M5,S3_IBBreak,TYO0900,dev,2,0.0,-0.4683,-0.4683,-5.5934,0.0,-0.9367,0.3077,0
US500-M5,S3_IBBreak,NY0800,oos,2,0.0,-0.3926,-0.3926,-1.1963,0.0,-0.7853,0.0119,0
US500-M5,S3_IBBreak,NY1300,oos,1,0.0,-1.0,-1.0,,0.0,-1.0,0.0441,0
US500-M5,S3_IBBreak,NY1400,oos,1,0.0,-1.0,-1.0,,0.0,-1.0,0.0188,0
US500-M5,S3_IBBreak,NY1800,oos,12,0.25,-0.1319,-0.4735,-0.4452,0.7218,-1.5822,0.3189,0
US500-M5,S4_OpenRetest,LON0800,dev,89,0.3371,-0.2397,-1.0,-2.1719,0.6187,-21.3318,0.1824,0
US500-M5,S4_OpenRetest,NY0800,dev,157,0.3567,-0.23,-1.0,-2.7858,0.6273,-36.1051,0.1522,0
US500-M5,S4_OpenRetest,NY0930,dev,86,0.3953,-0.0936,-1.0,-0.7776,0.8375,-8.0534,0.1165,0
US500-M5,S4_OpenRetest,NY1000,dev,112,0.3393,-0.1864,-1.0,-1.8056,0.6959,-20.8762,0.1299,0
US500-M5,S4_OpenRetest,NY1100,dev,91,0.3077,-0.3096,-1.0,-2.8974,0.5376,-28.1731,0.1699,0
US500-M5,S4_OpenRetest,NY1300,dev,137,0.3942,-0.1267,-1.0,-1.3514,0.7882,-17.3543,0.1775,0
US500-M5,S4_OpenRetest,NY1400,dev,122,0.418,-0.1005,-1.0,-0.9619,0.8284,-12.2639,0.1557,0
US500-M5,S4_OpenRetest,NY1800,dev,95,0.3684,-0.2031,-1.0,-1.9304,0.6607,-19.2904,0.2272,0
US500-M5,S4_OpenRetest,TYO0900,dev,90,0.3778,-0.1882,-1.0,-1.7508,0.6759,-16.94,0.2267,0
US500-M5,S4_OpenRetest,LON0800,oos,80,0.4125,-0.0654,-0.7511,-0.558,0.8758,-5.2285,0.1686,0
US500-M5,S4_OpenRetest,NY0800,oos,161,0.3727,-0.1239,-1.0,-1.4183,0.7936,-19.9511,0.1191,0
US500-M5,S4_OpenRetest,NY0930,oos,85,0.3176,-0.2976,-1.0,-2.8227,0.5192,-25.2969,0.0782,0
US500-M5,S4_OpenRetest,NY1000,oos,91,0.3736,-0.1734,-1.0,-1.5068,0.7201,-15.7789,0.1049,0
US500-M5,S4_OpenRetest,NY1100,oos,101,0.3366,-0.2423,-1.0,-2.3306,0.6179,-24.4717,0.1219,0
US500-M5,S4_OpenRetest,NY1300,oos,105,0.4095,-0.0623,-1.0,-0.5692,0.8912,-6.5364,0.126,0
US500-M5,S4_OpenRetest,NY1400,oos,87,0.4138,-0.0417,-1.0,-0.3162,0.9271,-3.6315,0.1104,0
US500-M5,S4_OpenRetest,NY1800,oos,79,0.4684,0.0418,-0.0861,0.3439,1.0868,3.3048,0.2349,0
US500-M5,S4_OpenRetest,TYO0900,oos,106,0.3774,-0.1786,-1.0,-1.7695,0.6976,-18.9358,0.2394,0
US500-M5,S5_LevelSweep,LON0800,dev,42,0.2381,-0.4793,-1.0,-3.9842,0.2652,-20.1308,0.149,0
US500-M5,S5_LevelSweep,NY0800,dev,53,0.3396,-0.2257,-1.0,-1.649,0.6226,-11.9646,0.1409,0
US500-M5,S5_LevelSweep,NY0930,dev,85,0.2941,-0.3158,-1.0,-2.8961,0.5198,-26.8414,0.1113,0
US500-M5,S5_LevelSweep,NY1000,dev,71,0.1831,-0.4866,-1.0,-4.7911,0.3014,-34.5485,0.1315,0
US500-M5,S5_LevelSweep,NY1100,dev,60,0.3833,-0.1586,-1.0,-1.1242,0.7369,-9.5185,0.1332,0
US500-M5,S5_LevelSweep,NY1300,dev,46,0.3696,-0.165,-1.0,-1.0323,0.7243,-7.589,0.1256,0
US500-M5,S5_LevelSweep,NY1400,dev,54,0.2778,-0.3349,-1.0,-2.4968,0.4901,-18.085,0.1276,0
US500-M5,S5_LevelSweep,NY1800,dev,30,0.3,-0.3625,-1.0,-2.2078,0.4201,-10.874,0.2051,0
US500-M5,S5_LevelSweep,TYO0900,dev,42,0.5,0.0455,-0.1032,0.2811,1.1007,1.9119,0.2013,0
US500-M5,S5_LevelSweep,LON0800,oos,48,0.4167,-0.0468,-0.2771,-0.325,0.9012,-2.2467,0.169,0
US500-M5,S5_LevelSweep,NY0800,oos,54,0.3333,-0.1862,-1.0,-1.2195,0.7098,-10.0542,0.1259,0
US500-M5,S5_LevelSweep,NY0930,oos,96,0.4375,-0.0129,-1.0,-0.1138,0.9755,-1.2421,0.0862,0
US500-M5,S5_LevelSweep,NY1000,oos,81,0.4568,-0.0103,-0.6442,-0.0847,0.9801,-0.8308,0.0917,0
US500-M5,S5_LevelSweep,NY1100,oos,61,0.4262,-0.1061,-1.0,-0.7598,0.8151,-6.4701,0.1086,0
US500-M5,S5_LevelSweep,NY1300,oos,53,0.4717,0.1036,-0.4417,0.6651,1.2111,5.492,0.1019,0
US500-M5,S5_LevelSweep,NY1400,oos,57,0.4561,0.0645,-0.1014,0.4523,1.1356,3.6789,0.0867,0
US500-M5,S5_LevelSweep,NY1800,oos,15,0.4,-0.1058,-0.3497,-0.4846,0.7501,-1.5875,0.2411,0
US500-M5,S5_LevelSweep,TYO0900,oos,27,0.4074,-0.0811,-0.2149,-0.4402,0.8221,-2.19,0.1765,0
US30-M5,S1_BoxReclaim,LON0800,dev,184,0.4511,-0.0821,-0.0747,-2.1493,0.6747,-15.1121,0.0398,0
US30-M5,S1_BoxReclaim,NY0800,dev,137,0.4964,-0.1631,-0.0528,-2.4612,0.6428,-22.3484,0.0645,0
US30-M5,S1_BoxReclaim,NY0930,dev,176,0.483,-0.0256,-0.0295,-0.6893,0.8823,-4.5026,0.0188,0
US30-M5,S1_BoxReclaim,NY1000,dev,204,0.5147,0.001,0.0311,0.0255,1.0042,0.1952,0.0266,0
US30-M5,S1_BoxReclaim,NY1100,dev,157,0.6051,0.0434,0.1796,0.9317,1.1901,6.8089,0.0356,0
US30-M5,S1_BoxReclaim,NY1300,dev,155,0.4387,-0.1802,-0.109,-3.405,0.5358,-27.9306,0.0504,0
US30-M5,S1_BoxReclaim,NY1400,dev,145,0.531,-0.0329,0.0852,-0.6239,0.8882,-4.7746,0.0451,0
US30-M5,S1_BoxReclaim,NY1800,dev,183,0.4645,-0.1094,-0.1144,-2.4288,0.6602,-20.0119,0.0652,0
US30-M5,S1_BoxReclaim,TYO0900,dev,181,0.4641,-0.0551,-0.0592,-1.3264,0.7903,-9.9717,0.0559,0
US30-M5,S1_BoxReclaim,LON0800,oos,164,0.5061,-0.0153,0.0101,-0.3393,0.9398,-2.5133,0.0448,0
US30-M5,S1_BoxReclaim,NY0800,oos,139,0.4748,-0.1948,-0.2933,-3.0026,0.5838,-27.083,0.0566,0
US30-M5,S1_BoxReclaim,NY0930,oos,197,0.4924,-0.0034,-0.003,-0.096,0.9833,-0.6647,0.0165,0
US30-M5,S1_BoxReclaim,NY1000,oos,186,0.4892,-0.0244,-0.0278,-0.6091,0.8982,-4.5329,0.0217,0
US30-M5,S1_BoxReclaim,NY1100,oos,179,0.5419,0.0113,0.1126,0.2454,1.0431,2.0205,0.029,0
US30-M5,S1_BoxReclaim,NY1300,oos,152,0.5132,-0.0334,0.0116,-0.6186,0.8938,-5.0708,0.0355,0
US30-M5,S1_BoxReclaim,NY1400,oos,158,0.5633,-0.015,0.1858,-0.2748,0.9527,-2.3773,0.035,0
US30-M5,S1_BoxReclaim,NY1800,oos,186,0.457,-0.0782,-0.0476,-1.8946,0.7154,-14.5484,0.0708,0
US30-M5,S1_BoxReclaim,TYO0900,oos,194,0.4948,-0.0775,-0.0195,-1.8957,0.7221,-15.036,0.0719,0
US30-M5,S2_OpenExhaust,LON0800,dev,46,0.3043,-0.1033,-1.0,-0.5516,0.8317,-4.7506,0.0886,0
US30-M5,S2_OpenExhaust,NY0800,dev,49,0.3673,-0.0522,-1.0,-0.2768,0.9166,-2.5565,0.0977,0
US30-M5,S2_OpenExhaust,NY0930,dev,49,0.2245,-0.4625,-1.0,-3.079,0.3699,-22.6618,0.0645,0
US30-M5,S2_OpenExhaust,NY1000,dev,50,0.38,-0.0753,-1.0,-0.4128,0.8745,-3.7633,0.0772,0
US30-M5,S2_OpenExhaust,NY1100,dev,48,0.5417,0.2102,0.2045,1.182,1.4855,10.0879,0.0807,0
US30-M5,S2_OpenExhaust,NY1300,dev,52,0.2692,-0.3447,-1.0,-2.1928,0.5165,-17.9238,0.1009,0
US30-M5,S2_OpenExhaust,NY1400,dev,45,0.4,-0.2015,-1.0,-1.3376,0.6577,-9.0693,0.0785,0
US30-M5,S2_OpenExhaust,NY1800,dev,31,0.4839,0.1829,-0.2205,0.7573,1.3725,5.669,0.1429,0
US30-M5,S2_OpenExhaust,TYO0900,dev,35,0.2571,-0.2404,-1.0,-1.1139,0.6441,-8.4139,0.1322,0
US30-M5,S2_OpenExhaust,LON0800,oos,45,0.3778,-0.1813,-1.0,-1.1457,0.6824,-8.1579,0.1017,0
US30-M5,S2_OpenExhaust,NY0800,oos,42,0.4048,0.056,-1.0,0.2576,1.094,2.3512,0.0935,0
US30-M5,S2_OpenExhaust,NY0930,oos,42,0.381,0.0096,-1.0,0.045,1.0155,0.4024,0.054,0
US30-M5,S2_OpenExhaust,NY1000,oos,49,0.3265,-0.1375,-1.0,-0.7693,0.7823,-6.738,0.0641,0
US30-M5,S2_OpenExhaust,NY1100,oos,33,0.4242,0.0713,-1.0,0.3127,1.1285,2.352,0.0609,0
US30-M5,S2_OpenExhaust,NY1300,oos,70,0.3,-0.2253,-1.0,-1.481,0.674,-15.7706,0.0749,0
US30-M5,S2_OpenExhaust,NY1400,oos,59,0.3898,-0.0891,-1.0,-0.5602,0.8525,-5.2567,0.0694,0
US30-M5,S2_OpenExhaust,NY1800,oos,13,0.3077,0.0253,-1.0,0.0602,1.0406,0.3285,0.2034,0
US30-M5,S2_OpenExhaust,TYO0900,oos,25,0.68,0.7485,0.6634,2.6856,3.6239,18.7137,0.1539,0
US30-M5,S4_OpenRetest,LON0800,dev,87,0.5172,0.1961,0.2481,1.595,1.4352,17.0589,0.1411,0
US30-M5,S4_OpenRetest,NY0800,dev,141,0.4113,-0.0379,-1.0,-0.4025,0.9316,-5.3494,0.1009,0
US30-M5,S4_OpenRetest,NY0930,dev,69,0.3913,-0.0333,-1.0,-0.2455,0.9392,-2.2948,0.0726,0
US30-M5,S4_OpenRetest,NY1000,dev,98,0.5,0.1916,0.024,1.6021,1.4022,18.7786,0.0839,0
US30-M5,S4_OpenRetest,NY1100,dev,114,0.3421,-0.2583,-1.0,-2.6293,0.598,-29.446,0.1157,0
US30-M5,S4_OpenRetest,NY1300,dev,134,0.4925,0.1404,-0.1772,1.3896,1.2835,18.8173,0.1106,0
US30-M5,S4_OpenRetest,NY1400,dev,119,0.437,0.001,-0.4851,0.0098,1.0019,0.1174,0.0977,0
US30-M5,S4_OpenRetest,NY1800,dev,105,0.3619,-0.1683,-1.0,-1.5915,0.7215,-17.6664,0.1694,0
US30-M5,S4_OpenRetest,TYO0900,dev,94,0.266,-0.4076,-1.0,-4.1102,0.4186,-38.3133,0.1441,0
US30-M5,S4_OpenRetest,LON0800,oos,81,0.4938,0.0637,-0.1701,0.524,1.1328,5.1584,0.1365,0
US30-M5,S4_OpenRetest,NY0800,oos,164,0.4451,0.0499,-1.0,0.5473,1.0929,8.1855,0.0778,0
US30-M5,S4_OpenRetest,NY0930,oos,65,0.3692,-0.1697,-1.0,-1.3141,0.7034,-11.0337,0.054,0
US30-M5,S4_OpenRetest,NY1000,oos,78,0.3718,-0.1019,-1.0,-0.8064,0.8267,-7.9478,0.0669,0
US30-M5,S4_OpenRetest,NY1100,oos,121,0.4132,-0.0285,-1.0,-0.2756,0.9493,-3.4467,0.082,0
US30-M5,S4_OpenRetest,NY1300,oos,107,0.3832,-0.0938,-1.0,-0.855,0.8429,-10.0377,0.0798,0
US30-M5,S4_OpenRetest,NY1400,oos,105,0.3333,-0.2366,-1.0,-2.0958,0.6398,-24.8481,0.0803,1
US30-M5,S4_OpenRetest,NY1800,oos,95,0.4105,-0.0861,-1.0,-0.7697,0.8482,-8.1771,0.206,0
US30-M5,S4_OpenRetest,TYO0900,oos,100,0.39,-0.1828,-1.0,-1.7982,0.6822,-18.2766,0.1905,0
US30-M5,S5_LevelSweep,LON0800,dev,56,0.5714,0.1048,0.1761,0.7965,1.2698,5.8702,0.0943,0
US30-M5,S5_LevelSweep,NY0800,dev,71,0.3662,-0.1315,-1.0,-1.0249,0.77,-9.3394,0.0936,0
US30-M5,S5_LevelSweep,NY0930,dev,87,0.4368,0.0112,-0.2339,0.0967,1.0228,0.9744,0.0576,0
US30-M5,S5_LevelSweep,NY1000,dev,62,0.2419,-0.3357,-1.0,-2.7642,0.4697,-20.8156,0.0802,0
US30-M5,S5_LevelSweep,NY1100,dev,46,0.3478,-0.1938,-1.0,-1.2414,0.6772,-8.9134,0.103,0
US30-M5,S5_LevelSweep,NY1300,dev,36,0.3611,-0.2141,-1.0,-1.2926,0.6249,-7.7076,0.0952,0
US30-M5,S5_LevelSweep,NY1400,dev,38,0.4474,0.002,-1.0,0.011,1.0038,0.0776,0.0885,0
US30-M5,S5_LevelSweep,NY1800,dev,47,0.5319,0.1307,0.2912,0.8852,1.336,6.1409,0.122,0
US30-M5,S5_LevelSweep,TYO0900,dev,48,0.3958,-0.2352,-1.0,-1.7063,0.5889,-11.2913,0.152,0
US30-M5,S5_LevelSweep,LON0800,oos,49,0.5102,0.1578,0.0895,1.0182,1.3675,7.731,0.0907,0
US30-M5,S5_LevelSweep,NY0800,oos,63,0.4286,-0.0606,-1.0,-0.4526,0.8855,-3.8151,0.0835,0
US30-M5,S5_LevelSweep,NY0930,oos,101,0.3861,-0.1126,-1.0,-1.0779,0.7922,-11.3751,0.0513,0
US30-M5,S5_LevelSweep,NY1000,oos,80,0.475,0.0516,-0.4402,0.4153,1.1033,4.1262,0.0675,0
US30-M5,S5_LevelSweep,NY1100,oos,52,0.4615,0.0717,-0.1834,0.4799,1.1574,3.7302,0.0665,0
US30-M5,S5_LevelSweep,NY1300,oos,59,0.2712,-0.3615,-1.0,-2.6534,0.4937,-21.3306,0.0839,0
US30-M5,S5_LevelSweep,NY1400,oos,57,0.4211,-0.0597,-1.0,-0.4093,0.893,-3.4004,0.0705,0
US30-M5,S5_LevelSweep,NY1800,oos,23,0.2609,-0.4455,-1.0,-2.3572,0.3518,-10.2469,0.1491,0
US30-M5,S5_LevelSweep,TYO0900,oos,24,0.3333,-0.2267,-0.4624,-1.2711,0.5554,-5.4419,0.1234,0
DAX-M5,S1_BoxReclaim,LON0800,dev,187,0.5027,-0.0298,0.011,-0.9189,0.8424,-5.5713,0.0157,0
DAX-M5,S1_BoxReclaim,NY0800,dev,164,0.4817,-0.1286,-0.0385,-2.3578,0.6625,-21.0986,0.0399,0
DAX-M5,S1_BoxReclaim,NY0930,dev,167,0.5808,0.0787,0.1062,1.9103,1.4224,13.1476,0.0249,0
DAX-M5,S1_BoxReclaim,NY1000,dev,186,0.4677,-0.0731,-0.0717,-1.7772,0.732,-13.6031,0.0292,0
DAX-M5,S1_BoxReclaim,NY1100,dev,165,0.503,-0.0247,0.0071,-0.619,0.8881,-4.0699,0.0341,0
DAX-M5,S1_BoxReclaim,NY1300,dev,166,0.4699,-0.1277,-0.1075,-2.4735,0.6487,-21.1904,0.0623,0
DAX-M5,S1_BoxReclaim,NY1400,dev,139,0.5324,-0.0478,0.0889,-0.8556,0.847,-6.6478,0.0589,0
DAX-M5,S1_BoxReclaim,NY1800,dev,139,0.5683,-0.004,0.1861,-0.0615,0.9869,-0.5586,0.0592,1
DAX-M5,S1_BoxReclaim,TYO0900,dev,78,0.5385,0.0433,0.064,0.6858,1.1991,3.3779,0.0417,0
DAX-M5,S1_BoxReclaim,LON0800,oos,188,0.5213,-0.0032,0.02,-0.0858,0.9848,-0.5959,0.0157,0
DAX-M5,S1_BoxReclaim,NY0800,oos,139,0.4964,-0.1313,-0.0233,-2.1308,0.6745,-18.2467,0.0381,0
DAX-M5,S1_BoxReclaim,NY0930,oos,188,0.4521,-0.0853,-0.0837,-1.8947,0.7283,-16.0457,0.0218,0
DAX-M5,S1_BoxReclaim,NY1000,oos,178,0.4663,-0.0441,-0.0356,-1.0864,0.8214,-7.8437,0.0214,0
DAX-M5,S1_BoxReclaim,NY1100,oos,183,0.5027,-0.0369,0.0067,-0.8771,0.8572,-6.7528,0.032,0
DAX-M5,S1_BoxReclaim,NY1300,oos,168,0.5,-0.0574,-0.0069,-1.1601,0.8151,-9.6372,0.0475,0
DAX-M5,S1_BoxReclaim,NY1400,oos,164,0.5122,-0.0769,0.0482,-1.4799,0.7683,-12.6122,0.0463,0
DAX-M5,S1_BoxReclaim,NY1800,oos,138,0.413,-0.1018,-0.1328,-1.9864,0.6711,-14.0466,0.0577,0
DAX-M5,S1_BoxReclaim,TYO0900,oos,95,0.5053,-0.0618,0.0083,-1.0555,0.7717,-5.8755,0.0475,0
DAX-M5,S2_OpenExhaust,LON0800,dev,46,0.2391,-0.3487,-1.0,-2.1664,0.4904,-16.0413,0.0455,0
DAX-M5,S2_OpenExhaust,NY0800,dev,49,0.4286,0.1846,-1.0,0.8927,1.3284,9.0437,0.0783,0
DAX-M5,S2_OpenExhaust,NY0930,dev,50,0.2,-0.4238,-1.0,-2.8111,0.4222,-21.1913,0.0641,0
DAX-M5,S2_OpenExhaust,NY1000,dev,47,0.234,-0.4052,-1.0,-2.6701,0.4333,-19.0458,0.0673,0
DAX-M5,S2_OpenExhaust,NY1100,dev,47,0.5532,0.2536,0.2344,1.3708,1.6217,11.9206,0.095,0
DAX-M5,S2_OpenExhaust,NY1300,dev,40,0.3,-0.1917,-1.0,-0.909,0.7158,-7.6673,0.1064,0
DAX-M5,S2_OpenExhaust,NY1400,dev,34,0.3824,-0.0854,-1.0,-0.4099,0.8555,-2.9053,0.0923,0
DAX-M5,S2_OpenExhaust,NY1800,dev,27,0.3333,-0.0712,-1.0,-0.2703,0.891,-1.9231,0.1247,0
DAX-M5,S2_OpenExhaust,TYO0900,dev,41,0.2683,-0.3173,-1.0,-1.8618,0.5349,-13.0096,0.1019,0
DAX-M5,S2_OpenExhaust,LON0800,oos,52,0.3462,-0.0378,-1.0,-0.2136,0.9351,-1.9637,0.0499,0
DAX-M5,S2_OpenExhaust,NY0800,oos,47,0.3191,-0.2634,-1.0,-1.6334,0.6091,-12.3821,0.0614,0
DAX-M5,S2_OpenExhaust,NY0930,oos,56,0.1786,-0.4342,-1.0,-2.912,0.4152,-24.3162,0.0568,0
DAX-M5,S2_OpenExhaust,NY1000,oos,47,0.2979,-0.165,-1.0,-0.9312,0.7291,-7.7564,0.0655,0
DAX-M5,S2_OpenExhaust,NY1100,oos,40,0.3,-0.2141,-1.0,-1.2412,0.6448,-8.5656,0.0681,0
DAX-M5,S2_OpenExhaust,NY1300,oos,54,0.4444,0.0876,-1.0,0.4997,1.1637,4.7291,0.0946,0
DAX-M5,S2_OpenExhaust,NY1400,oos,45,0.4444,0.0275,-0.7397,0.1472,1.0495,1.2371,0.0921,0
DAX-M5,S2_OpenExhaust,NY1800,oos,18,0.5,0.097,-0.3992,0.3333,1.1939,1.7454,0.1301,0
DAX-M5,S2_OpenExhaust,TYO0900,oos,34,0.3529,-0.0664,-0.6258,-0.3317,0.8769,-2.2576,0.0991,0
DAX-M5,S3_IBBreak,NY1300,dev,5,0.2,-0.6972,-1.0,-2.3022,0.1285,-3.4859,0.2145,0
DAX-M5,S3_IBBreak,NY1400,dev,10,0.3,-0.1494,-0.3875,-0.4603,0.6928,-1.4941,0.1961,0
DAX-M5,S3_IBBreak,NY1800,dev,30,0.2333,-0.3704,-0.6548,-2.625,0.326,-11.1111,0.1781,0
DAX-M5,S3_IBBreak,TYO0900,dev,1,0.0,-0.1961,-0.1961,,0.0,-0.1961,0.1978,0
DAX-M5,S3_IBBreak,NY1300,oos,2,0.0,-0.5439,-0.5439,-1.1924,0.0,-1.0878,0.2779,0
DAX-M5,S3_IBBreak,NY1400,oos,5,0.0,-2.3013,-1.0,-1.9398,0.0,-11.5067,0.2394,1
DAX-M5,S3_IBBreak,NY1800,oos,15,0.4,0.027,-0.3232,0.1069,1.0703,0.4047,0.1908,0
DAX-M5,S4_OpenRetest,LON0800,dev,64,0.4062,-0.0745,-1.0,-0.5401,0.8662,-4.7679,0.0655,0
DAX-M5,S4_OpenRetest,NY0800,dev,134,0.4104,-0.0576,-1.0,-0.5922,0.8997,-7.7186,0.0823,0
DAX-M5,S4_OpenRetest,NY0930,dev,96,0.3542,-0.2121,-1.0,-1.9755,0.6519,-20.3594,0.0757,0
DAX-M5,S4_OpenRetest,NY1000,dev,98,0.4184,-0.0095,-1.0,-0.0843,0.9821,-0.934,0.0834,0
DAX-M5,S4_OpenRetest,NY1100,dev,107,0.4112,-0.016,-0.4273,-0.1539,0.9684,-1.7116,0.1082,0
DAX-M5,S4_OpenRetest,NY1300,dev,111,0.3423,-0.2229,-1.0,-2.1756,0.6508,-24.7414,0.1525,0
DAX-M5,S4_OpenRetest,NY1400,dev,127,0.3937,-0.1355,-1.0,-1.3592,0.7695,-17.2074,0.1363,0
DAX-M5,S4_OpenRetest,NY1800,dev,110,0.3818,-0.1048,-1.0,-0.8696,0.8277,-11.5328,0.1405,1
DAX-M5,S4_OpenRetest,TYO0900,dev,106,0.3585,-0.1324,-1.0,-1.2123,0.7804,-14.03,0.1254,0
DAX-M5,S4_OpenRetest,LON0800,oos,70,0.3857,-0.0896,-1.0,-0.6849,0.8411,-6.2726,0.0561,0
DAX-M5,S4_OpenRetest,NY0800,oos,137,0.3285,-0.2413,-1.0,-2.6239,0.6288,-33.0625,0.0676,0
DAX-M5,S4_OpenRetest,NY0930,oos,102,0.3824,-0.0886,-1.0,-0.7987,0.8469,-9.0371,0.0593,0
DAX-M5,S4_OpenRetest,NY1000,oos,87,0.3908,-0.1231,-1.0,-1.052,0.7884,-10.7071,0.0709,0
DAX-M5,S4_OpenRetest,NY1100,oos,104,0.3942,-0.1035,-1.0,-0.9747,0.8161,-10.7644,0.0968,0
DAX-M5,S4_OpenRetest,NY1300,oos,102,0.3529,-0.1687,-1.0,-1.5271,0.7298,-17.2107,0.1025,0
DAX-M5,S4_OpenRetest,NY1400,oos,111,0.3333,-0.1492,-1.0,-1.1532,0.757,-16.5636,0.1062,0
DAX-M5,S4_OpenRetest,NY1800,oos,119,0.4202,-0.0892,-1.0,-0.8881,0.8418,-10.6168,0.1671,0
DAX-M5,S4_OpenRetest,TYO0900,oos,103,0.4466,0.0245,-0.6354,0.2212,1.0475,2.5255,0.1401,0
DAX-M5,S5_LevelSweep,LON0800,dev,92,0.3478,-0.2087,-1.0,-1.9929,0.6386,-19.1966,0.0531,0
DAX-M5,S5_LevelSweep,NY0800,dev,52,0.4808,0.1096,-0.6536,0.6715,1.2167,5.7003,0.093,0
DAX-M5,S5_LevelSweep,NY0930,dev,59,0.339,-0.1572,-1.0,-1.118,0.7325,-9.2756,0.0683,0
DAX-M5,S5_LevelSweep,NY1000,dev,56,0.3929,-0.1624,-1.0,-1.2307,0.7006,-9.0971,0.0832,0
DAX-M5,S5_LevelSweep,NY1100,dev,50,0.4,-0.0231,-0.454,-0.1567,0.9523,-1.153,0.0928,0
DAX-M5,S5_LevelSweep,NY1300,dev,21,0.4762,0.0286,-0.5184,0.1184,1.0571,0.6002,0.1319,0
DAX-M5,S5_LevelSweep,NY1400,dev,35,0.4,-0.029,-0.581,-0.1567,0.9437,-1.014,0.1327,0
DAX-M5,S5_LevelSweep,NY1800,dev,40,0.45,0.0736,-0.1157,0.3993,1.1613,2.9437,0.1165,0
DAX-M5,S5_LevelSweep,TYO0900,dev,45,0.4444,-0.0662,-0.3747,-0.4264,0.8692,-2.9805,0.1018,0
DAX-M5,S5_LevelSweep,LON0800,oos,96,0.4271,-0.034,-1.0,-0.2988,0.9377,-3.2663,0.0491,0
DAX-M5,S5_LevelSweep,NY0800,oos,57,0.4211,-0.013,-1.0,-0.0843,0.9768,-0.7383,0.0757,0
DAX-M5,S5_LevelSweep,NY0930,oos,63,0.4921,0.1586,-0.1141,1.0776,1.3304,9.9926,0.0631,0
DAX-M5,S5_LevelSweep,NY1000,oos,39,0.6154,0.2967,0.2042,1.7712,1.8953,11.5712,0.0616,0
DAX-M5,S5_LevelSweep,NY1100,oos,29,0.5172,0.0608,0.0291,0.3296,1.157,1.7643,0.0658,0
DAX-M5,S5_LevelSweep,NY1300,oos,30,0.4667,0.1162,-0.4403,0.5621,1.2435,3.4865,0.108,0
DAX-M5,S5_LevelSweep,NY1400,oos,35,0.5714,0.2981,0.4582,1.5344,1.7486,10.4345,0.0942,0
DAX-M5,S5_LevelSweep,NY1800,oos,27,0.6296,0.3848,0.5941,1.8723,2.2137,10.3895,0.142,0
DAX-M5,S5_LevelSweep,TYO0900,oos,39,0.4615,0.1072,-0.2972,0.566,1.2274,4.1798,0.1076,0
FTSE-M5,S1_BoxReclaim,LON0800,dev,224,0.4688,-0.0362,-0.0231,-1.1944,0.819,-8.1174,0.0413,0
FTSE-M5,S1_BoxReclaim,NY0800,dev,153,0.5163,-0.0875,0.0548,-1.5666,0.7563,-13.3919,0.1174,0
FTSE-M5,S1_BoxReclaim,NY0930,dev,178,0.4719,-0.0515,-0.0444,-1.1982,0.8083,-9.1689,0.0656,0
FTSE-M5,S1_BoxReclaim,NY1000,dev,192,0.5417,-0.0207,0.0875,-0.494,0.9195,-3.9722,0.0793,0
FTSE-M5,S1_BoxReclaim,NY1100,dev,160,0.3812,-0.1626,-0.1937,-3.5527,0.515,-26.0226,0.0967,0
FTSE-M5,S1_BoxReclaim,NY1300,dev,170,0.4235,-0.2349,-0.1682,-4.6663,0.4393,-39.9381,0.1559,0
FTSE-M5,S1_BoxReclaim,NY1400,dev,143,0.4266,-0.2031,-0.1595,-3.7852,0.4836,-29.0498,0.1438,0
FTSE-M5,S1_BoxReclaim,NY1800,dev,131,0.5267,0.0076,0.0325,0.1537,1.033,0.9949,0.1449,0
FTSE-M5,S1_BoxReclaim,TYO0900,dev,152,0.4737,-0.1139,-0.0874,-2.2823,0.6385,-17.3139,0.1088,0
FTSE-M5,S1_BoxReclaim,LON0800,oos,170,0.3941,-0.1021,-0.0914,-2.9249,0.5678,-17.3605,0.0424,0
FTSE-M5,S1_BoxReclaim,NY0800,oos,132,0.5,-0.1432,0.036,-2.2908,0.6485,-18.9009,0.1105,0
FTSE-M5,S1_BoxReclaim,NY0930,oos,181,0.4475,-0.1041,-0.1202,-2.5104,0.6427,-18.8503,0.0604,0
FTSE-M5,S1_BoxReclaim,NY1000,oos,172,0.4651,-0.0509,-0.0758,-1.1746,0.8112,-8.7496,0.0679,0
FTSE-M5,S1_BoxReclaim,NY1100,oos,168,0.4524,-0.1204,-0.0704,-2.6417,0.6168,-20.2339,0.0894,0
FTSE-M5,S1_BoxReclaim,NY1300,oos,152,0.5,-0.0909,0.0066,-1.8358,0.7076,-13.8143,0.1328,0
FTSE-M5,S1_BoxReclaim,NY1400,oos,144,0.4444,-0.2034,-0.1704,-3.4757,0.5258,-29.2829,0.1361,0
FTSE-M5,S1_BoxReclaim,NY1800,oos,139,0.4532,-0.0356,-0.056,-0.5946,0.8648,-4.9457,0.1234,0
FTSE-M5,S1_BoxReclaim,TYO0900,oos,180,0.5167,-0.0302,0.013,-0.7576,0.8732,-5.4399,0.105,0
FTSE-M5,S2_OpenExhaust,LON0800,dev,63,0.3492,-0.1819,-1.0,-1.2454,0.7043,-11.4621,0.1541,0
FTSE-M5,S2_OpenExhaust,NY0800,dev,55,0.3636,-0.0911,-1.0,-0.5272,0.8568,-5.0122,0.2048,0
FTSE-M5,S2_OpenExhaust,NY0930,dev,48,0.3125,-0.3423,-1.0,-2.2361,0.502,-16.4324,0.1947,0
FTSE-M5,S2_OpenExhaust,NY1000,dev,57,0.4035,-0.1993,-1.0,-1.4882,0.6522,-11.3595,0.1851,0
FTSE-M5,S2_OpenExhaust,NY1100,dev,49,0.4286,-0.0101,-1.0,-0.0588,0.9808,-0.4947,0.2057,0
FTSE-M5,S2_OpenExhaust,NY1300,dev,42,0.1905,-0.4957,-1.0,-2.7969,0.3979,-20.8191,0.2527,0
FTSE-M5,S2_OpenExhaust,NY1400,dev,42,0.3333,-0.2215,-1.0,-1.0965,0.6825,-9.3041,0.2442,1
FTSE-M5,S2_OpenExhaust,NY1800,dev,24,0.4583,0.0768,-0.6109,0.2775,1.1372,1.8444,0.2786,0
FTSE-M5,S2_OpenExhaust,TYO0900,dev,42,0.1905,-0.6002,-1.0,-4.7196,0.2219,-25.2082,0.2616,0
FTSE-M5,S2_OpenExhaust,LON0800,oos,62,0.3548,-0.1539,-1.0,-1.01,0.7478,-9.5401,0.1458,0
FTSE-M5,S2_OpenExhaust,NY0800,oos,43,0.3488,-0.1375,-1.0,-0.7409,0.785,-5.9129,0.1848,0
FTSE-M5,S2_OpenExhaust,NY0930,oos,38,0.1842,-0.5013,-1.0,-3.4255,0.3052,-19.0488,0.1779,0
FTSE-M5,S2_OpenExhaust,NY1000,oos,33,0.2121,-0.472,-1.0,-3.0237,0.3195,-15.5776,0.1724,0
FTSE-M5,S2_OpenExhaust,NY1100,oos,28,0.4286,-0.2181,-1.0,-1.1802,0.5981,-6.1056,0.2172,0
FTSE-M5,S2_OpenExhaust,NY1300,oos,39,0.2821,-0.3475,-1.0,-1.9915,0.4945,-13.5535,0.2256,0
FTSE-M5,S2_OpenExhaust,NY1400,oos,46,0.3261,-0.3308,-1.0,-2.1213,0.5092,-15.2147,0.2337,0
FTSE-M5,S2_OpenExhaust,NY1800,oos,22,0.5,0.3181,-0.3699,1.0164,1.6361,6.9974,0.2679,0
FTSE-M5,S2_OpenExhaust,TYO0900,oos,37,0.2703,-0.4877,-1.0,-3.6669,0.2743,-18.0447,0.2753,0
FTSE-M5,S3_IBBreak,NY1300,dev,2,0.5,-0.4121,-0.4121,-0.8776,0.0652,-0.8242,0.4399,0
FTSE-M5,S3_IBBreak,NY1400,dev,5,0.4,-0.1127,-0.3907,-0.2583,0.7654,-0.5636,0.3627,0
FTSE-M5,S3_IBBreak,NY1800,dev,21,0.2381,-0.6212,-0.6653,-3.4957,0.1156,-13.0444,0.3402,0
FTSE-M5,S3_IBBreak,TYO0900,dev,1,1.0,2.8135,2.8135,,inf,2.8135,0.3817,0
FTSE-M5,S3_IBBreak,NY0800,oos,1,0.0,-0.223,-0.223,,0.0,-0.223,0.1346,0
FTSE-M5,S3_IBBreak,NY0930,oos,1,0.0,-0.2938,-0.2938,,0.0,-0.2938,0.0979,0
FTSE-M5,S3_IBBreak,NY1300,oos,2,0.0,-0.7639,-0.7639,-3.2351,0.0,-1.5278,0.2518,0
FTSE-M5,S3_IBBreak,NY1400,oos,3,0.0,-0.7934,-1.0,-3.8414,0.0,-2.3803,0.2369,0
FTSE-M5,S3_IBBreak,NY1800,oos,5,0.4,-0.3381,-0.4058,-0.5232,0.5148,-1.6907,0.3585,0
FTSE-M5,S3_IBBreak,TYO0900,oos,5,0.0,-0.3773,-0.2882,-2.2368,0.0,-1.8867,0.2246,0
FTSE-M5,S4_OpenRetest,LON0800,dev,65,0.4615,0.0439,-0.3133,0.3302,1.0928,2.8546,0.1602,0
FTSE-M5,S4_OpenRetest,NY0800,dev,139,0.3597,-0.2304,-1.0,-2.6432,0.6301,-32.0227,0.2232,0
FTSE-M5,S4_OpenRetest,NY0930,dev,107,0.3084,-0.2616,-1.0,-2.6919,0.5727,-27.9957,0.184,0
FTSE-M5,S4_OpenRetest,NY1000,dev,115,0.3739,-0.2053,-1.0,-2.2559,0.6381,-23.604,0.2056,0
FTSE-M5,S4_OpenRetest,NY1100,dev,112,0.3839,-0.1863,-0.8805,-2.0945,0.6497,-20.8688,0.2295,0
FTSE-M5,S4_OpenRetest,NY1300,dev,94,0.3191,-0.3237,-1.0,-3.1884,0.5114,-30.4239,0.2657,0
FTSE-M5,S4_OpenRetest,NY1400,dev,92,0.3587,-0.2875,-1.0,-2.5905,0.5519,-26.4507,0.2481,0
FTSE-M5,S4_OpenRetest,NY1800,dev,89,0.4045,-0.2232,-1.0,-2.0897,0.6192,-19.8659,0.2513,0
FTSE-M5,S4_OpenRetest,TYO0900,dev,92,0.3152,-0.3347,-1.0,-3.2838,0.4855,-30.7934,0.2703,0
FTSE-M5,S4_OpenRetest,LON0800,oos,51,0.2745,-0.3533,-1.0,-2.7532,0.4442,-18.0192,0.1497,0
FTSE-M5,S4_OpenRetest,NY0800,oos,129,0.2093,-0.5305,-1.0,-6.9997,0.2941,-68.4314,0.1894,0
FTSE-M5,S4_OpenRetest,NY0930,oos,104,0.4038,-0.1685,-1.0,-1.7091,0.6992,-17.5189,0.1814,0
FTSE-M5,S4_OpenRetest,NY1000,oos,94,0.3298,-0.3009,-1.0,-2.9948,0.5301,-28.2856,0.1852,0
FTSE-M5,S4_OpenRetest,NY1100,oos,97,0.433,-0.1632,-1.0,-1.6775,0.6907,-15.8273,0.1998,0
FTSE-M5,S4_OpenRetest,NY1300,oos,97,0.268,-0.4411,-1.0,-4.864,0.371,-42.7841,0.264,0
FTSE-M5,S4_OpenRetest,NY1400,oos,108,0.4722,0.0005,-0.3588,0.004,1.001,0.0532,0.2257,0
FTSE-M5,S4_OpenRetest,NY1800,oos,81,0.4074,-0.1421,-1.0,-1.2164,0.7421,-11.5068,0.2487,0
FTSE-M5,S4_OpenRetest,TYO0900,oos,93,0.3871,-0.2711,-1.0,-3.0398,0.5027,-25.2167,0.2802,0
FTSE-M5,S5_LevelSweep,LON0800,dev,104,0.4615,-0.0003,-0.168,-0.0034,0.9993,-0.0356,0.1483,0
FTSE-M5,S5_LevelSweep,NY0800,dev,50,0.38,-0.1308,-0.945,-0.8866,0.7666,-6.5382,0.231,0
FTSE-M5,S5_LevelSweep,NY0930,dev,72,0.2778,-0.3688,-1.0,-3.1597,0.4679,-26.5528,0.1692,0
FTSE-M5,S5_LevelSweep,NY1000,dev,62,0.3548,-0.3039,-1.0,-2.6202,0.4997,-18.8434,0.179,0
FTSE-M5,S5_LevelSweep,NY1100,dev,50,0.46,-0.0529,-1.0,-0.3424,0.9021,-2.6425,0.2164,0
FTSE-M5,S5_LevelSweep,NY1300,dev,27,0.2593,-0.4518,-1.0,-2.9601,0.2958,-12.1979,0.2177,0
FTSE-M5,S5_LevelSweep,NY1400,dev,28,0.3929,-0.2215,-0.9669,-1.2404,0.6,-6.2006,0.2386,0
FTSE-M5,S5_LevelSweep,NY1800,dev,22,0.4091,-0.286,-1.0,-1.5957,0.4784,-6.2926,0.2205,0
FTSE-M5,S5_LevelSweep,TYO0900,dev,38,0.4211,-0.1647,-0.6345,-1.0047,0.695,-6.2582,0.2106,0
FTSE-M5,S5_LevelSweep,LON0800,oos,89,0.382,-0.179,-1.0,-1.7293,0.6741,-15.9352,0.1371,0
FTSE-M5,S5_LevelSweep,NY0800,oos,40,0.275,-0.3467,-1.0,-2.3339,0.4585,-13.8661,0.1974,0
FTSE-M5,S5_LevelSweep,NY0930,oos,62,0.3387,-0.3197,-1.0,-2.625,0.493,-19.8194,0.1673,0
FTSE-M5,S5_LevelSweep,NY1000,oos,69,0.3623,-0.2382,-1.0,-1.9814,0.6037,-16.4326,0.1781,0
FTSE-M5,S5_LevelSweep,NY1100,oos,42,0.381,-0.1372,-1.0,-0.8319,0.7625,-5.7627,0.2015,0
FTSE-M5,S5_LevelSweep,NY1300,oos,21,0.2381,-0.5041,-1.0,-2.7217,0.2963,-10.5854,0.2257,0
FTSE-M5,S5_LevelSweep,NY1400,oos,23,0.3478,-0.2741,-1.0,-1.4122,0.5252,-6.3038,0.2127,0
FTSE-M5,S5_LevelSweep,NY1800,oos,24,0.4167,-0.1101,-0.1726,-0.6237,0.7426,-2.6423,0.205,0
FTSE-M5,S5_LevelSweep,TYO0900,oos,41,0.439,-0.2078,-1.0,-1.4165,0.6207,-8.5184,0.2254,0
XAU5-M5,S1_BoxReclaim,LON0800,dev,167,0.509,-0.0604,0.0042,-1.44,0.7589,-10.0821,0.0872,0
XAU5-M5,S1_BoxReclaim,NY0800,dev,130,0.5769,0.0045,0.1734,0.076,1.0153,0.5792,0.0673,0
XAU5-M5,S1_BoxReclaim,NY0930,dev,163,0.4663,-0.0925,-0.0546,-2.1635,0.6642,-15.0701,0.0464,0
XAU5-M5,S1_BoxReclaim,NY1000,dev,175,0.4629,-0.1187,-0.0512,-3.046,0.5634,-20.7691,0.0517,0
XAU5-M5,S1_BoxReclaim,NY1100,dev,192,0.4792,-0.0657,-0.0235,-1.7364,0.7384,-12.614,0.0789,0
XAU5-M5,S1_BoxReclaim,NY1300,dev,164,0.4329,-0.1478,-0.0837,-3.4613,0.5156,-24.2418,0.1189,0
XAU5-M5,S1_BoxReclaim,NY1400,dev,147,0.3946,-0.2185,-0.1985,-4.4211,0.4266,-32.1265,0.1381,0
XAU5-M5,S1_BoxReclaim,NY1800,dev,191,0.4764,-0.0925,-0.0113,-2.3089,0.6701,-17.6622,0.1423,0
XAU5-M5,S1_BoxReclaim,TYO0900,dev,181,0.4862,-0.1733,-0.0181,-3.404,0.5717,-31.3739,0.1391,0
XAU5-M5,S1_BoxReclaim,LON0800,oos,200,0.44,-0.1314,-0.1889,-3.2668,0.5835,-26.2809,0.0868,0
XAU5-M5,S1_BoxReclaim,NY0800,oos,80,0.4375,-0.1829,-0.2272,-2.3075,0.5716,-14.6305,0.0867,0
XAU5-M5,S1_BoxReclaim,NY0930,oos,161,0.441,-0.0978,-0.0811,-2.19,0.6644,-15.7472,0.0485,0
XAU5-M5,S1_BoxReclaim,NY1000,oos,192,0.5781,0.0416,0.0502,1.2366,1.2503,7.9931,0.051,0
XAU5-M5,S1_BoxReclaim,NY1100,oos,190,0.5632,0.0177,0.0654,0.4585,1.0807,3.3641,0.0739,0
XAU5-M5,S1_BoxReclaim,NY1300,oos,174,0.4713,-0.0918,-0.0631,-2.2048,0.6709,-15.9718,0.1073,0
XAU5-M5,S1_BoxReclaim,NY1400,oos,160,0.4312,-0.1775,-0.1605,-3.8392,0.4905,-28.3948,0.1271,0
XAU5-M5,S1_BoxReclaim,NY1800,oos,178,0.4494,-0.1223,-0.1016,-3.1051,0.5708,-21.7721,0.1455,0
XAU5-M5,S1_BoxReclaim,TYO0900,oos,170,0.4471,-0.1891,-0.1799,-3.7119,0.5297,-32.1549,0.1307,0
XAU5-M5,S2_OpenExhaust,LON0800,dev,48,0.3333,-0.2323,-1.0,-1.6031,0.6007,-11.1488,0.1643,0
XAU5-M5,S2_OpenExhaust,NY0800,dev,33,0.3939,0.0035,-1.0,0.0154,1.006,0.1154,0.1186,0
XAU5-M5,S2_OpenExhaust,NY0930,dev,37,0.2703,-0.3512,-1.0,-2.0764,0.4785,-12.9936,0.111,0
XAU5-M5,S2_OpenExhaust,NY1000,dev,36,0.3611,-0.0868,-0.5112,-0.5215,0.8197,-3.1237,0.1251,0
XAU5-M5,S2_OpenExhaust,NY1100,dev,32,0.3438,-0.1698,-1.0,-0.8677,0.713,-5.4331,0.1909,0
XAU5-M5,S2_OpenExhaust,NY1300,dev,43,0.2558,-0.3677,-1.0,-2.5405,0.4382,-15.8129,0.251,0
XAU5-M5,S2_OpenExhaust,NY1400,dev,29,0.4138,-0.1421,-1.0,-0.6655,0.7532,-4.1216,0.2133,0
XAU5-M5,S2_OpenExhaust,NY1800,dev,7,0.1429,-0.743,-1.0,-2.8917,0.1331,-5.2013,0.2319,0
XAU5-M5,S2_OpenExhaust,TYO0900,dev,44,0.25,-0.5618,-1.0,-5.054,0.2193,-24.7207,0.2006,0
XAU5-M5,S2_OpenExhaust,LON0800,oos,44,0.2727,-0.3783,-1.0,-2.5869,0.4287,-16.6453,0.1865,0
XAU5-M5,S2_OpenExhaust,NY0800,oos,49,0.2857,-0.2552,-1.0,-1.4756,0.6325,-12.5045,0.1316,0
XAU5-M5,S2_OpenExhaust,NY0930,oos,48,0.5,-0.0371,-0.1001,-0.2674,0.9169,-1.7809,0.1242,0
XAU5-M5,S2_OpenExhaust,NY1000,oos,52,0.3462,-0.2202,-1.0,-1.5166,0.6225,-11.4495,0.1383,0
XAU5-M5,S2_OpenExhaust,NY1100,oos,59,0.339,-0.1472,-1.0,-0.9304,0.7563,-8.684,0.1826,0
XAU5-M5,S2_OpenExhaust,NY1300,oos,32,0.375,-0.1369,-0.6371,-0.7604,0.738,-4.382,0.2337,0
XAU5-M5,S2_OpenExhaust,NY1400,oos,41,0.5366,0.1828,0.451,1.024,1.4249,7.4959,0.2311,0
XAU5-M5,S2_OpenExhaust,NY1800,oos,21,0.2381,-0.5322,-1.0,-2.751,0.3015,-11.1768,0.2816,0
XAU5-M5,S2_OpenExhaust,TYO0900,oos,30,0.3667,-0.0732,-1.0,-0.3162,0.8728,-2.1958,0.2305,0
XAU5-M5,S4_OpenRetest,LON0800,dev,97,0.3918,-0.191,-1.0,-1.8566,0.6742,-18.529,0.2255,0
XAU5-M5,S4_OpenRetest,NY0800,dev,118,0.339,-0.2461,-1.0,-2.5936,0.6082,-29.037,0.1382,0
XAU5-M5,S4_OpenRetest,NY0930,dev,89,0.4157,-0.1545,-1.0,-1.4295,0.7248,-13.7531,0.1512,0
XAU5-M5,S4_OpenRetest,NY1000,dev,77,0.4416,-0.1056,-1.0,-0.9047,0.8034,-8.1302,0.1707,0
XAU5-M5,S4_OpenRetest,NY1100,dev,83,0.4096,-0.1765,-1.0,-1.6165,0.6894,-14.6496,0.2257,0
XAU5-M5,S4_OpenRetest,NY1300,dev,73,0.411,-0.1971,-1.0,-1.8218,0.6359,-14.3858,0.254,0
XAU5-M5,S4_OpenRetest,NY1400,dev,79,0.2532,-0.4489,-1.0,-4.794,0.3285,-35.4623,0.2934,0
XAU5-M5,S4_OpenRetest,NY1800,dev,101,0.3564,-0.3181,-1.0,-3.5306,0.4841,-32.1232,0.2939,0
XAU5-M5,S4_OpenRetest,TYO0900,dev,109,0.3211,-0.3283,-1.0,-3.6376,0.487,-35.7828,0.2396,0
XAU5-M5,S4_OpenRetest,LON0800,oos,101,0.3663,-0.1933,-1.0,-1.8388,0.6838,-19.5189,0.2091,0
XAU5-M5,S4_OpenRetest,NY0800,oos,142,0.3239,-0.232,-1.0,-2.6325,0.6321,-32.9444,0.1328,0
XAU5-M5,S4_OpenRetest,NY0930,oos,84,0.3333,-0.2529,-1.0,-2.2865,0.5954,-21.2398,0.1503,0
XAU5-M5,S4_OpenRetest,NY1000,oos,84,0.4524,-0.0524,-0.7632,-0.4602,0.8981,-4.3979,0.1693,0
XAU5-M5,S4_OpenRetest,NY1100,oos,87,0.3563,-0.2419,-1.0,-2.2047,0.611,-21.0418,0.2166,0
XAU5-M5,S4_OpenRetest,NY1300,oos,100,0.36,-0.2206,-1.0,-2.1817,0.6344,-22.0642,0.2561,0
XAU5-M5,S4_OpenRetest,NY1400,oos,76,0.3158,-0.3236,-1.0,-3.3217,0.4415,-24.5939,0.2606,0
XAU5-M5,S4_OpenRetest,NY1800,oos,101,0.3168,-0.3911,-1.0,-4.4464,0.411,-39.4994,0.2953,0
XAU5-M5,S4_OpenRetest,TYO0900,oos,120,0.3667,-0.2051,-1.0,-2.2698,0.6486,-24.617,0.2601,0
XAU5-M5,S5_LevelSweep,LON0800,dev,40,0.475,0.085,-0.1536,0.5206,1.201,3.4005,0.1942,0
XAU5-M5,S5_LevelSweep,NY0800,dev,72,0.3611,-0.1793,-1.0,-1.4838,0.6894,-12.9079,0.1405,0
XAU5-M5,S5_LevelSweep,NY0930,dev,63,0.3333,-0.2364,-1.0,-1.8626,0.6065,-14.8927,0.1161,0
XAU5-M5,S5_LevelSweep,NY1000,dev,49,0.4082,-0.1017,-1.0,-0.6721,0.8126,-4.9827,0.1364,0
XAU5-M5,S5_LevelSweep,NY1100,dev,27,0.3333,-0.2795,-1.0,-1.542,0.5376,-7.5468,0.2005,0
XAU5-M5,S5_LevelSweep,NY1300,dev,32,0.2812,-0.4304,-1.0,-2.8142,0.3412,-13.7714,0.1855,0
XAU5-M5,S5_LevelSweep,NY1400,dev,32,0.375,-0.2022,-1.0,-1.1306,0.66,-6.4702,0.2181,0
XAU5-M5,S5_LevelSweep,NY1800,dev,20,0.45,-0.11,-0.2976,-0.5412,0.7576,-2.1994,0.1653,0
XAU5-M5,S5_LevelSweep,TYO0900,dev,36,0.4167,-0.1432,-1.0,-0.8137,0.7447,-5.1546,0.1975,0
XAU5-M5,S5_LevelSweep,LON0800,oos,45,0.4667,0.0081,-0.2437,0.0543,1.0176,0.3649,0.1784,0
XAU5-M5,S5_LevelSweep,NY0800,oos,72,0.3333,-0.2695,-1.0,-2.3705,0.551,-19.4059,0.1522,0
XAU5-M5,S5_LevelSweep,NY0930,oos,90,0.4556,-0.0019,-0.566,-0.0172,0.9962,-0.1749,0.132,0
XAU5-M5,S5_LevelSweep,NY1000,oos,78,0.4615,0.027,-0.1189,0.2347,1.0593,2.1082,0.1374,0
XAU5-M5,S5_LevelSweep,NY1100,oos,53,0.3396,-0.2751,-1.0,-2.1628,0.5325,-14.5804,0.1912,0
XAU5-M5,S5_LevelSweep,NY1300,oos,29,0.3448,-0.2204,-0.7501,-1.2725,0.5963,-6.392,0.2002,0
XAU5-M5,S5_LevelSweep,NY1400,oos,20,0.25,-0.5026,-1.0,-2.9061,0.245,-10.0513,0.178,0
XAU5-M5,S5_LevelSweep,NY1800,oos,26,0.4615,-0.1614,-0.2281,-1.0507,0.6201,-4.1957,0.2227,0
XAU5-M5,S5_LevelSweep,TYO0900,oos,45,0.3556,-0.2958,-1.0,-2.0287,0.5338,-13.3121,0.213,0
EURUSD5-M5,S1_BoxReclaim,LON0800,dev,134,0.4776,-0.0605,-0.0237,-1.1648,0.7901,-8.1012,0.0546,0
EURUSD5-M5,S1_BoxReclaim,NY0800,dev,61,0.4426,-0.1537,-0.0729,-1.7055,0.6137,-9.3779,0.0609,0
EURUSD5-M5,S1_BoxReclaim,NY0930,dev,88,0.5227,-0.0155,0.0466,-0.234,0.944,-1.3615,0.0516,0
EURUSD5-M5,S1_BoxReclaim,NY1000,dev,121,0.4793,-0.0778,-0.0427,-1.462,0.7299,-9.4123,0.0506,0
EURUSD5-M5,S1_BoxReclaim,NY1100,dev,119,0.5462,-0.0332,0.0563,-0.6473,0.8678,-3.9543,0.0638,0
EURUSD5-M5,S1_BoxReclaim,NY1300,dev,117,0.5214,-0.0454,0.0435,-0.848,0.8332,-5.3142,0.0933,0
EURUSD5-M5,S1_BoxReclaim,NY1400,dev,95,0.4526,-0.1234,-0.0792,-2.0439,0.6082,-11.7194,0.1104,0
EURUSD5-M5,S1_BoxReclaim,NY1800,dev,134,0.5,-0.0909,-0.0122,-1.8099,0.6939,-12.1861,0.1406,0
EURUSD5-M5,S1_BoxReclaim,TYO0900,dev,93,0.3548,-0.2369,-0.2195,-3.7345,0.4055,-22.0284,0.0978,0
EURUSD5-M5,S1_BoxReclaim,LON0800,oos,136,0.4926,-0.0524,-0.013,-1.0367,0.8131,-7.1279,0.0409,0
EURUSD5-M5,S1_BoxReclaim,NY0800,oos,50,0.5,-0.0979,0.0039,-1.0306,0.7142,-4.8945,0.0507,0
EURUSD5-M5,S1_BoxReclaim,NY0930,oos,99,0.5556,0.0116,0.1368,0.1888,1.0446,1.152,0.0394,0
EURUSD5-M5,S1_BoxReclaim,NY1000,oos,143,0.5245,0.0322,0.0328,0.7825,1.1744,4.6074,0.0321,0
EURUSD5-M5,S1_BoxReclaim,NY1100,oos,151,0.404,-0.1073,-0.1084,-2.3206,0.6371,-16.2013,0.0493,0
EURUSD5-M5,S1_BoxReclaim,NY1300,oos,144,0.4722,-0.0812,-0.059,-1.6067,0.7331,-11.6877,0.0707,0
EURUSD5-M5,S1_BoxReclaim,NY1400,oos,112,0.4375,-0.1356,-0.1126,-2.3869,0.5887,-15.1865,0.0795,0
EURUSD5-M5,S1_BoxReclaim,NY1800,oos,70,0.4857,-0.0811,-0.0727,-1.1851,0.7214,-5.6737,0.1018,0
EURUSD5-M5,S1_BoxReclaim,TYO0900,oos,130,0.4538,-0.0857,-0.0386,-1.6167,0.7203,-11.144,0.0754,0
EURUSD5-M5,S2_OpenExhaust,LON0800,dev,35,0.4571,0.143,-0.199,0.67,1.2889,5.006,0.1416,0
EURUSD5-M5,S2_OpenExhaust,NY0800,dev,46,0.3478,-0.1756,-1.0,-0.9745,0.7308,-8.0774,0.1177,0
EURUSD5-M5,S2_OpenExhaust,NY0930,dev,45,0.4,-0.0684,-1.0,-0.4136,0.8708,-3.0779,0.1161,0
EURUSD5-M5,S2_OpenExhaust,NY1000,dev,31,0.3871,-0.1005,-0.5857,-0.506,0.8152,-3.114,0.1245,0
EURUSD5-M5,S2_OpenExhaust,NY1100,dev,38,0.4211,0.092,-0.4804,0.4442,1.1851,3.4976,0.1666,0
EURUSD5-M5,S2_OpenExhaust,NY1300,dev,35,0.1429,-0.7164,-1.0,-6.2875,0.1505,-25.0744,0.2122,0
EURUSD5-M5,S2_OpenExhaust,NY1400,dev,26,0.3462,-0.2114,-1.0,-1.0103,0.6433,-5.4976,0.2282,0
EURUSD5-M5,S2_OpenExhaust,NY1800,dev,15,0.1333,-0.6379,-1.0,-2.5964,0.2505,-9.5683,0.2399,0
EURUSD5-M5,S2_OpenExhaust,TYO0900,dev,41,0.4634,0.0323,-0.5928,0.1836,1.0635,1.326,0.2095,0
EURUSD5-M5,S2_OpenExhaust,LON0800,oos,41,0.3171,-0.3301,-1.0,-2.1199,0.5025,-13.5329,0.111,0
EURUSD5-M5,S2_OpenExhaust,NY0800,oos,58,0.3793,-0.0374,-1.0,-0.2127,0.9388,-2.1664,0.0764,0
EURUSD5-M5,S2_OpenExhaust,NY0930,oos,50,0.52,0.1244,0.1035,0.7335,1.2668,6.2207,0.0817,0
EURUSD5-M5,S2_OpenExhaust,NY1000,oos,49,0.4286,-0.0115,-1.0,-0.0649,0.9794,-0.5635,0.0886,0
EURUSD5-M5,S2_OpenExhaust,NY1100,oos,49,0.4082,-0.0241,-1.0,-0.1346,0.9568,-1.1793,0.1207,0
EURUSD5-M5,S2_OpenExhaust,NY1300,oos,34,0.2353,-0.3432,-1.0,-1.8966,0.4952,-11.6677,0.1557,0
EURUSD5-M5,S2_OpenExhaust,NY1400,oos,37,0.2703,-0.4406,-1.0,-3.2159,0.321,-16.3024,0.1692,0
EURUSD5-M5,S2_OpenExhaust,NY1800,oos,15,0.4,0.157,-1.0,0.4025,1.2617,2.3557,0.2015,0
EURUSD5-M5,S2_OpenExhaust,TYO0900,oos,43,0.3488,-0.2698,-1.0,-1.6675,0.5709,-11.5993,0.1663,0
EURUSD5-M5,S3_IBBreak,LON0800,dev,110,0.3818,-0.034,-0.185,-0.4259,0.9071,-3.7436,0.0921,0
EURUSD5-M5,S3_IBBreak,NY0800,dev,222,0.3243,-0.2315,-0.6484,-3.7698,0.5722,-51.392,0.1,0
EURUSD5-M5,S3_IBBreak,NY0930,dev,112,0.3304,-0.0801,-0.2784,-0.931,0.8135,-8.9665,0.0833,0
EURUSD5-M5,S3_IBBreak,NY1000,dev,92,0.3261,-0.1704,-0.3205,-1.8922,0.6339,-15.6729,0.0926,0
EURUSD5-M5,S3_IBBreak,NY1100,dev,41,0.3659,-0.1489,-0.1769,-1.1744,0.6291,-6.1037,0.0997,0
EURUSD5-M5,S3_IBBreak,NY1300,dev,91,0.3407,-0.1464,-0.2927,-1.6388,0.6703,-13.3228,0.1543,0
EURUSD5-M5,S3_IBBreak,NY1400,dev,137,0.2409,-0.3358,-0.5318,-5.0111,0.3755,-46.0048,0.1939,0
EURUSD5-M5,S3_IBBreak,NY1800,dev,116,0.2586,-0.2532,-0.5742,-3.0068,0.5337,-29.3681,0.2426,0
EURUSD5-M5,S3_IBBreak,TYO0900,dev,190,0.3368,-0.1669,-0.2953,-2.7931,0.6225,-31.705,0.1771,0
EURUSD5-M5,S3_IBBreak,LON0800,oos,97,0.268,-0.1886,-0.2849,-2.4013,0.5528,-18.2905,0.0714,0
EURUSD5-M5,S3_IBBreak,NY0800,oos,268,0.3694,-0.0899,-0.4112,-1.5184,0.8116,-24.082,0.0708,0
EURUSD5-M5,S3_IBBreak,NY0930,oos,148,0.4257,-0.0216,-0.1375,-0.2828,0.9466,-3.1962,0.0593,0
EURUSD5-M5,S3_IBBreak,NY1000,oos,83,0.3735,-0.0661,-0.1893,-0.7113,0.8259,-5.4865,0.0681,0
EURUSD5-M5,S3_IBBreak,NY1100,oos,55,0.3818,-0.0515,-0.183,-0.4579,0.8612,-2.8301,0.0693,0
EURUSD5-M5,S3_IBBreak,NY1300,oos,116,0.3707,-0.1704,-0.2756,-2.3532,0.5913,-19.7634,0.1107,0
EURUSD5-M5,S3_IBBreak,NY1400,oos,144,0.2986,-0.2186,-0.3397,-3.2146,0.5342,-31.4723,0.1465,0
EURUSD5-M5,S3_IBBreak,NY1800,oos,194,0.3196,-0.1683,-0.3362,-2.8404,0.6189,-32.6533,0.202,0
EURUSD5-M5,S3_IBBreak,TYO0900,oos,218,0.3624,-0.1082,-0.3085,-1.818,0.7521,-23.5828,0.1397,0
EURUSD5-M5,S4_OpenRetest,LON0800,dev,76,0.3553,-0.1626,-1.0,-1.3289,0.7282,-12.3585,0.1556,0
EURUSD5-M5,S4_OpenRetest,NY0800,dev,117,0.359,-0.2015,-1.0,-2.0737,0.6703,-23.5707,0.1269,0
EURUSD5-M5,S4_OpenRetest,NY0930,dev,94,0.3191,-0.2052,-1.0,-1.9279,0.6583,-19.2866,0.1283,0
EURUSD5-M5,S4_OpenRetest,NY1000,dev,70,0.3429,-0.2481,-1.0,-2.0759,0.5956,-17.3654,0.1531,0
EURUSD5-M5,S4_OpenRetest,NY1100,dev,80,0.2875,-0.3757,-1.0,-3.6061,0.444,-30.0593,0.1838,0
EURUSD5-M5,S4_OpenRetest,NY1300,dev,91,0.2967,-0.3596,-1.0,-3.6953,0.451,-32.727,0.2249,0
EURUSD5-M5,S4_OpenRetest,NY1400,dev,88,0.3636,-0.2981,-1.0,-3.1153,0.4941,-26.2311,0.2488,0
EURUSD5-M5,S4_OpenRetest,NY1800,dev,112,0.3393,-0.3028,-1.0,-3.3419,0.5223,-33.916,0.2753,0
EURUSD5-M5,S4_OpenRetest,TYO0900,dev,83,0.3614,-0.1949,-1.0,-1.7272,0.6696,-16.1805,0.2254,0
EURUSD5-M5,S4_OpenRetest,LON0800,oos,113,0.4867,0.1017,-0.0907,0.9666,1.2097,11.4975,0.114,0
EURUSD5-M5,S4_OpenRetest,NY0800,oos,141,0.3759,-0.1767,-1.0,-2.0645,0.6878,-24.9106,0.0887,0
EURUSD5-M5,S4_OpenRetest,NY0930,oos,108,0.3611,-0.1839,-1.0,-1.8109,0.6958,-19.8648,0.0955,0
EURUSD5-M5,S4_OpenRetest,NY1000,oos,85,0.4,-0.081,-1.0,-0.7001,0.8513,-6.8815,0.1047,0
EURUSD5-M5,S4_OpenRetest,NY1100,oos,91,0.4725,0.091,-0.2429,0.7715,1.1862,8.2794,0.1348,0
EURUSD5-M5,S4_OpenRetest,NY1300,oos,94,0.3723,-0.1855,-1.0,-1.8063,0.6766,-17.4341,0.1621,0
EURUSD5-M5,S4_OpenRetest,NY1400,oos,106,0.3019,-0.3149,-1.0,-3.6708,0.465,-33.3846,0.2093,0
EURUSD5-M5,S4_OpenRetest,NY1800,oos,124,0.3548,-0.2666,-1.0,-2.9614,0.5812,-33.0584,0.229,0
EURUSD5-M5,S4_OpenRetest,TYO0900,oos,110,0.4182,-0.1476,-1.0,-1.5095,0.7373,-16.2388,0.1733,0
EURUSD5-M5,S5_LevelSweep,LON0800,dev,53,0.3396,-0.2912,-1.0,-2.0359,0.559,-15.4351,0.1311,0
EURUSD5-M5,S5_LevelSweep,NY0800,dev,57,0.4211,-0.0364,-1.0,-0.2558,0.93,-2.0766,0.1235,0
EURUSD5-M5,S5_LevelSweep,NY0930,dev,58,0.3103,-0.2935,-1.0,-2.194,0.5512,-17.0238,0.1323,0
EURUSD5-M5,S5_LevelSweep,NY1000,dev,45,0.3556,-0.2382,-1.0,-1.6098,0.5936,-10.7178,0.1364,0
EURUSD5-M5,S5_LevelSweep,NY1100,dev,40,0.55,0.0893,0.1314,0.571,1.2237,3.5732,0.1399,0
EURUSD5-M5,S5_LevelSweep,NY1300,dev,25,0.44,-0.0997,-0.5576,-0.5123,0.8022,-2.4934,0.1673,0
EURUSD5-M5,S5_LevelSweep,NY1400,dev,27,0.4815,-0.0227,-0.4997,-0.1153,0.9546,-0.6129,0.2024,0
EURUSD5-M5,S5_LevelSweep,NY1800,dev,18,0.3333,-0.2302,-0.6002,-1.0596,0.5744,-4.144,0.2164,0
EURUSD5-M5,S5_LevelSweep,TYO0900,dev,32,0.4688,0.0961,-0.3067,0.4824,1.2003,3.0738,0.1993,0
EURUSD5-M5,S5_LevelSweep,LON0800,oos,65,0.3385,-0.193,-1.0,-1.492,0.6719,-12.5451,0.108,0
EURUSD5-M5,S5_LevelSweep,NY0800,oos,70,0.4286,-0.0841,-1.0,-0.6506,0.8484,-5.8888,0.1081,0
EURUSD5-M5,S5_LevelSweep,NY0930,oos,76,0.5,0.176,0.0277,1.3677,1.3935,13.3735,0.0902,0
EURUSD5-M5,S5_LevelSweep,NY1000,oos,71,0.4085,-0.0206,-0.6214,-0.1591,0.9605,-1.4636,0.0826,0
EURUSD5-M5,S5_LevelSweep,NY1100,oos,41,0.3415,-0.1944,-1.0,-1.2577,0.6513,-7.9696,0.1162,0
EURUSD5-M5,S5_LevelSweep,NY1300,oos,20,0.25,-0.2786,-0.8718,-1.3113,0.5259,-5.5717,0.1092,0
EURUSD5-M5,S5_LevelSweep,NY1400,oos,20,0.25,-0.373,-1.0,-1.9577,0.3785,-7.4603,0.1073,0
EURUSD5-M5,S5_LevelSweep,NY1800,oos,23,0.3913,-0.0479,-0.6118,-0.2149,0.9045,-1.1021,0.1786,0
EURUSD5-M5,S5_LevelSweep,TYO0900,oos,47,0.4043,-0.2145,-0.7643,-1.5936,0.5978,-10.0834,0.1677,0
NQ-M1-RTH,S1_BoxReclaim,NY0930,dev,28,0.5714,0.0784,0.2191,0.7002,1.3529,2.1955,0.0013,0
NQ-M1-RTH,S1_BoxReclaim,NY1000,dev,18,0.6667,0.0733,0.2746,0.4542,1.2757,1.3192,0.002,0
NQ-M1-RTH,S1_BoxReclaim,NY1100,dev,22,0.5455,-0.1276,0.0046,-1.0737,0.5585,-2.8075,0.0026,0
NQ-M1-RTH,S1_BoxReclaim,NY1300,dev,10,0.8,0.216,0.454,1.1443,2.3254,2.1598,0.0027,0
NQ-M1-RTH,S1_BoxReclaim,NY1400,dev,10,0.4,0.0509,-0.1665,0.1262,1.1235,0.5092,0.0032,0
NQ-M1-RTH,S1_BoxReclaim,NY0930,oos,23,0.6522,0.1994,0.31,1.8373,2.3356,4.5869,0.0011,0
NQ-M1-RTH,S1_BoxReclaim,NY1000,oos,18,0.6667,0.1908,0.3058,1.5869,2.4763,3.4344,0.0013,0
NQ-M1-RTH,S1_BoxReclaim,NY1100,oos,19,0.3158,-0.2048,-0.2021,-1.6409,0.3973,-3.8913,0.0018,0
NQ-M1-RTH,S1_BoxReclaim,NY1300,oos,18,0.5556,0.0281,0.0872,0.2296,1.1521,0.5063,0.0028,0
NQ-M1-RTH,S1_BoxReclaim,NY1400,oos,11,0.5455,-0.0282,0.6276,-0.1182,0.9261,-0.3104,0.0037,0
NQ-M1-RTH,S2_OpenExhaust,NY0930,dev,7,0.4286,0.1167,-1.0025,0.1974,1.2034,0.8171,0.0038,0
NQ-M1-RTH,S2_OpenExhaust,NY1000,dev,8,0.375,-0.1172,-1.0043,-0.2685,0.8135,-0.938,0.0056,0
NQ-M1-RTH,S2_OpenExhaust,NY1100,dev,8,0.625,0.7318,0.7636,1.2734,2.9415,5.8544,0.0073,0
NQ-M1-RTH,S2_OpenExhaust,NY1300,dev,6,0.6667,0.8779,0.6944,1.2062,3.6072,5.2676,0.009,0
NQ-M1-RTH,S2_OpenExhaust,NY1400,dev,4,0.25,-0.5276,-1.0091,-1.0918,0.3041,-2.1103,0.0108,0
NQ-M1-RTH,S2_OpenExhaust,NY0930,oos,6,0.6667,1.0726,1.2394,1.3474,4.2069,6.4355,0.0037,0
NQ-M1-RTH,S2_OpenExhaust,NY1000,oos,9,0.4444,0.0307,-1.0013,0.0668,1.055,0.2759,0.0039,0
NQ-M1-RTH,S2_OpenExhaust,NY1100,oos,7,0.1429,-0.4755,-1.003,-1.1158,0.3771,-3.3285,0.0041,0
NQ-M1-RTH,S2_OpenExhaust,NY1300,oos,3,0.3333,-0.6423,-1.0012,-1.7668,0.0421,-1.9269,0.0074,0
NQ-M1-RTH,S2_OpenExhaust,NY1400,oos,8,0.125,-0.6776,-1.0047,-2.0704,0.2294,-5.4212,0.0055,0
NQ-M1-RTH,S3_IBBreak,NY0930,dev,4,0.25,0.0852,-0.065,0.1662,1.301,0.341,0.0026,0
NQ-M1-RTH,S3_IBBreak,NY1000,dev,9,0.7778,0.5164,0.6757,1.4724,3.3145,4.6473,0.0039,0
NQ-M1-RTH,S3_IBBreak,NY1100,dev,13,0.5385,0.2843,0.0104,0.9544,1.8921,3.6955,0.0049,0
NQ-M1-RTH,S3_IBBreak,NY1300,dev,17,0.2941,0.0045,-0.2398,0.0197,1.012,0.0767,0.0054,0
NQ-M1-RTH,S3_IBBreak,NY1400,dev,24,0.375,-0.0077,-0.0987,-0.0419,0.9784,-0.1839,0.0062,0
NQ-M1-RTH,S3_IBBreak,NY0930,oos,3,0.6667,0.5367,1.1159,0.6904,2.6061,1.6102,0.0018,0
NQ-M1-RTH,S3_IBBreak,NY1000,oos,4,0.5,0.3645,0.4623,0.6335,2.285,1.458,0.0032,0
NQ-M1-RTH,S3_IBBreak,NY1100,oos,7,0.2857,-0.4966,-1.0028,-1.3694,0.3069,-3.4764,0.0032,0
NQ-M1-RTH,S3_IBBreak,NY1300,oos,20,0.3,-0.0832,-0.4412,-0.3417,0.8416,-1.6634,0.0046,0
NQ-M1-RTH,S3_IBBreak,NY1400,oos,33,0.3939,-0.0372,-0.4444,-0.1993,0.9245,-1.2286,0.0057,0
NQ-M1-RTH,S4_OpenRetest,NY0930,dev,11,0.4545,0.085,-1.0028,0.2239,1.1551,0.9348,0.0041,0
NQ-M1-RTH,S4_OpenRetest,NY1000,dev,11,0.2727,-0.368,-1.0054,-1.1047,0.4982,-4.0481,0.0072,0
NQ-M1-RTH,S4_OpenRetest,NY1100,dev,14,0.7143,0.654,1.4394,2.1794,3.2691,9.1554,0.007,0
NQ-M1-RTH,S4_OpenRetest,NY1300,dev,17,0.4706,0.0682,-1.0035,0.2324,1.1279,1.1598,0.0076,0
NQ-M1-RTH,S4_OpenRetest,NY1400,dev,16,0.5,0.2186,0.3073,0.7803,1.5367,3.4979,0.0081,0
NQ-M1-RTH,S4_OpenRetest,NY0930,oos,13,0.3846,-0.1235,-1.0022,-0.3749,0.7999,-1.6058,0.0038,0
NQ-M1-RTH,S4_OpenRetest,NY1000,oos,15,0.3333,-0.3052,-1.002,-1.3719,0.443,-4.5773,0.0032,0
NQ-M1-RTH,S4_OpenRetest,NY1100,oos,12,0.3333,-0.2178,-1.003,-0.6456,0.6748,-2.6138,0.0044,0
NQ-M1-RTH,S4_OpenRetest,NY1300,oos,14,0.5714,0.472,1.1416,1.5334,2.4233,6.6075,0.0078,0
NQ-M1-RTH,S4_OpenRetest,NY1400,oos,15,0.3333,-0.1797,-1.0053,-0.5732,0.7328,-2.6953,0.0087,0
NQ-M1-RTH,S5_LevelSweep,NY0930,dev,11,0.3636,-0.1857,-1.0026,-0.5269,0.7096,-2.0432,0.0043,0
NQ-M1-RTH,S5_LevelSweep,NY1000,dev,6,0.1667,-0.5515,-1.0037,-1.3444,0.3106,-3.3092,0.006,0
NQ-M1-RTH,S5_LevelSweep,NY1100,dev,10,0.2,-0.4699,-1.0031,-1.6552,0.322,-4.6986,0.006,0
NQ-M1-RTH,S5_LevelSweep,NY1300,dev,8,0.375,-0.0658,-1.0029,-0.1436,0.8952,-0.5267,0.0084,0
NQ-M1-RTH,S5_LevelSweep,NY1400,dev,7,0.2857,-0.319,-1.0045,-0.7177,0.5567,-2.2333,0.008,0
NQ-M1-RTH,S5_LevelSweep,NY0930,oos,14,0.2143,-0.6583,-1.0021,-3.4928,0.1403,-9.2157,0.003,0
NQ-M1-RTH,S5_LevelSweep,NY1000,oos,14,0.1429,-0.7158,-1.0026,-3.7978,0.133,-10.0208,0.0031,0
NQ-M1-RTH,S5_LevelSweep,NY1100,oos,8,0.25,-0.4928,-1.0035,-1.4149,0.346,-3.9425,0.0049,0
NQ-M1-RTH,S5_LevelSweep,NY1300,oos,4,0.5,0.2678,0.2618,0.3636,1.5315,1.0713,0.0068,0
NQ-M1-RTH,S5_LevelSweep,NY1400,oos,3,0.0,-1.0083,-1.0082,-748.5123,0.0,-3.025,0.0083,0
