series,sleeve,anchor,period,n,wr,avgR,medR,t,PF,sumR,costR,nBig
XAUUSD-M1,S1_BoxReclaim,LON0800,dev,490,0.498,-0.0417,-0.0021,-1.635,0.8345,-20.4443,0.0,0
XAUUSD-M1,S1_BoxReclaim,NY0800,dev,146,0.5685,0.0234,0.1446,0.417,1.081,3.4155,0.0,0
XAUUSD-M1,S1_BoxReclaim,NY0930,dev,362,0.4834,-0.0361,-0.0181,-1.2,0.8606,-13.0586,0.0,0
XAUUSD-M1,S1_BoxReclaim,NY1000,dev,465,0.4925,-0.0309,-0.0131,-1.2654,0.8653,-14.355,0.0,0
XAUUSD-M1,S1_BoxReclaim,NY1100,dev,503,0.5408,0.0218,0.0571,0.8918,1.1007,10.954,0.0,0
XAUUSD-M1,S1_BoxReclaim,NY1300,dev,271,0.5904,0.0601,0.1315,1.7554,1.2902,16.2968,0.0,0
XAUUSD-M1,S1_BoxReclaim,NY1400,dev,349,0.5501,0.0086,0.0652,0.2809,1.0363,3.008,0.0,0
XAUUSD-M1,S1_BoxReclaim,NY1800,dev,356,0.5421,0.0464,0.0491,1.7511,1.2558,16.5118,0.0,0
XAUUSD-M1,S1_BoxReclaim,TYO0900,dev,342,0.6053,0.057,0.3092,1.5348,1.2005,19.5067,0.0,0
XAUUSD-M1,S1_BoxReclaim,LON0800,oos,441,0.5283,-0.0116,0.0557,-0.3939,0.9578,-5.1078,0.0,0
XAUUSD-M1,S1_BoxReclaim,NY0800,oos,122,0.5246,-0.0372,0.077,-0.5913,0.8874,-4.5375,0.0,0
XAUUSD-M1,S1_BoxReclaim,NY0930,oos,412,0.4879,-0.0217,-0.0181,-0.7944,0.9104,-8.9517,0.0,0
XAUUSD-M1,S1_BoxReclaim,NY1000,oos,539,0.551,0.0273,0.0639,1.2214,1.1366,14.713,0.0,0
XAUUSD-M1,S1_BoxReclaim,NY1100,oos,461,0.5445,0.0074,0.0676,0.2904,1.0328,3.4063,0.0,0
XAUUSD-M1,S1_BoxReclaim,NY1300,oos,324,0.5247,-0.0012,0.0428,-0.0375,0.9951,-0.4005,0.0,0
XAUUSD-M1,S1_BoxReclaim,NY1400,oos,344,0.4884,-0.0628,-0.0196,-1.8811,0.7876,-21.6036,0.0,0
XAUUSD-M1,S1_BoxReclaim,NY1800,oos,404,0.5347,0.0193,0.0562,0.705,1.0873,7.8157,0.0,0
XAUUSD-M1,S1_BoxReclaim,TYO0900,oos,318,0.5126,-0.0724,0.0566,-1.7878,0.804,-23.0092,0.0,0
XAUUSD-M1,S2_OpenExhaust,LON0800,dev,157,0.4268,-0.0078,-1.0,-0.081,0.9855,-1.2233,0.0,0
XAUUSD-M1,S2_OpenExhaust,NY0800,dev,168,0.4583,0.201,-0.745,1.8951,1.3931,33.7764,0.0,0
XAUUSD-M1,S2_OpenExhaust,NY0930,dev,130,0.3923,-0.1017,-0.6917,-1.0675,0.8065,-13.2251,0.0,0
XAUUSD-M1,S2_OpenExhaust,NY1000,dev,128,0.4453,0.0659,-0.2923,0.6559,1.1407,8.4404,0.0,0
XAUUSD-M1,S2_OpenExhaust,NY1100,dev,117,0.4188,-0.0192,-1.0,-0.1708,0.9652,-2.2414,0.0,0
XAUUSD-M1,S2_OpenExhaust,NY1300,dev,116,0.431,0.0282,-1.0,0.2412,1.0529,3.271,0.0,0
XAUUSD-M1,S2_OpenExhaust,NY1400,dev,120,0.45,0.1067,-0.2989,0.9447,1.2214,12.8073,0.0,0
XAUUSD-M1,S2_OpenExhaust,NY1800,dev,94,0.3617,-0.0113,-1.0,-0.0815,0.9815,-1.0643,0.0,0
XAUUSD-M1,S2_OpenExhaust,TYO0900,dev,149,0.3624,-0.2195,-1.0,-2.6515,0.6213,-32.7006,0.0,0
XAUUSD-M1,S2_OpenExhaust,LON0800,oos,143,0.4615,0.0393,-0.2592,0.3973,1.0794,5.6223,0.0,0
XAUUSD-M1,S2_OpenExhaust,NY0800,oos,156,0.3718,-0.0254,-1.0,-0.2368,0.959,-3.9551,0.0,0
XAUUSD-M1,S2_OpenExhaust,NY0930,oos,173,0.4046,-0.0652,-1.0,-0.7641,0.8795,-11.2836,0.0,0
XAUUSD-M1,S2_OpenExhaust,NY1000,oos,141,0.3901,-0.1002,-1.0,-1.0743,0.8173,-14.1323,0.0,0
XAUUSD-M1,S2_OpenExhaust,NY1100,oos,181,0.442,0.104,-0.7207,1.0728,1.1997,18.8188,0.0,0
XAUUSD-M1,S2_OpenExhaust,NY1300,oos,121,0.3802,-0.0126,-1.0,-0.1081,0.9779,-1.5269,0.0,0
XAUUSD-M1,S2_OpenExhaust,NY1400,oos,138,0.4855,0.1451,-0.1816,1.3797,1.3108,20.0204,0.0,0
XAUUSD-M1,S2_OpenExhaust,NY1800,oos,90,0.4111,0.1259,-1.0,0.8223,1.2124,11.3285,0.0,0
XAUUSD-M1,S2_OpenExhaust,TYO0900,oos,141,0.4255,0.0891,-0.4823,0.8331,1.1733,12.5592,0.0,0
XAUUSD-M1,S3_IBBreak,LON0800,dev,326,0.4294,0.0755,-0.1648,1.4573,1.2135,24.6174,0.0,0
XAUUSD-M1,S3_IBBreak,NY0800,dev,925,0.3568,-0.06,-0.3411,-1.8167,0.8728,-55.4938,0.0,0
XAUUSD-M1,S3_IBBreak,NY0930,dev,402,0.3756,-0.0176,-0.2129,-0.3902,0.9541,-7.09,0.0,0
XAUUSD-M1,S3_IBBreak,NY1000,dev,245,0.3347,-0.0941,-0.2637,-1.7303,0.7629,-23.0423,0.0,0
XAUUSD-M1,S3_IBBreak,NY1100,dev,198,0.3081,-0.1054,-0.289,-1.7207,0.7419,-20.8668,0.0,0
XAUUSD-M1,S3_IBBreak,NY1300,dev,268,0.3657,0.0269,-0.2144,0.4439,1.0669,7.2032,0.0,0
XAUUSD-M1,S3_IBBreak,NY1400,dev,429,0.3287,-0.1294,-0.4009,-2.8773,0.7246,-55.5202,0.0,0
XAUUSD-M1,S3_IBBreak,NY1800,dev,767,0.3598,-0.042,-0.2985,-1.1631,0.9075,-32.208,0.0,0
XAUUSD-M1,S3_IBBreak,TYO0900,dev,894,0.3904,-0.0008,-0.3379,-0.0224,0.9983,-0.6858,0.0,0
XAUUSD-M1,S3_IBBreak,LON0800,oos,354,0.3559,-0.075,-0.2314,-1.5584,0.8203,-26.5677,0.0,0
XAUUSD-M1,S3_IBBreak,NY0800,oos,957,0.395,0.0203,-0.3794,0.5825,1.0424,19.3836,0.0,0
XAUUSD-M1,S3_IBBreak,NY0930,oos,297,0.4343,0.0536,-0.208,0.9753,1.1421,15.9097,0.0,0
XAUUSD-M1,S3_IBBreak,NY1000,oos,173,0.3931,-0.0055,-0.2611,-0.0824,0.9852,-0.9538,0.0,0
XAUUSD-M1,S3_IBBreak,NY1100,oos,195,0.3641,-0.0706,-0.3281,-1.0465,0.8413,-13.769,0.0,0
XAUUSD-M1,S3_IBBreak,NY1300,oos,303,0.4059,-0.0336,-0.2805,-0.6058,0.9231,-10.1809,0.0,0
XAUUSD-M1,S3_IBBreak,NY1400,oos,472,0.3941,-0.0041,-0.1818,-0.0947,0.9896,-1.9398,0.0,0
XAUUSD-M1,S3_IBBreak,NY1800,oos,594,0.3535,-0.0582,-0.3525,-1.4206,0.875,-34.5745,0.0,0
XAUUSD-M1,S3_IBBreak,TYO0900,oos,982,0.4165,0.0396,-0.2912,1.1553,1.0851,38.855,0.0,0
XAUUSD-M1,S4_OpenRetest,LON0800,dev,321,0.4112,-0.0372,-1.0,-0.5829,0.9334,-11.9376,0.0,0
XAUUSD-M1,S4_OpenRetest,NY0800,dev,458,0.4148,-0.0169,-1.0,-0.3128,0.9697,-7.7362,0.0,0
XAUUSD-M1,S4_OpenRetest,NY0930,dev,360,0.3972,-0.0715,-1.0,-1.213,0.8729,-25.7247,0.0,0
XAUUSD-M1,S4_OpenRetest,NY1000,dev,307,0.3909,-0.0387,-1.0,-0.592,0.9315,-11.8766,0.0,0
XAUUSD-M1,S4_OpenRetest,NY1100,dev,344,0.3721,-0.0939,-1.0,-1.5173,0.8419,-32.3158,0.0,0
XAUUSD-M1,S4_OpenRetest,NY1300,dev,357,0.4314,0.0237,-0.8596,0.3958,1.0456,8.4667,0.0,0
XAUUSD-M1,S4_OpenRetest,NY1400,dev,385,0.3922,-0.0595,-1.0,-1.0578,0.8899,-22.9233,0.0,0
XAUUSD-M1,S4_OpenRetest,NY1800,dev,398,0.3819,-0.0631,-1.0,-1.0661,0.8948,-25.1011,0.0,0
XAUUSD-M1,S4_OpenRetest,TYO0900,dev,425,0.44,0.0135,-1.0,0.2471,1.0258,5.7569,0.0,0
XAUUSD-M1,S4_OpenRetest,LON0800,oos,371,0.4609,0.0924,-1.0,1.5032,1.1774,34.2633,0.0,0
XAUUSD-M1,S4_OpenRetest,NY0800,oos,503,0.4095,-0.0217,-1.0,-0.4225,0.9611,-10.8944,0.0,0
XAUUSD-M1,S4_OpenRetest,NY0930,oos,314,0.4076,-0.0428,-1.0,-0.667,0.9235,-13.4262,0.0,0
XAUUSD-M1,S4_OpenRetest,NY1000,oos,299,0.4448,0.0213,-1.0,0.3234,1.0405,6.3567,0.0,0
XAUUSD-M1,S4_OpenRetest,NY1100,oos,323,0.3808,-0.0567,-1.0,-0.8837,0.9021,-18.3077,0.0,0
XAUUSD-M1,S4_OpenRetest,NY1300,oos,365,0.411,-0.0089,-1.0,-0.1481,0.9839,-3.2561,0.0,0
XAUUSD-M1,S4_OpenRetest,NY1400,oos,295,0.4305,-0.0036,-0.5419,-0.0551,0.9931,-1.0479,0.0,0
XAUUSD-M1,S4_OpenRetest,NY1800,oos,383,0.4047,0.007,-1.0,0.1138,1.0121,2.6722,0.0,0
XAUUSD-M1,S4_OpenRetest,TYO0900,oos,442,0.457,0.1291,-0.5852,2.2735,1.2532,57.0566,0.0,0
XAUUSD-M1,S5_LevelSweep,LON0800,dev,152,0.4145,-0.0122,-0.3514,-0.1405,0.9752,-1.8498,0.0,0
XAUUSD-M1,S5_LevelSweep,NY0800,dev,217,0.447,0.0614,-0.2397,0.8086,1.1268,13.3291,0.0,0
XAUUSD-M1,S5_LevelSweep,NY0930,dev,224,0.3929,-0.0954,-0.8897,-1.3427,0.8232,-21.3641,0.0,0
XAUUSD-M1,S5_LevelSweep,NY1000,dev,199,0.4472,0.0695,-0.2694,0.884,1.1464,13.8331,0.0,0
XAUUSD-M1,S5_LevelSweep,NY1100,dev,136,0.375,-0.1005,-1.0,-1.0753,0.8179,-13.6746,0.0,0
XAUUSD-M1,S5_LevelSweep,NY1300,dev,117,0.5043,0.0858,0.036,0.8403,1.1853,10.0354,0.0,0
XAUUSD-M1,S5_LevelSweep,NY1400,dev,101,0.4455,0.01,-0.3229,0.0932,1.0208,1.0051,0.0,0
XAUUSD-M1,S5_LevelSweep,NY1800,dev,99,0.4343,0.0425,-0.138,0.4134,1.0996,4.2055,0.0,0
XAUUSD-M1,S5_LevelSweep,TYO0900,dev,139,0.5324,0.2021,0.2524,2.2103,1.5026,28.0894,0.0,0
XAUUSD-M1,S5_LevelSweep,LON0800,oos,143,0.4895,0.1501,-0.0439,1.5833,1.3277,21.4646,0.0,0
XAUUSD-M1,S5_LevelSweep,NY0800,oos,225,0.4444,0.0159,-0.2918,0.2166,1.0318,3.5759,0.0,0
XAUUSD-M1,S5_LevelSweep,NY0930,oos,253,0.4427,0.0635,-0.5057,0.8879,1.1263,16.069,0.0,0
XAUUSD-M1,S5_LevelSweep,NY1000,oos,218,0.4495,0.062,-0.4141,0.8196,1.1271,13.5237,0.0,0
XAUUSD-M1,S5_LevelSweep,NY1100,oos,156,0.4038,-0.061,-1.0,-0.7083,0.8842,-9.5163,0.0,0
XAUUSD-M1,S5_LevelSweep,NY1300,oos,86,0.3953,-0.0973,-1.0,-0.8433,0.8209,-8.3642,0.0,0
XAUUSD-M1,S5_LevelSweep,NY1400,oos,81,0.2593,-0.3416,-1.0,-3.1652,0.4729,-27.6668,0.0,0
XAUUSD-M1,S5_LevelSweep,NY1800,oos,111,0.4955,0.0712,-0.0085,0.772,1.1828,7.9055,0.0,0
XAUUSD-M1,S5_LevelSweep,TYO0900,oos,149,0.4161,0.0137,-0.6265,0.1497,1.0268,2.0359,0.0,0
BTCUSD-M1,S1_BoxReclaim,UTC0000,dev,517,0.441,-0.0552,-0.087,-1.7218,0.8067,-28.5157,0.0,0
BTCUSD-M1,S1_BoxReclaim,UTC0800,dev,469,0.4776,-0.0288,-0.0338,-0.959,0.8978,-13.5212,0.0,0
BTCUSD-M1,S1_BoxReclaim,UTC1330,dev,408,0.4828,-0.0665,-0.0226,-2.0619,0.7814,-27.1182,0.0,0
BTCUSD-M1,S1_BoxReclaim,UTC1600,dev,516,0.5019,-0.2334,0.0024,-0.9572,0.5063,-120.4249,0.0,1
BTCUSD-M1,S1_BoxReclaim,UTC0000,oos,630,0.5397,0.0406,0.0868,1.729,1.1748,25.5882,0.0,0
BTCUSD-M1,S1_BoxReclaim,UTC0800,oos,604,0.5149,0.0012,0.0323,0.0471,1.0045,0.7332,0.0,0
BTCUSD-M1,S1_BoxReclaim,UTC1330,oos,488,0.5512,0.0089,0.108,0.3025,1.032,4.3321,0.0,0
BTCUSD-M1,S1_BoxReclaim,UTC1600,oos,641,0.5382,0.0172,0.0665,0.7601,1.0742,10.9998,0.0,0
BTCUSD-M1,S2_OpenExhaust,UTC0000,dev,187,0.4652,0.4585,-0.2563,1.8454,1.833,85.7401,0.0,1
BTCUSD-M1,S2_OpenExhaust,UTC0800,dev,169,0.3905,0.1795,-0.7779,1.0839,1.3327,30.333,0.0,0
BTCUSD-M1,S2_OpenExhaust,UTC1330,dev,181,0.4475,0.0765,-0.9023,0.2129,1.0959,13.8487,0.0,2
BTCUSD-M1,S2_OpenExhaust,UTC1600,dev,143,0.4056,0.043,-0.759,0.3739,1.0808,6.143,0.0,0
BTCUSD-M1,S2_OpenExhaust,UTC0000,oos,262,0.4466,0.1742,-0.3499,2.0827,1.3458,45.6433,0.0,0
BTCUSD-M1,S2_OpenExhaust,UTC0800,oos,265,0.3962,0.0197,-1.0,0.2467,1.0359,5.2205,0.0,0
BTCUSD-M1,S2_OpenExhaust,UTC1330,oos,254,0.374,-0.0232,-1.0,-0.2872,0.9599,-5.886,0.0,0
BTCUSD-M1,S2_OpenExhaust,UTC1600,oos,228,0.3684,-0.0792,-1.0,-0.9619,0.8642,-18.0502,0.0,0
BTCUSD-M1,S3_IBBreak,UTC0000,dev,1445,0.3744,0.1473,-0.2462,0.7143,1.2934,212.8793,0.0,5
BTCUSD-M1,S3_IBBreak,UTC0800,dev,1505,0.3455,-0.0766,-0.3636,-2.3869,0.8462,-115.3537,0.0,1
BTCUSD-M1,S3_IBBreak,UTC1330,dev,1612,0.3468,-0.0894,-0.2958,-2.1761,0.827,-144.0556,0.0,4
BTCUSD-M1,S3_IBBreak,UTC1600,dev,1358,0.3402,-0.056,-0.2941,-1.2706,0.889,-76.1097,0.0,5
BTCUSD-M1,S3_IBBreak,UTC0000,oos,1327,0.3843,0.0045,-0.2583,0.1672,1.011,6.0368,0.0,0
BTCUSD-M1,S3_IBBreak,UTC0800,oos,1355,0.3646,-0.0259,-0.281,-0.9639,0.9395,-35.0629,0.0,0
BTCUSD-M1,S3_IBBreak,UTC1330,oos,1482,0.3968,0.0155,-0.2648,0.5713,1.0349,22.9035,0.0,1
BTCUSD-M1,S3_IBBreak,UTC1600,oos,1221,0.3366,-0.0442,-0.2789,-1.6298,0.8947,-53.9126,0.0,0
BTCUSD-M1,S4_OpenRetest,UTC0000,dev,768,0.4271,0.1474,-0.5672,2.6774,1.2815,113.2279,0.0,0
BTCUSD-M1,S4_OpenRetest,UTC0800,dev,825,0.423,0.1163,-0.7047,1.8548,1.2045,95.9673,0.0,4
BTCUSD-M1,S4_OpenRetest,UTC1330,dev,847,0.4014,0.1314,-0.915,2.2431,1.2393,111.3222,0.0,0
BTCUSD-M1,S4_OpenRetest,UTC1600,dev,753,0.3838,0.0548,-1.0,0.7521,1.0946,41.2291,0.0,1
BTCUSD-M1,S4_OpenRetest,UTC0000,oos,661,0.3918,-0.0759,-1.0,-1.6424,0.8712,-50.1916,0.0,0
BTCUSD-M1,S4_OpenRetest,UTC0800,oos,673,0.4235,0.0115,-1.0,0.2361,1.0205,7.7171,0.0,0
BTCUSD-M1,S4_OpenRetest,UTC1330,oos,802,0.4302,0.0346,-1.0,0.8092,1.0633,27.7614,0.0,0
BTCUSD-M1,S4_OpenRetest,UTC1600,oos,603,0.3914,-0.0852,-1.0,-1.8189,0.8529,-51.3594,0.0,0
BTCUSD-M1,S5_LevelSweep,UTC0000,dev,235,0.3872,0.0044,-0.5882,0.042,1.0084,1.0329,0.0,0
BTCUSD-M1,S5_LevelSweep,UTC0800,dev,256,0.418,0.3033,-0.1671,1.1334,1.6339,77.6489,0.0,0
BTCUSD-M1,S5_LevelSweep,UTC1330,dev,233,0.4292,0.4158,-0.2883,1.5397,1.8578,96.8885,0.0,0
BTCUSD-M1,S5_LevelSweep,UTC1600,dev,225,0.4267,-0.1131,-0.313,-1.1636,0.7923,-25.4513,0.0,1
BTCUSD-M1,S5_LevelSweep,UTC0000,oos,255,0.5765,0.2611,0.2979,3.8444,1.7501,66.5727,0.0,0
BTCUSD-M1,S5_LevelSweep,UTC0800,oos,184,0.4674,-0.0096,-0.3439,-0.1131,0.9807,-1.7633,0.0,0
BTCUSD-M1,S5_LevelSweep,UTC1330,oos,314,0.4682,0.0652,-0.2224,0.9936,1.1357,20.4687,0.0,0
BTCUSD-M1,S5_LevelSweep,UTC1600,oos,277,0.3755,-0.1587,-0.8973,-2.5881,0.7052,-43.9474,0.0,0
XAUUSD-M15,S1_BoxReclaim,LON0800,dev,306,0.4608,-0.0554,-0.0424,-1.7576,0.7828,-16.9549,0.0,0
XAUUSD-M15,S1_BoxReclaim,NY0800,dev,75,0.52,0.0169,0.0283,0.2541,1.0726,1.2659,0.0,0
XAUUSD-M15,S1_BoxReclaim,NY0930,dev,243,0.4979,-0.0503,-0.0083,-1.4146,0.8022,-12.2292,0.0,0
XAUUSD-M15,S1_BoxReclaim,NY1000,dev,349,0.4814,-0.035,-0.0259,-1.318,0.8362,-12.2165,0.0,0
XAUUSD-M15,S1_BoxReclaim,NY1100,dev,325,0.4738,-0.0184,-0.0217,-0.6527,0.9134,-5.9864,0.0,0
XAUUSD-M15,S1_BoxReclaim,NY1300,dev,235,0.5617,0.0935,0.071,2.242,1.5336,21.9743,0.0,0
XAUUSD-M15,S1_BoxReclaim,NY1400,dev,214,0.514,-0.011,0.0176,-0.2865,0.9543,-2.3582,0.0,0
XAUUSD-M15,S1_BoxReclaim,NY1800,dev,86,0.5581,0.0737,0.2273,1.0504,1.2899,6.3403,0.0,0
XAUUSD-M15,S1_BoxReclaim,TYO0900,dev,220,0.5182,-0.0588,0.0614,-1.2969,0.8208,-12.9377,0.0,0
XAUUSD-M15,S1_BoxReclaim,LON0800,oos,247,0.5628,0.0287,0.0684,0.8853,1.1463,7.0855,0.0,0
XAUUSD-M15,S1_BoxReclaim,NY0800,oos,59,0.5763,0.0693,0.0979,0.9679,1.3417,4.0894,0.0,0
XAUUSD-M15,S1_BoxReclaim,NY0930,oos,203,0.5123,-0.0337,0.0302,-0.9265,0.8514,-6.8428,0.0,0
XAUUSD-M15,S1_BoxReclaim,NY1000,oos,264,0.5265,-0.0232,0.0244,-0.8405,0.8772,-6.1311,0.0,0
XAUUSD-M15,S1_BoxReclaim,NY1100,oos,281,0.4875,-0.0094,-0.0217,-0.3194,0.9543,-2.6485,0.0,0
XAUUSD-M15,S1_BoxReclaim,NY1300,oos,190,0.5842,0.0683,0.0983,1.8219,1.3753,12.978,0.0,0
XAUUSD-M15,S1_BoxReclaim,NY1400,oos,174,0.523,0.0041,0.0655,0.1012,1.0186,0.722,0.0,0
XAUUSD-M15,S1_BoxReclaim,NY1800,oos,50,0.58,0.0342,0.2232,0.3525,1.1181,1.7093,0.0,0
XAUUSD-M15,S1_BoxReclaim,TYO0900,oos,170,0.5941,0.0503,0.1534,1.0428,1.2027,8.5512,0.0,0
XAUUSD-M15,S2_OpenExhaust,LON0800,dev,40,0.575,0.1411,0.3198,0.9379,1.402,5.6423,0.0,0
XAUUSD-M15,S2_OpenExhaust,NY0800,dev,41,0.4146,-0.0297,-0.4193,-0.165,0.9402,-1.2172,0.0,0
XAUUSD-M15,S2_OpenExhaust,NY0930,dev,44,0.4773,-0.0625,-0.0326,-0.502,0.8392,-2.7491,0.0,0
XAUUSD-M15,S2_OpenExhaust,NY1000,dev,35,0.3714,-0.1123,-0.2245,-0.9477,0.6718,-3.9315,0.0,0
XAUUSD-M15,S2_OpenExhaust,NY1100,dev,31,0.4839,0.069,-0.0114,0.3981,1.1759,2.1399,0.0,0
XAUUSD-M15,S2_OpenExhaust,NY1300,dev,20,0.5,0.0421,0.0251,0.1875,1.1031,0.8411,0.0,0
XAUUSD-M15,S2_OpenExhaust,NY1400,dev,26,0.7308,0.3405,0.3773,2.4333,3.1538,8.8531,0.0,0
XAUUSD-M15,S2_OpenExhaust,NY1800,dev,19,0.4211,0.067,-0.2176,0.2521,1.1373,1.2723,0.0,0
XAUUSD-M15,S2_OpenExhaust,TYO0900,dev,28,0.3929,-0.0099,-0.1894,-0.054,0.9742,-0.2768,0.0,0
XAUUSD-M15,S2_OpenExhaust,LON0800,oos,32,0.4375,-0.0441,-0.0469,-0.301,0.8724,-1.4104,0.0,0
XAUUSD-M15,S2_OpenExhaust,NY0800,oos,31,0.1935,-0.3369,-1.0,-1.8463,0.4645,-10.4451,0.0,0
XAUUSD-M15,S2_OpenExhaust,NY0930,oos,32,0.25,-0.4322,-0.7645,-3.5346,0.2555,-13.8315,0.0,0
XAUUSD-M15,S2_OpenExhaust,NY1000,oos,20,0.35,-0.131,-0.5207,-0.6202,0.733,-2.6206,0.0,0
XAUUSD-M15,S2_OpenExhaust,NY1100,oos,23,0.6087,0.1979,0.2071,1.0756,1.7034,4.551,0.0,0
XAUUSD-M15,S2_OpenExhaust,NY1300,oos,26,0.4231,-0.0571,-0.2238,-0.327,0.8565,-1.4852,0.0,0
XAUUSD-M15,S2_OpenExhaust,NY1400,oos,19,0.5263,0.0346,0.0263,0.1845,1.1174,0.6583,0.0,0
XAUUSD-M15,S2_OpenExhaust,NY1800,oos,13,0.5385,0.2335,0.8462,0.7648,1.5906,3.0361,0.0,0
XAUUSD-M15,S2_OpenExhaust,TYO0900,oos,23,0.3043,-0.2571,-0.4479,-1.4809,0.4997,-5.9126,0.0,0
XAUUSD-M15,S3_IBBreak,LON0800,dev,307,0.4007,0.0572,-0.1199,1.2175,1.1976,17.5504,0.0,0
XAUUSD-M15,S3_IBBreak,NY0800,dev,817,0.3684,-0.0291,-0.1928,-0.9444,0.9222,-23.7956,0.0,0
XAUUSD-M15,S3_IBBreak,NY0930,dev,391,0.3708,-0.0396,-0.1597,-1.0098,0.8794,-15.499,0.0,0
XAUUSD-M15,S3_IBBreak,NY1000,dev,177,0.339,-0.0282,-0.1441,-0.5576,0.8935,-5.0002,0.0,0
XAUUSD-M15,S3_IBBreak,NY1100,dev,192,0.3958,0.0307,-0.1351,0.5085,1.099,5.9004,0.0,0
XAUUSD-M15,S3_IBBreak,NY1300,dev,177,0.2881,-0.1376,-0.2675,-2.3789,0.6351,-24.3503,0.0,0
XAUUSD-M15,S3_IBBreak,NY1400,dev,328,0.3933,0.0583,-0.175,1.15,1.1707,19.1292,0.0,0
XAUUSD-M15,S3_IBBreak,NY1800,dev,897,0.3701,-0.0342,-0.2945,-1.0185,0.9243,-30.6367,0.0,0
XAUUSD-M15,S3_IBBreak,TYO0900,dev,769,0.3979,0.0271,-0.1509,0.8477,1.0782,20.8302,0.0,0
XAUUSD-M15,S3_IBBreak,LON0800,oos,169,0.4675,0.079,-0.0505,1.2009,1.2624,13.3435,0.0,0
XAUUSD-M15,S3_IBBreak,NY0800,oos,667,0.3808,-0.0039,-0.2117,-0.1043,0.9905,-2.5737,0.0,0
XAUUSD-M15,S3_IBBreak,NY0930,oos,189,0.4392,0.0842,-0.074,1.3786,1.2915,15.9166,0.0,0
XAUUSD-M15,S3_IBBreak,NY1000,oos,105,0.4286,0.0831,-0.1081,1.0218,1.2879,8.7282,0.0,0
XAUUSD-M15,S3_IBBreak,NY1100,oos,82,0.4268,-0.0219,-0.1578,-0.2285,0.9395,-1.7933,0.0,0
XAUUSD-M15,S3_IBBreak,NY1300,oos,150,0.3267,-0.0567,-0.1751,-0.8253,0.8431,-8.4992,0.0,0
XAUUSD-M15,S3_IBBreak,NY1400,oos,217,0.3226,-0.087,-0.2572,-1.5335,0.7705,-18.8831,0.0,0
XAUUSD-M15,S3_IBBreak,NY1800,oos,688,0.3372,-0.0839,-0.417,-2.059,0.8304,-57.7507,0.0,0
XAUUSD-M15,S3_IBBreak,TYO0900,oos,617,0.4198,0.0348,-0.1424,0.9361,1.0954,21.4856,0.0,0
XAUUSD-M15,S4_OpenRetest,LON0800,dev,367,0.4768,0.0532,-0.1531,0.9769,1.1204,19.5229,0.0,0
XAUUSD-M15,S4_OpenRetest,NY0800,dev,409,0.4597,0.0854,-0.1732,1.6392,1.1986,34.9489,0.0,0
XAUUSD-M15,S4_OpenRetest,NY0930,dev,310,0.4194,-0.0995,-0.2881,-1.8575,0.789,-30.8422,0.0,0
XAUUSD-M15,S4_OpenRetest,NY1000,dev,289,0.4118,-0.0654,-0.2887,-1.124,0.8593,-18.9011,0.0,1
XAUUSD-M15,S4_OpenRetest,NY1100,dev,349,0.4355,-0.0162,-0.2575,-0.2992,0.9645,-5.6521,0.0,0
XAUUSD-M15,S4_OpenRetest,NY1300,dev,341,0.4223,0.022,-0.1722,0.3576,1.0489,7.5159,0.0,0
XAUUSD-M15,S4_OpenRetest,NY1400,dev,336,0.4345,-0.0746,-0.1718,-1.2383,0.8281,-25.0588,0.0,2
XAUUSD-M15,S4_OpenRetest,NY1800,dev,474,0.4451,0.0224,-0.4317,0.4411,1.045,10.6276,0.0,0
XAUUSD-M15,S4_OpenRetest,TYO0900,dev,376,0.4309,-0.0494,-0.224,-0.9985,0.8893,-18.5617,0.0,0
XAUUSD-M15,S4_OpenRetest,LON0800,oos,236,0.3983,-0.1091,-0.4279,-1.6994,0.7811,-25.7371,0.0,0
XAUUSD-M15,S4_OpenRetest,NY0800,oos,314,0.4522,-0.0001,-0.1902,-0.001,0.9999,-0.0178,0.0,0
XAUUSD-M15,S4_OpenRetest,NY0930,oos,226,0.4646,0.0311,-0.1477,0.4786,1.0749,7.0253,0.0,0
XAUUSD-M15,S4_OpenRetest,NY1000,oos,179,0.4637,0.0279,-0.1614,0.3633,1.062,4.9999,0.0,0
XAUUSD-M15,S4_OpenRetest,NY1100,oos,244,0.4139,-0.0472,-0.4456,-0.7094,0.9046,-11.5237,0.0,0
XAUUSD-M15,S4_OpenRetest,NY1300,oos,270,0.4519,0.0058,-0.1924,0.0943,1.013,1.5709,0.0,0
XAUUSD-M15,S4_OpenRetest,NY1400,oos,234,0.4231,0.0559,-0.1676,0.4486,1.1537,13.0702,0.0,0
XAUUSD-M15,S4_OpenRetest,NY1800,oos,375,0.416,-0.0414,-1.0,-0.7263,0.9225,-15.5205,0.0,0
XAUUSD-M15,S4_OpenRetest,TYO0900,oos,312,0.4455,-0.0274,-0.2142,-0.5096,0.9363,-8.5499,0.0,0
XAUUSD-M15,S5_LevelSweep,LON0800,dev,165,0.4848,0.0692,-0.0213,1.0173,1.2098,11.4109,0.0,0
XAUUSD-M15,S5_LevelSweep,NY0800,dev,261,0.4904,0.0868,-0.0068,1.4416,1.2351,22.6585,0.0,0
XAUUSD-M15,S5_LevelSweep,NY0930,dev,245,0.4531,0.0181,-0.0759,0.3228,1.051,4.4433,0.0,0
XAUUSD-M15,S5_LevelSweep,NY1000,dev,215,0.4744,0.0398,-0.0212,0.6809,1.1212,8.5631,0.0,0
XAUUSD-M15,S5_LevelSweep,NY1100,dev,140,0.55,0.1581,0.1403,2.0626,1.5144,22.1358,0.0,0
XAUUSD-M15,S5_LevelSweep,NY1300,dev,121,0.405,-0.0744,-0.1103,-0.9862,0.8061,-9.0073,0.0,0
XAUUSD-M15,S5_LevelSweep,NY1400,dev,116,0.4138,0.0025,-0.112,0.0325,1.0073,0.2919,0.0,0
XAUUSD-M15,S5_LevelSweep,NY1800,dev,83,0.3976,-0.0066,-0.1155,-0.0651,0.9832,-0.5504,0.0,0
XAUUSD-M15,S5_LevelSweep,TYO0900,dev,140,0.5643,0.1504,0.1351,1.8884,1.4626,21.0513,0.0,0
XAUUSD-M15,S5_LevelSweep,LON0800,oos,145,0.4759,0.0752,-0.0389,0.9875,1.2188,10.9031,0.0,0
XAUUSD-M15,S5_LevelSweep,NY0800,oos,200,0.43,-0.0179,-0.1721,-0.266,0.9573,-3.5737,0.0,0
XAUUSD-M15,S5_LevelSweep,NY0930,oos,195,0.4513,-0.0115,-0.1382,-0.1695,0.9723,-2.2493,0.0,0
XAUUSD-M15,S5_LevelSweep,NY1000,oos,158,0.4494,0.0448,-0.1249,0.5737,1.1103,7.077,0.0,0
XAUUSD-M15,S5_LevelSweep,NY1100,oos,125,0.488,0.0859,-0.0456,1.0172,1.2367,10.7413,0.0,0
XAUUSD-M15,S5_LevelSweep,NY1300,oos,116,0.3707,-0.1674,-0.2632,-1.7993,0.6417,-19.4182,0.0,1
XAUUSD-M15,S5_LevelSweep,NY1400,oos,94,0.4255,-0.0819,-0.1407,-0.9425,0.7978,-7.7031,0.0,0
XAUUSD-M15,S5_LevelSweep,NY1800,oos,68,0.5588,0.1888,0.3533,1.5996,1.5591,12.8365,0.0,0
XAUUSD-M15,S5_LevelSweep,TYO0900,oos,127,0.5276,0.1043,0.1014,1.2892,1.3002,13.2427,0.0,0
EURUSD-M15,S1_BoxReclaim,LON0800,dev,277,0.5018,-0.0445,0.0054,-1.3611,0.8221,-12.3157,0.0,0
EURUSD-M15,S1_BoxReclaim,NY0800,dev,142,0.493,-0.0276,-0.0046,-0.5054,0.9076,-3.915,0.0,0
EURUSD-M15,S1_BoxReclaim,NY0930,dev,185,0.5459,0.0046,0.0471,0.111,1.0196,0.8509,0.0,0
EURUSD-M15,S1_BoxReclaim,NY1000,dev,332,0.4759,-0.0468,-0.024,-1.6122,0.8024,-15.536,0.0,0
EURUSD-M15,S1_BoxReclaim,NY1100,dev,348,0.5402,0.0196,0.0546,0.6997,1.0945,6.8155,0.0,0
EURUSD-M15,S1_BoxReclaim,NY1300,dev,260,0.5192,-0.0162,0.0295,-0.5132,0.9242,-4.2174,0.0,0
EURUSD-M15,S1_BoxReclaim,NY1400,dev,233,0.5622,0.0505,0.093,1.5043,1.269,11.7601,0.0,0
EURUSD-M15,S1_BoxReclaim,NY1800,dev,251,0.5458,0.021,0.1011,0.5414,1.0823,5.2638,0.0,0
EURUSD-M15,S1_BoxReclaim,TYO0900,dev,252,0.5556,0.0189,0.0863,0.5049,1.0782,4.7555,0.0,0
EURUSD-M15,S1_BoxReclaim,LON0800,oos,254,0.5354,0.0114,0.0408,0.3291,1.05,2.9073,0.0,0
EURUSD-M15,S1_BoxReclaim,NY0800,oos,104,0.4904,-0.0242,-0.0067,-0.3931,0.9154,-2.5217,0.0,0
EURUSD-M15,S1_BoxReclaim,NY0930,oos,135,0.4815,-0.0989,-0.0638,-1.9316,0.6749,-13.3548,0.0,0
EURUSD-M15,S1_BoxReclaim,NY1000,oos,199,0.4925,-0.0058,-0.0153,-0.1535,0.974,-1.1563,0.0,0
EURUSD-M15,S1_BoxReclaim,NY1100,oos,298,0.5,0.0087,0.0009,0.2895,1.0416,2.5974,0.0,0
EURUSD-M15,S1_BoxReclaim,NY1300,oos,229,0.5415,0.0159,0.0531,0.4443,1.0727,3.6524,0.0,0
EURUSD-M15,S1_BoxReclaim,NY1400,oos,202,0.5297,0.0237,0.0584,0.6159,1.1091,4.779,0.0,0
EURUSD-M15,S1_BoxReclaim,NY1800,oos,271,0.5314,-0.0321,0.0656,-0.8447,0.8891,-8.7085,0.0,0
EURUSD-M15,S1_BoxReclaim,TYO0900,oos,204,0.4951,-0.0331,-0.0158,-0.7717,0.8821,-6.7443,0.0,0
EURUSD-M15,S2_OpenExhaust,LON0800,dev,41,0.4634,-0.001,-0.1096,-0.0072,0.9972,-0.04,0.0,0
EURUSD-M15,S2_OpenExhaust,NY0800,dev,28,0.4643,0.0144,-0.1559,0.0759,1.0357,0.4027,0.0,0
EURUSD-M15,S2_OpenExhaust,NY0930,dev,30,0.2667,-0.3553,-0.653,-2.4881,0.3607,-10.6588,0.0,0
EURUSD-M15,S2_OpenExhaust,NY1000,dev,33,0.3939,-0.1095,-0.2022,-0.7453,0.7389,-3.6128,0.0,0
EURUSD-M15,S2_OpenExhaust,NY1100,dev,39,0.5897,0.1389,0.1504,0.9498,1.4352,5.4165,0.0,0
EURUSD-M15,S2_OpenExhaust,NY1300,dev,49,0.5102,0.0729,0.0042,0.5418,1.1992,3.5699,0.0,0
EURUSD-M15,S2_OpenExhaust,NY1400,dev,33,0.4848,0.0715,-0.1585,0.4404,1.2016,2.3606,0.0,0
EURUSD-M15,S2_OpenExhaust,NY1800,dev,20,0.45,0.0444,-0.2078,0.2111,1.1094,0.8884,0.0,0
EURUSD-M15,S2_OpenExhaust,TYO0900,dev,28,0.5,0.0035,-0.0378,0.0181,1.008,0.0977,0.0,0
EURUSD-M15,S2_OpenExhaust,LON0800,oos,24,0.5,0.134,-0.0315,0.6831,1.4054,3.2162,0.0,0
EURUSD-M15,S2_OpenExhaust,NY0800,oos,27,0.4074,-0.0879,-0.5991,-0.4423,0.8347,-2.3742,0.0,0
EURUSD-M15,S2_OpenExhaust,NY0930,oos,44,0.4773,-0.074,-0.3332,-0.5428,0.8351,-3.2544,0.0,0
EURUSD-M15,S2_OpenExhaust,NY1000,oos,26,0.3462,-0.1948,-0.4852,-1.0635,0.6185,-5.0658,0.0,0
EURUSD-M15,S2_OpenExhaust,NY1100,oos,34,0.3529,-0.2761,-0.4883,-2.1507,0.439,-9.3866,0.0,0
EURUSD-M15,S2_OpenExhaust,NY1300,oos,28,0.3929,-0.2534,-0.4676,-1.7478,0.4769,-7.096,0.0,0
EURUSD-M15,S2_OpenExhaust,NY1400,oos,20,0.5,0.1323,0.0026,0.5379,1.347,2.6454,0.0,0
EURUSD-M15,S2_OpenExhaust,NY1800,oos,14,0.7857,0.6533,0.8882,2.3441,4.0488,9.1463,0.0,0
EURUSD-M15,S2_OpenExhaust,TYO0900,oos,25,0.48,0.1221,-0.0551,0.5209,1.2703,3.0536,0.0,0
EURUSD-M15,S3_IBBreak,LON0800,dev,239,0.3849,0.0063,-0.126,0.112,1.0183,1.5057,0.0,0
EURUSD-M15,S3_IBBreak,NY0800,dev,622,0.3842,0.0245,-0.1735,0.6683,1.0667,15.2094,0.0,0
EURUSD-M15,S3_IBBreak,NY0930,dev,276,0.3333,-0.0742,-0.2471,-1.4228,0.8132,-20.4784,0.0,0
EURUSD-M15,S3_IBBreak,NY1000,dev,148,0.3784,-0.0192,-0.1445,-0.2719,0.946,-2.8449,0.0,0
EURUSD-M15,S3_IBBreak,NY1100,dev,121,0.281,-0.2018,-0.2449,-3.1167,0.4823,-24.4167,0.0,0
EURUSD-M15,S3_IBBreak,NY1300,dev,309,0.3819,-0.0535,-0.1189,-1.1374,0.8483,-16.5453,0.0,0
EURUSD-M15,S3_IBBreak,NY1400,dev,275,0.28,-0.2037,-0.3889,-3.7067,0.5659,-56.0102,0.0,1
EURUSD-M15,S3_IBBreak,NY1800,dev,531,0.3503,-0.0763,-0.3281,-1.8176,0.831,-40.5342,0.0,0
EURUSD-M15,S3_IBBreak,TYO0900,dev,429,0.3776,-0.0071,-0.1838,-0.1643,0.9808,-3.0324,0.0,0
EURUSD-M15,S3_IBBreak,LON0800,oos,147,0.3265,-0.1065,-0.1679,-2.0711,0.6297,-15.6621,0.0,0
EURUSD-M15,S3_IBBreak,NY0800,oos,593,0.3811,0.0254,-0.2057,0.6434,1.0646,15.0779,0.0,0
EURUSD-M15,S3_IBBreak,NY0930,oos,333,0.3904,-0.0188,-0.1575,-0.3958,0.9484,-6.2728,0.0,0
EURUSD-M15,S3_IBBreak,NY1000,oos,259,0.3745,-0.0559,-0.1709,-1.0858,0.8445,-14.4695,0.0,0
EURUSD-M15,S3_IBBreak,NY1100,oos,49,0.3673,0.0333,-0.133,0.3195,1.132,1.6307,0.0,0
EURUSD-M15,S3_IBBreak,NY1300,oos,218,0.3486,-0.1041,-0.2179,-1.7963,0.7392,-22.6922,0.0,0
EURUSD-M15,S3_IBBreak,NY1400,oos,302,0.3775,-0.0152,-0.2231,-0.2971,0.959,-4.5965,0.0,0
EURUSD-M15,S3_IBBreak,NY1800,oos,379,0.3852,-0.0375,-0.2424,-0.7603,0.9123,-14.2274,0.0,0
EURUSD-M15,S3_IBBreak,TYO0900,oos,431,0.3364,-0.0709,-0.2268,-1.7451,0.8128,-30.5569,0.0,0
EURUSD-M15,S4_OpenRetest,LON0800,dev,321,0.3894,-0.155,-0.5941,-2.8367,0.7033,-49.753,0.0,0
EURUSD-M15,S4_OpenRetest,NY0800,dev,341,0.4487,0.0323,-0.2432,0.5607,1.0688,11.018,0.0,0
EURUSD-M15,S4_OpenRetest,NY0930,dev,338,0.426,-0.0282,-0.2662,-0.5176,0.9389,-9.5261,0.0,0
EURUSD-M15,S4_OpenRetest,NY1000,dev,304,0.4276,-0.049,-0.2574,-0.8605,0.8952,-14.8952,0.0,0
EURUSD-M15,S4_OpenRetest,NY1100,dev,281,0.3594,-0.1796,-0.5075,-2.884,0.6659,-50.4783,0.0,1
EURUSD-M15,S4_OpenRetest,NY1300,dev,316,0.3956,-0.0528,-0.3179,-0.7467,0.8903,-16.6748,0.0,0
EURUSD-M15,S4_OpenRetest,NY1400,dev,286,0.3531,-0.2167,-0.2681,-3.7105,0.5592,-61.9839,0.0,3
EURUSD-M15,S4_OpenRetest,NY1800,dev,410,0.4073,-0.0129,-0.5692,-0.2373,0.9748,-5.2873,0.0,0
EURUSD-M15,S4_OpenRetest,TYO0900,dev,302,0.4305,-0.0213,-0.3055,-0.3635,0.9541,-6.4303,0.0,0
EURUSD-M15,S4_OpenRetest,LON0800,oos,231,0.4502,-0.0062,-0.3367,-0.0879,0.9874,-1.4251,0.0,0
EURUSD-M15,S4_OpenRetest,NY0800,oos,275,0.4109,-0.0353,-1.0,-0.5291,0.9336,-9.714,0.0,0
EURUSD-M15,S4_OpenRetest,NY0930,oos,269,0.4201,-0.0797,-0.2683,-1.3662,0.8281,-21.4481,0.0,0
EURUSD-M15,S4_OpenRetest,NY1000,oos,231,0.5238,0.1098,0.0792,1.6962,1.2895,25.3554,0.0,0
EURUSD-M15,S4_OpenRetest,NY1100,oos,219,0.4155,-0.0649,-0.4006,-0.9343,0.8697,-14.2053,0.0,0
EURUSD-M15,S4_OpenRetest,NY1300,oos,256,0.4336,0.0064,-0.2427,0.0927,1.0143,1.6422,0.0,0
EURUSD-M15,S4_OpenRetest,NY1400,oos,263,0.4563,-0.0105,-0.1558,-0.1637,0.9736,-2.75,0.0,1
EURUSD-M15,S4_OpenRetest,NY1800,oos,367,0.4469,0.0555,-0.3062,0.9552,1.1135,20.3524,0.0,0
EURUSD-M15,S4_OpenRetest,TYO0900,oos,241,0.4481,0.0003,-0.0955,0.0051,1.0008,0.078,0.0,0
EURUSD-M15,S5_LevelSweep,LON0800,dev,239,0.4644,0.0051,-0.1039,0.086,1.013,1.2132,0.0,0
EURUSD-M15,S5_LevelSweep,NY0800,dev,215,0.4186,-0.0539,-0.2406,-0.8076,0.8825,-11.5986,0.0,0
EURUSD-M15,S5_LevelSweep,NY0930,dev,203,0.4631,-0.0332,-0.1265,-0.5344,0.9158,-6.7312,0.0,0
EURUSD-M15,S5_LevelSweep,NY1000,dev,194,0.4948,0.0175,-0.0034,0.2794,1.0491,3.3946,0.0,0
EURUSD-M15,S5_LevelSweep,NY1100,dev,153,0.4052,-0.1283,-0.2159,-1.944,0.6884,-19.6278,0.0,0
EURUSD-M15,S5_LevelSweep,NY1300,dev,101,0.3762,-0.1046,-0.3429,-1.0971,0.7806,-10.5621,0.0,0
EURUSD-M15,S5_LevelSweep,NY1400,dev,83,0.4096,-0.0811,-0.3429,-0.7974,0.8202,-6.7305,0.0,0
EURUSD-M15,S5_LevelSweep,NY1800,dev,93,0.5699,0.1188,0.1411,1.2309,1.3448,11.0489,0.0,0
EURUSD-M15,S5_LevelSweep,TYO0900,dev,119,0.4958,0.0333,-0.0124,0.3863,1.086,3.966,0.0,0
EURUSD-M15,S5_LevelSweep,LON0800,oos,215,0.4837,0.0597,-0.1081,0.914,1.1509,12.8333,0.0,0
EURUSD-M15,S5_LevelSweep,NY0800,oos,199,0.4121,-0.0674,-0.2954,-0.9703,0.8547,-13.4128,0.0,0
EURUSD-M15,S5_LevelSweep,NY0930,oos,213,0.4742,0.0774,-0.0953,1.1211,1.1879,16.4819,0.0,0
EURUSD-M15,S5_LevelSweep,NY1000,oos,189,0.4709,0.0482,-0.0849,0.6667,1.1151,9.1185,0.0,0
EURUSD-M15,S5_LevelSweep,NY1100,oos,145,0.5034,0.0695,0.0245,0.8988,1.188,10.0815,0.0,0
EURUSD-M15,S5_LevelSweep,NY1300,oos,95,0.4421,-0.0422,-0.1374,-0.4497,0.899,-4.0111,0.0,0
EURUSD-M15,S5_LevelSweep,NY1400,oos,89,0.3596,-0.1065,-0.3354,-1.0914,0.7651,-9.4798,0.0,0
EURUSD-M15,S5_LevelSweep,NY1800,oos,71,0.493,0.004,-0.0225,0.039,1.0108,0.2859,0.0,0
EURUSD-M15,S5_LevelSweep,TYO0900,oos,122,0.5,0.0587,0.0259,0.7017,1.1556,7.1625,0.0,0
GBPUSD-M15,S1_BoxReclaim,LON0800,dev,215,0.5023,-0.0509,0.0265,-1.1918,0.8272,-10.9363,0.0,0
GBPUSD-M15,S1_BoxReclaim,NY0800,dev,135,0.563,0.0612,0.1487,1.1779,1.2708,8.2561,0.0,0
GBPUSD-M15,S1_BoxReclaim,NY0930,dev,187,0.5348,0.0135,0.0561,0.3339,1.0603,2.516,0.0,0
GBPUSD-M15,S1_BoxReclaim,NY1000,dev,273,0.5092,-0.0401,0.008,-1.2212,0.8361,-10.9413,0.0,0
GBPUSD-M15,S1_BoxReclaim,NY1100,dev,342,0.5117,-0.0269,0.0412,-0.9058,0.888,-9.183,0.0,0
GBPUSD-M15,S1_BoxReclaim,NY1300,dev,240,0.4833,-0.0624,-0.0306,-1.7113,0.767,-14.9697,0.0,0
GBPUSD-M15,S1_BoxReclaim,NY1400,dev,229,0.524,0.0242,0.037,0.6915,1.1239,5.5438,0.0,0
GBPUSD-M15,S1_BoxReclaim,NY1800,dev,209,0.5311,-0.0249,0.0437,-0.5598,0.9147,-5.1959,0.0,0
GBPUSD-M15,S1_BoxReclaim,TYO0900,dev,231,0.4848,-0.0726,-0.0095,-1.8655,0.7483,-16.7676,0.0,0
GBPUSD-M15,S1_BoxReclaim,LON0800,oos,246,0.4715,-0.01,-0.0136,-0.2693,0.9603,-2.4612,0.0,0
GBPUSD-M15,S1_BoxReclaim,NY0800,oos,100,0.6,0.0597,0.2444,0.9246,1.2349,5.9692,0.0,0
GBPUSD-M15,S1_BoxReclaim,NY0930,oos,135,0.4963,0.0217,-0.0421,0.4777,1.1015,2.9338,0.0,0
GBPUSD-M15,S1_BoxReclaim,NY1000,oos,200,0.49,-0.0558,-0.0154,-1.556,0.7615,-11.1661,0.0,0
GBPUSD-M15,S1_BoxReclaim,NY1100,oos,299,0.4783,-0.019,-0.029,-0.6514,0.9128,-5.6914,0.0,0
GBPUSD-M15,S1_BoxReclaim,NY1300,oos,210,0.5524,0.0179,0.0493,0.4667,1.081,3.7546,0.0,0
GBPUSD-M15,S1_BoxReclaim,NY1400,oos,199,0.5427,0.0083,0.0513,0.2188,1.0383,1.6539,0.0,0
GBPUSD-M15,S1_BoxReclaim,NY1800,oos,240,0.5333,0.028,0.0488,0.7607,1.1225,6.7178,0.0,0
GBPUSD-M15,S1_BoxReclaim,TYO0900,oos,207,0.57,0.0751,0.125,1.9584,1.3821,15.5419,0.0,0
GBPUSD-M15,S2_OpenExhaust,LON0800,dev,37,0.4595,-0.0492,-0.0177,-0.3576,0.8659,-1.8202,0.0,0
GBPUSD-M15,S2_OpenExhaust,NY0800,dev,37,0.3514,-0.2739,-1.0,-1.9231,0.5117,-10.1333,0.0,0
GBPUSD-M15,S2_OpenExhaust,NY0930,dev,37,0.3784,-0.1239,-0.1677,-0.8372,0.7244,-4.5839,0.0,0
GBPUSD-M15,S2_OpenExhaust,NY1000,dev,39,0.5385,0.105,0.2523,0.6695,1.275,4.0962,0.0,0
GBPUSD-M15,S2_OpenExhaust,NY1100,dev,29,0.2759,-0.5294,-1.0,-3.729,0.2397,-15.3526,0.0,0
GBPUSD-M15,S2_OpenExhaust,NY1300,dev,33,0.5152,0.0911,0.0911,0.5637,1.2566,3.0064,0.0,0
GBPUSD-M15,S2_OpenExhaust,NY1400,dev,26,0.3462,-0.1067,-0.2766,-0.4874,0.7839,-2.773,0.0,0
GBPUSD-M15,S2_OpenExhaust,NY1800,dev,18,0.5556,0.0663,0.1695,0.2814,1.1643,1.1932,0.0,0
GBPUSD-M15,S2_OpenExhaust,TYO0900,dev,21,0.5714,-0.0504,0.25,-0.3016,0.8601,-1.0575,0.0,0
GBPUSD-M15,S2_OpenExhaust,LON0800,oos,34,0.5882,0.2569,0.3056,1.6109,1.95,8.7331,0.0,0
GBPUSD-M15,S2_OpenExhaust,NY0800,oos,34,0.3529,-0.2013,-1.0,-1.1548,0.6447,-6.8439,0.0,0
GBPUSD-M15,S2_OpenExhaust,NY0930,oos,39,0.4615,-0.1022,-0.1052,-0.8396,0.7278,-3.985,0.0,0
GBPUSD-M15,S2_OpenExhaust,NY1000,oos,24,0.3333,-0.2541,-0.4346,-1.4979,0.4793,-6.0973,0.0,0
GBPUSD-M15,S2_OpenExhaust,NY1100,oos,28,0.4286,-0.0788,-0.1365,-0.4802,0.808,-2.2077,0.0,0
GBPUSD-M15,S2_OpenExhaust,NY1300,oos,22,0.4091,0.0153,-0.196,0.0828,1.0425,0.3369,0.0,0
GBPUSD-M15,S2_OpenExhaust,NY1400,oos,23,0.5217,-0.0401,0.014,-0.2198,0.9043,-0.9217,0.0,0
GBPUSD-M15,S2_OpenExhaust,NY1800,oos,17,0.1765,-0.5895,-1.0,-3.043,0.2334,-10.0213,0.0,0
GBPUSD-M15,S2_OpenExhaust,TYO0900,oos,21,0.4762,-0.0716,-0.475,-0.3469,0.8506,-1.503,0.0,0
GBPUSD-M15,S3_IBBreak,LON0800,dev,346,0.4191,0.0429,-0.1083,0.9797,1.1465,14.8395,0.0,0
GBPUSD-M15,S3_IBBreak,NY0800,dev,549,0.4026,0.0117,-0.2,0.2887,1.0295,6.4372,0.0,0
GBPUSD-M15,S3_IBBreak,NY0930,dev,273,0.4176,0.0099,-0.1582,0.1831,1.0271,2.6979,0.0,0
GBPUSD-M15,S3_IBBreak,NY1000,dev,166,0.4277,0.0608,-0.1196,0.9082,1.19,10.0884,0.0,0
GBPUSD-M15,S3_IBBreak,NY1100,dev,114,0.307,-0.1137,-0.2684,-1.3848,0.7335,-12.966,0.0,0
GBPUSD-M15,S3_IBBreak,NY1300,dev,287,0.331,-0.1262,-0.2652,-2.5702,0.6891,-36.2073,0.0,0
GBPUSD-M15,S3_IBBreak,NY1400,dev,321,0.3458,-0.1139,-0.2816,-2.4008,0.7246,-36.5672,0.0,0
GBPUSD-M15,S3_IBBreak,NY1800,dev,542,0.3155,-0.1511,-0.3628,-3.7947,0.6815,-81.8842,0.0,0
GBPUSD-M15,S3_IBBreak,TYO0900,dev,408,0.3824,-0.0348,-0.1995,-0.7871,0.91,-14.2054,0.0,0
GBPUSD-M15,S3_IBBreak,LON0800,oos,161,0.4161,0.037,-0.1279,0.5721,1.1224,5.9552,0.0,0
GBPUSD-M15,S3_IBBreak,NY0800,oos,559,0.4275,0.076,-0.1264,1.8158,1.1961,42.496,0.0,0
GBPUSD-M15,S3_IBBreak,NY0930,oos,342,0.4123,0.0301,-0.1567,0.6285,1.0862,10.2787,0.0,0
GBPUSD-M15,S3_IBBreak,NY1000,oos,260,0.3846,-0.025,-0.1748,-0.4837,0.9287,-6.495,0.0,0
GBPUSD-M15,S3_IBBreak,NY1100,oos,64,0.2969,-0.0033,-0.1558,-0.0334,0.9891,-0.2091,0.0,0
GBPUSD-M15,S3_IBBreak,NY1300,oos,246,0.3618,-0.0663,-0.1994,-1.2709,0.8158,-16.3217,0.0,0
GBPUSD-M15,S3_IBBreak,NY1400,oos,287,0.3693,-0.0985,-0.1944,-2.0461,0.7392,-28.27,0.0,0
GBPUSD-M15,S3_IBBreak,NY1800,oos,384,0.3281,-0.0957,-0.3046,-1.9985,0.7852,-36.7487,0.0,0
GBPUSD-M15,S3_IBBreak,TYO0900,oos,399,0.3333,-0.0753,-0.2632,-1.6491,0.8214,-30.032,0.0,0
GBPUSD-M15,S4_OpenRetest,LON0800,dev,347,0.4553,-0.034,-0.2071,-0.6204,0.9273,-11.7902,0.0,0
GBPUSD-M15,S4_OpenRetest,NY0800,dev,353,0.4334,-0.026,-0.5998,-0.451,0.9493,-9.1922,0.0,0
GBPUSD-M15,S4_OpenRetest,NY0930,dev,339,0.4277,-0.0259,-0.2788,-0.4735,0.9437,-8.7912,0.0,0
GBPUSD-M15,S4_OpenRetest,NY1000,dev,268,0.4627,0.001,-0.1177,0.0158,1.0022,0.2553,0.0,0
GBPUSD-M15,S4_OpenRetest,NY1100,dev,273,0.4505,0.0322,-0.1901,0.5237,1.0741,8.7877,0.0,0
GBPUSD-M15,S4_OpenRetest,NY1300,dev,306,0.4673,-0.0006,-0.1258,-0.0101,0.9987,-0.1771,0.0,0
GBPUSD-M15,S4_OpenRetest,NY1400,dev,321,0.4455,-0.0442,-0.1254,-0.9151,0.8835,-14.1963,0.0,0
GBPUSD-M15,S4_OpenRetest,NY1800,dev,414,0.4324,-0.0388,-0.4693,-0.7527,0.9218,-16.0834,0.0,0
GBPUSD-M15,S4_OpenRetest,TYO0900,dev,323,0.4613,0.0474,-0.153,0.8275,1.1098,15.3213,0.0,0
GBPUSD-M15,S4_OpenRetest,LON0800,oos,242,0.4669,-0.0041,-0.1354,-0.0648,0.9907,-0.9984,0.0,0
GBPUSD-M15,S4_OpenRetest,NY0800,oos,292,0.4384,-0.0298,-0.8898,-0.4663,0.9428,-8.7137,0.0,0
GBPUSD-M15,S4_OpenRetest,NY0930,oos,285,0.386,-0.1487,-0.3184,-2.7958,0.6842,-42.375,0.0,0
GBPUSD-M15,S4_OpenRetest,NY1000,oos,233,0.4635,0.0159,-0.1068,0.2409,1.0361,3.7005,0.0,0
GBPUSD-M15,S4_OpenRetest,NY1100,oos,218,0.4862,0.0637,-0.0947,0.9371,1.1535,13.8898,0.0,0
GBPUSD-M15,S4_OpenRetest,NY1300,oos,252,0.4325,-0.041,-0.1515,-0.6655,0.9087,-10.3378,0.0,0
GBPUSD-M15,S4_OpenRetest,NY1400,oos,239,0.4561,-0.0805,-0.102,-1.3354,0.8167,-19.2373,0.0,0
GBPUSD-M15,S4_OpenRetest,NY1800,oos,310,0.4581,0.0535,-0.3407,0.8568,1.111,16.5939,0.0,0
GBPUSD-M15,S4_OpenRetest,TYO0900,oos,280,0.4143,-0.0608,-0.545,-0.9899,0.8786,-17.035,0.0,0
GBPUSD-M15,S5_LevelSweep,LON0800,dev,236,0.4958,0.0754,-0.0141,1.2306,1.2066,17.801,0.0,0
GBPUSD-M15,S5_LevelSweep,NY0800,dev,206,0.4272,-0.0432,-0.2229,-0.6399,0.903,-8.8899,0.0,0
GBPUSD-M15,S5_LevelSweep,NY0930,dev,198,0.4646,0.0353,-0.0842,0.5342,1.0927,6.9797,0.0,0
GBPUSD-M15,S5_LevelSweep,NY1000,dev,185,0.5081,0.0811,0.0244,1.2264,1.24,15.008,0.0,0
GBPUSD-M15,S5_LevelSweep,NY1100,dev,151,0.4768,-0.0442,-0.0566,-0.6175,0.8868,-6.6812,0.0,0
GBPUSD-M15,S5_LevelSweep,NY1300,dev,108,0.4167,-0.1085,-0.1789,-1.3083,0.7394,-11.7213,0.0,0
GBPUSD-M15,S5_LevelSweep,NY1400,dev,87,0.4138,-0.0999,-0.2451,-1.0033,0.7817,-8.692,0.0,0
GBPUSD-M15,S5_LevelSweep,NY1800,dev,84,0.4643,-0.0183,-0.0419,-0.1723,0.9583,-1.5399,0.0,0
GBPUSD-M15,S5_LevelSweep,TYO0900,dev,96,0.4375,-0.0627,-0.0588,-0.7147,0.84,-6.0168,0.0,0
GBPUSD-M15,S5_LevelSweep,LON0800,oos,217,0.4378,0.0226,-0.1287,0.3547,1.0572,4.9063,0.0,0
GBPUSD-M15,S5_LevelSweep,NY0800,oos,185,0.4,-0.0443,-0.2281,-0.5973,0.9053,-8.2013,0.0,0
GBPUSD-M15,S5_LevelSweep,NY0930,oos,194,0.4742,0.0223,-0.1129,0.3166,1.0529,4.3289,0.0,0
GBPUSD-M15,S5_LevelSweep,NY1000,oos,179,0.4693,0.0107,-0.0816,0.151,1.0262,1.9166,0.0,0
GBPUSD-M15,S5_LevelSweep,NY1100,oos,141,0.4397,0.0168,-0.179,0.216,1.0433,2.3667,0.0,0
GBPUSD-M15,S5_LevelSweep,NY1300,oos,100,0.45,0.0759,-0.0509,0.7907,1.2043,7.5919,0.0,0
GBPUSD-M15,S5_LevelSweep,NY1400,oos,93,0.4409,-0.023,-0.0665,-0.244,0.9425,-2.1376,0.0,0
GBPUSD-M15,S5_LevelSweep,NY1800,oos,54,0.4815,0.0348,-0.0346,0.2726,1.1001,1.8788,0.0,0
GBPUSD-M15,S5_LevelSweep,TYO0900,oos,91,0.5055,0.0091,0.0182,0.0954,1.024,0.8251,0.0,0
USDJPY-M15,S1_BoxReclaim,LON0800,dev,276,0.4674,-0.0684,-0.0553,-2.0701,0.7379,-18.884,0.0,0
USDJPY-M15,S1_BoxReclaim,NY0800,dev,111,0.5135,0.006,0.0163,0.1086,1.0251,0.6621,0.0,0
USDJPY-M15,S1_BoxReclaim,NY0930,dev,228,0.4956,-0.0233,-0.0051,-0.6695,0.8979,-5.3168,0.0,0
USDJPY-M15,S1_BoxReclaim,NY1000,dev,334,0.497,0.0154,-0.003,0.5557,1.0761,5.1511,0.0,0
USDJPY-M15,S1_BoxReclaim,NY1100,dev,342,0.5146,0.014,0.0321,0.4442,1.0604,4.7856,0.0,0
USDJPY-M15,S1_BoxReclaim,NY1300,dev,217,0.4885,-0.0292,-0.0237,-0.79,0.8806,-6.3371,0.0,0
USDJPY-M15,S1_BoxReclaim,NY1400,dev,200,0.505,0.0134,0.0134,0.2578,1.0551,2.6735,0.0,1
USDJPY-M15,S1_BoxReclaim,NY1800,dev,187,0.5775,0.0279,0.1573,0.5723,1.1002,5.2216,0.0,0
USDJPY-M15,S1_BoxReclaim,TYO0900,dev,295,0.4915,-0.0513,-0.0078,-1.6208,0.7918,-15.1378,0.0,0
USDJPY-M15,S1_BoxReclaim,LON0800,oos,266,0.5038,-0.027,0.0101,-0.769,0.8924,-7.1917,0.0,0
USDJPY-M15,S1_BoxReclaim,NY0800,oos,53,0.4906,-0.0919,-0.0122,-0.9192,0.7588,-4.873,0.0,0
USDJPY-M15,S1_BoxReclaim,NY0930,oos,188,0.5053,-0.0265,0.0159,-0.6533,0.8925,-4.9795,0.0,0
USDJPY-M15,S1_BoxReclaim,NY1000,oos,205,0.4976,-0.0334,0.0,-0.9373,0.8489,-6.8499,0.0,0
USDJPY-M15,S1_BoxReclaim,NY1100,oos,315,0.5048,-0.0028,0.0113,-0.0962,0.9871,-0.8932,0.0,0
USDJPY-M15,S1_BoxReclaim,NY1300,oos,210,0.4857,-0.0154,-0.0132,-0.4071,0.9334,-3.2377,0.0,0
USDJPY-M15,S1_BoxReclaim,NY1400,oos,185,0.5027,-0.0026,0.0088,-0.0596,0.989,-0.4783,0.0,0
USDJPY-M15,S1_BoxReclaim,NY1800,oos,192,0.5208,-0.0023,0.0687,-0.0478,0.9922,-0.438,0.0,0
USDJPY-M15,S1_BoxReclaim,TYO0900,oos,243,0.4856,-0.0461,-0.0196,-1.3318,0.8106,-11.1926,0.0,0
USDJPY-M15,S2_OpenExhaust,LON0800,dev,33,0.2424,-0.3486,-0.3591,-2.8212,0.3096,-11.5029,0.0,0
USDJPY-M15,S2_OpenExhaust,NY0800,dev,31,0.6129,0.2868,0.5051,1.7028,2.0257,8.89,0.0,0
USDJPY-M15,S2_OpenExhaust,NY0930,dev,26,0.3077,-0.1973,-0.395,-1.2534,0.5702,-5.1297,0.0,0
USDJPY-M15,S2_OpenExhaust,NY1000,dev,32,0.4375,-0.0796,-0.2359,-0.5326,0.8035,-2.5468,0.0,0
USDJPY-M15,S2_OpenExhaust,NY1100,dev,26,0.4615,-0.1048,-0.5201,-0.566,0.791,-2.7255,0.0,0
USDJPY-M15,S2_OpenExhaust,NY1300,dev,41,0.4878,-0.0153,-0.0759,-0.1013,0.9647,-0.627,0.0,0
USDJPY-M15,S2_OpenExhaust,NY1400,dev,25,0.6,0.6959,0.187,1.2036,3.4527,17.3969,0.0,0
USDJPY-M15,S2_OpenExhaust,NY1800,dev,26,0.3846,-0.2292,-1.0,-1.1745,0.6033,-5.9581,0.0,0
USDJPY-M15,S2_OpenExhaust,TYO0900,dev,34,0.5,-0.0222,0.0133,-0.17,0.9315,-0.7556,0.0,0
USDJPY-M15,S2_OpenExhaust,LON0800,oos,37,0.4865,0.0379,0.0,0.2642,1.1039,1.4007,0.0,0
USDJPY-M15,S2_OpenExhaust,NY0800,oos,34,0.3824,-0.1043,-0.3621,-0.6003,0.7935,-3.5454,0.0,0
USDJPY-M15,S2_OpenExhaust,NY0930,oos,38,0.3947,-0.0776,-0.4259,-0.5087,0.8298,-2.9476,0.0,0
USDJPY-M15,S2_OpenExhaust,NY1000,oos,25,0.32,-0.2312,-0.6902,-1.3418,0.5569,-5.7801,0.0,0
USDJPY-M15,S2_OpenExhaust,NY1100,oos,40,0.5,-0.0482,-0.0281,-0.3601,0.8802,-1.9297,0.0,0
USDJPY-M15,S2_OpenExhaust,NY1300,oos,33,0.6364,0.499,0.742,2.823,3.2016,16.4678,0.0,0
USDJPY-M15,S2_OpenExhaust,NY1400,oos,19,0.4211,-0.1733,-0.0745,-1.1529,0.519,-3.2935,0.0,0
USDJPY-M15,S2_OpenExhaust,NY1800,oos,24,0.375,0.0339,-0.204,0.1531,1.0754,0.8124,0.0,0
USDJPY-M15,S2_OpenExhaust,TYO0900,oos,42,0.4762,-0.1066,-0.1428,-0.7837,0.7639,-4.4786,0.0,0
USDJPY-M15,S3_IBBreak,LON0800,dev,202,0.3812,0.0345,-0.1813,0.5647,1.1041,6.9617,0.0,0
USDJPY-M15,S3_IBBreak,NY0800,dev,788,0.3985,0.009,-0.2056,0.2666,1.0228,7.0807,0.0,0
USDJPY-M15,S3_IBBreak,NY0930,dev,203,0.3793,-0.0096,-0.1805,-0.1669,0.9707,-1.9571,0.0,0
USDJPY-M15,S3_IBBreak,NY1000,dev,105,0.3524,-0.0154,-0.1656,-0.1951,0.9527,-1.6142,0.0,0
USDJPY-M15,S3_IBBreak,NY1100,dev,121,0.4711,0.1504,-0.0349,1.4012,1.4497,18.196,0.0,1
USDJPY-M15,S3_IBBreak,NY1300,dev,319,0.3636,-0.0495,-0.1891,-0.9593,0.8778,-15.8062,0.0,0
USDJPY-M15,S3_IBBreak,NY1400,dev,327,0.3486,-0.1297,-0.2881,-2.4148,0.703,-42.4155,0.0,1
USDJPY-M15,S3_IBBreak,NY1800,dev,712,0.3778,0.0189,-0.3193,0.4891,1.0425,13.4652,0.0,0
USDJPY-M15,S3_IBBreak,TYO0900,dev,303,0.4554,0.1637,-0.0597,3.3743,1.6537,49.6109,0.0,0
USDJPY-M15,S3_IBBreak,LON0800,oos,131,0.3893,0.0021,-0.1244,0.029,1.0065,0.2764,0.0,0
USDJPY-M15,S3_IBBreak,NY0800,oos,672,0.4077,0.0635,-0.1743,1.7187,1.1721,42.6487,0.0,0
USDJPY-M15,S3_IBBreak,NY0930,oos,255,0.3765,-0.0439,-0.1569,-0.8517,0.8765,-11.184,0.0,0
USDJPY-M15,S3_IBBreak,NY1000,oos,230,0.3348,-0.157,-0.2524,-3.0292,0.6153,-36.1029,0.0,0
USDJPY-M15,S3_IBBreak,NY1100,oos,71,0.3099,-0.1289,-0.2136,-1.406,0.6482,-9.1511,0.0,0
USDJPY-M15,S3_IBBreak,NY1300,oos,274,0.3321,-0.1006,-0.2439,-1.9255,0.7528,-27.5588,0.0,0
USDJPY-M15,S3_IBBreak,NY1400,oos,343,0.3324,-0.0629,-0.2456,-1.3228,0.8407,-21.5681,0.0,0
USDJPY-M15,S3_IBBreak,NY1800,oos,452,0.3872,-0.0165,-0.2636,-0.3498,0.9627,-7.4499,0.0,0
USDJPY-M15,S3_IBBreak,TYO0900,oos,365,0.3836,-0.003,-0.162,-0.0692,0.9909,-1.1099,0.0,0
USDJPY-M15,S4_OpenRetest,LON0800,dev,332,0.4759,0.0609,-0.109,1.081,1.1426,20.2156,0.0,0
USDJPY-M15,S4_OpenRetest,NY0800,dev,364,0.3984,-0.0608,-0.4774,-1.1093,0.8806,-22.1186,0.0,0
USDJPY-M15,S4_OpenRetest,NY0930,dev,329,0.4316,-0.0191,-0.2252,-0.3373,0.9586,-6.2806,0.0,0
USDJPY-M15,S4_OpenRetest,NY1000,dev,283,0.47,0.0759,-0.1643,1.231,1.1781,21.4861,0.0,0
USDJPY-M15,S4_OpenRetest,NY1100,dev,293,0.4198,-0.0471,-0.2885,-0.8063,0.9008,-13.7909,0.0,0
USDJPY-M15,S4_OpenRetest,NY1300,dev,312,0.4199,-0.0703,-0.3337,-1.1914,0.8576,-21.9296,0.0,1
USDJPY-M15,S4_OpenRetest,NY1400,dev,302,0.3907,-0.0669,-0.2288,-0.9068,0.8553,-20.2117,0.0,1
USDJPY-M15,S4_OpenRetest,NY1800,dev,416,0.4375,0.0213,-0.37,0.4005,1.0438,8.8713,0.0,0
USDJPY-M15,S4_OpenRetest,TYO0900,dev,273,0.4579,0.0013,-0.1004,0.0225,1.0031,0.364,0.0,0
USDJPY-M15,S4_OpenRetest,LON0800,oos,232,0.4353,-0.0218,-0.2855,-0.325,0.954,-5.0661,0.0,0
USDJPY-M15,S4_OpenRetest,NY0800,oos,313,0.4409,-0.0233,-0.4501,-0.3873,0.9537,-7.2917,0.0,0
USDJPY-M15,S4_OpenRetest,NY0930,oos,274,0.4781,0.0796,-0.0647,1.36,1.209,21.8034,0.0,0
USDJPY-M15,S4_OpenRetest,NY1000,oos,225,0.48,0.0511,-0.133,0.7459,1.1177,11.494,0.0,0
USDJPY-M15,S4_OpenRetest,NY1100,oos,226,0.4204,-0.0913,-0.3258,-1.3315,0.8122,-20.6448,0.0,0
USDJPY-M15,S4_OpenRetest,NY1300,oos,255,0.3882,-0.136,-0.5617,-2.1732,0.7391,-34.675,0.0,0
USDJPY-M15,S4_OpenRetest,NY1400,oos,265,0.434,-0.0426,-0.1521,-0.6864,0.897,-11.2767,0.0,1
USDJPY-M15,S4_OpenRetest,NY1800,oos,348,0.4598,0.0508,-0.3964,0.8339,1.1016,17.6707,0.0,0
USDJPY-M15,S4_OpenRetest,TYO0900,oos,233,0.4549,0.0176,-0.1075,0.2864,1.0443,4.0977,0.0,0
USDJPY-M15,S5_LevelSweep,LON0800,dev,150,0.4533,0.0151,-0.175,0.1957,1.0378,2.2643,0.0,0
USDJPY-M15,S5_LevelSweep,NY0800,dev,170,0.5294,0.1189,0.106,1.5107,1.2973,20.2179,0.0,0
USDJPY-M15,S5_LevelSweep,NY0930,dev,162,0.4383,-0.0483,-0.1392,-0.679,0.8828,-7.8183,0.0,0
USDJPY-M15,S5_LevelSweep,NY1000,dev,147,0.3946,-0.1163,-0.2354,-1.6924,0.7219,-17.0966,0.0,0
USDJPY-M15,S5_LevelSweep,NY1100,dev,122,0.418,0.0094,-0.1877,0.1074,1.0227,1.1417,0.0,0
USDJPY-M15,S5_LevelSweep,NY1300,dev,108,0.5463,0.1996,0.1674,2.2875,1.6857,21.552,0.0,0
USDJPY-M15,S5_LevelSweep,NY1400,dev,86,0.5116,0.0539,0.0342,0.5374,1.1467,4.6387,0.0,0
USDJPY-M15,S5_LevelSweep,NY1800,dev,169,0.5089,0.0729,0.0938,1.0002,1.1891,12.323,0.0,0
USDJPY-M15,S5_LevelSweep,TYO0900,dev,208,0.4808,0.0454,-0.0716,0.7204,1.1257,9.4521,0.0,0
USDJPY-M15,S5_LevelSweep,LON0800,oos,135,0.4889,0.0383,-0.0289,0.4804,1.1012,5.1673,0.0,0
USDJPY-M15,S5_LevelSweep,NY0800,oos,167,0.4371,0.0007,-0.2171,0.0089,1.0015,0.1115,0.0,0
USDJPY-M15,S5_LevelSweep,NY0930,oos,176,0.4205,-0.0719,-0.3039,-1.0258,0.837,-12.6629,0.0,0
USDJPY-M15,S5_LevelSweep,NY1000,oos,157,0.465,0.0164,-0.1026,0.2195,1.042,2.5759,0.0,0
USDJPY-M15,S5_LevelSweep,NY1100,oos,124,0.3952,-0.0703,-0.3667,-0.8344,0.8428,-8.7134,0.0,0
USDJPY-M15,S5_LevelSweep,NY1300,oos,102,0.4902,0.1627,-0.0477,1.4381,1.4327,16.5985,0.0,0
USDJPY-M15,S5_LevelSweep,NY1400,oos,81,0.4321,-0.0578,-0.2509,-0.5681,0.861,-4.6827,0.0,0
USDJPY-M15,S5_LevelSweep,NY1800,oos,108,0.463,0.0423,-0.104,0.4221,1.0953,4.5729,0.0,0
USDJPY-M15,S5_LevelSweep,TYO0900,oos,200,0.515,0.1188,0.0796,1.7337,1.3209,23.7562,0.0,0
AUDUSD-M15,S1_BoxReclaim,LON0800,dev,274,0.5511,0.032,0.0631,0.9341,1.142,8.7609,0.0,0
AUDUSD-M15,S1_BoxReclaim,NY0800,dev,89,0.5393,-0.0326,0.0675,-0.4779,0.8888,-2.9009,0.0,0
AUDUSD-M15,S1_BoxReclaim,NY0930,dev,172,0.5233,0.0097,0.0403,0.2287,1.0418,1.6724,0.0,0
AUDUSD-M15,S1_BoxReclaim,NY1000,dev,310,0.5226,0.0062,0.0274,0.2081,1.0299,1.9241,0.0,0
AUDUSD-M15,S1_BoxReclaim,NY1100,dev,342,0.4737,-0.0267,-0.0419,-1.0051,0.8749,-9.1445,0.0,0
AUDUSD-M15,S1_BoxReclaim,NY1300,dev,219,0.5251,-0.0053,0.0415,-0.1404,0.9775,-1.1703,0.0,0
AUDUSD-M15,S1_BoxReclaim,NY1400,dev,220,0.5045,-0.0293,0.0079,-0.7139,0.8919,-6.4493,0.0,0
AUDUSD-M15,S1_BoxReclaim,NY1800,dev,190,0.4737,-0.1172,-0.0715,-2.3695,0.6761,-22.2609,0.0,0
AUDUSD-M15,S1_BoxReclaim,TYO0900,dev,208,0.5048,-0.0407,0.0119,-0.9939,0.8483,-8.4608,0.0,0
AUDUSD-M15,S1_BoxReclaim,LON0800,oos,258,0.5,-0.0148,0.0019,-0.4176,0.9404,-3.8231,0.0,0
AUDUSD-M15,S1_BoxReclaim,NY0800,oos,71,0.5352,-0.0112,0.1053,-0.1416,0.9629,-0.7929,0.0,0
AUDUSD-M15,S1_BoxReclaim,NY0930,oos,182,0.489,-0.0322,-0.0185,-0.773,0.8721,-5.858,0.0,0
AUDUSD-M15,S1_BoxReclaim,NY1000,oos,183,0.5519,-0.0058,0.0652,-0.1473,0.9737,-1.069,0.0,0
AUDUSD-M15,S1_BoxReclaim,NY1100,oos,307,0.4984,-0.0193,0.0,-0.679,0.9092,-5.9225,0.0,0
AUDUSD-M15,S1_BoxReclaim,NY1300,oos,181,0.4807,-0.0605,-0.0234,-1.3381,0.7942,-10.9524,0.0,0
AUDUSD-M15,S1_BoxReclaim,NY1400,oos,161,0.528,0.0277,0.0888,0.6228,1.123,4.46,0.0,0
AUDUSD-M15,S1_BoxReclaim,NY1800,oos,223,0.5381,-0.0419,0.0851,-0.9319,0.8695,-9.353,0.0,0
AUDUSD-M15,S1_BoxReclaim,TYO0900,oos,207,0.5362,0.0005,0.0828,0.0106,1.0016,0.0979,0.0,0
AUDUSD-M15,S2_OpenExhaust,LON0800,dev,36,0.3889,-0.048,-0.2353,-0.3085,0.8908,-1.7273,0.0,0
AUDUSD-M15,S2_OpenExhaust,NY0800,dev,26,0.3846,-0.1059,-0.5005,-0.5368,0.7836,-2.7521,0.0,0
AUDUSD-M15,S2_OpenExhaust,NY0930,dev,48,0.5417,0.0549,0.0686,0.4221,1.1578,2.6366,0.0,0
AUDUSD-M15,S2_OpenExhaust,NY1000,dev,38,0.5789,0.084,0.1873,0.6019,1.2497,3.1906,0.0,0
AUDUSD-M15,S2_OpenExhaust,NY1100,dev,37,0.4324,-0.0229,-0.0791,-0.1353,0.9508,-0.8463,0.0,0
AUDUSD-M15,S2_OpenExhaust,NY1300,dev,28,0.4286,-0.114,-0.3475,-0.6722,0.7498,-3.1906,0.0,0
AUDUSD-M15,S2_OpenExhaust,NY1400,dev,38,0.5,0.0949,0.0546,0.5534,1.2292,3.606,0.0,0
AUDUSD-M15,S2_OpenExhaust,NY1800,dev,24,0.5417,0.0105,0.1202,0.0545,1.0246,0.251,0.0,0
AUDUSD-M15,S2_OpenExhaust,TYO0900,dev,36,0.4722,-0.0223,-0.2561,-0.1221,0.9531,-0.8014,0.0,0
AUDUSD-M15,S2_OpenExhaust,LON0800,oos,24,0.3333,-0.2204,-0.5779,-1.1267,0.5928,-5.2892,0.0,0
AUDUSD-M15,S2_OpenExhaust,NY0800,oos,33,0.3939,-0.1235,-1.0,-0.6877,0.7772,-4.0755,0.0,0
AUDUSD-M15,S2_OpenExhaust,NY0930,oos,49,0.3673,-0.2313,-0.459,-1.9608,0.5351,-11.3333,0.0,0
AUDUSD-M15,S2_OpenExhaust,NY1000,oos,30,0.4667,0.0227,-0.0294,0.1627,1.075,0.6809,0.0,0
AUDUSD-M15,S2_OpenExhaust,NY1100,oos,42,0.5,-0.0207,-0.1593,-0.1377,0.9545,-0.8686,0.0,0
AUDUSD-M15,S2_OpenExhaust,NY1300,oos,26,0.5385,0.2418,0.1735,1.0861,1.6439,6.288,0.0,0
AUDUSD-M15,S2_OpenExhaust,NY1400,oos,20,0.7,0.2705,0.2766,1.3429,2.177,5.41,0.0,0
AUDUSD-M15,S2_OpenExhaust,NY1800,oos,25,0.44,-0.0488,-1.0,-0.2144,0.9128,-1.2202,0.0,0
AUDUSD-M15,S2_OpenExhaust,TYO0900,oos,27,0.2593,-0.4112,-1.0,-2.7143,0.3391,-11.1024,0.0,0
AUDUSD-M15,S3_IBBreak,LON0800,dev,218,0.3899,0.0454,-0.1169,0.7653,1.1383,9.9041,0.0,0
AUDUSD-M15,S3_IBBreak,NY0800,dev,692,0.3916,-0.0078,-0.251,-0.2122,0.9814,-5.4105,0.0,0
AUDUSD-M15,S3_IBBreak,NY0930,dev,273,0.359,-0.0202,-0.1699,-0.4,0.9412,-5.5164,0.0,0
AUDUSD-M15,S3_IBBreak,NY1000,dev,157,0.4204,0.036,-0.0923,0.5654,1.1208,5.649,0.0,0
AUDUSD-M15,S3_IBBreak,NY1100,dev,98,0.4286,0.0441,-0.1395,0.4919,1.1317,4.3251,0.0,0
AUDUSD-M15,S3_IBBreak,NY1300,dev,328,0.3293,-0.1082,-0.2599,-2.2064,0.7456,-35.4873,0.0,0
AUDUSD-M15,S3_IBBreak,NY1400,dev,299,0.3545,-0.053,-0.254,-0.9471,0.8768,-15.8489,0.0,0
AUDUSD-M15,S3_IBBreak,NY1800,dev,668,0.3413,-0.0843,-0.277,-2.2302,0.8168,-56.308,0.0,0
AUDUSD-M15,S3_IBBreak,TYO0900,dev,526,0.3783,-0.0403,-0.1524,-1.1244,0.8823,-21.1769,0.0,0
AUDUSD-M15,S3_IBBreak,LON0800,oos,122,0.4262,0.0846,-0.0611,1.0721,1.2853,10.3211,0.0,0
AUDUSD-M15,S3_IBBreak,NY0800,oos,655,0.4015,0.0221,-0.2266,0.5558,1.0512,14.4729,0.0,0
AUDUSD-M15,S3_IBBreak,NY0930,oos,320,0.3844,-0.0529,-0.2091,-1.0829,0.864,-16.9434,0.0,0
AUDUSD-M15,S3_IBBreak,NY1000,oos,284,0.3838,-0.0465,-0.1535,-0.9578,0.8677,-13.2131,0.0,0
AUDUSD-M15,S3_IBBreak,NY1100,oos,84,0.3571,0.067,-0.0905,0.7301,1.2295,5.6294,0.0,0
AUDUSD-M15,S3_IBBreak,NY1300,oos,303,0.3432,-0.0739,-0.2614,-1.387,0.8271,-22.3945,0.0,0
AUDUSD-M15,S3_IBBreak,NY1400,oos,352,0.358,-0.1143,-0.2129,-2.5107,0.722,-40.2391,0.0,0
AUDUSD-M15,S3_IBBreak,NY1800,oos,556,0.3345,-0.0951,-0.3881,-2.257,0.8034,-52.8698,0.0,0
AUDUSD-M15,S3_IBBreak,TYO0900,oos,493,0.3448,-0.0737,-0.2037,-1.9028,0.8102,-36.3185,0.0,0
AUDUSD-M15,S4_OpenRetest,LON0800,dev,313,0.4377,-0.04,-0.3091,-0.6897,0.9175,-12.5157,0.0,0
AUDUSD-M15,S4_OpenRetest,NY0800,dev,386,0.4456,0.0058,-0.216,0.1113,1.0127,2.2392,0.0,0
AUDUSD-M15,S4_OpenRetest,NY0930,dev,329,0.4225,-0.0404,-0.251,-0.7144,0.9135,-13.2879,0.0,1
AUDUSD-M15,S4_OpenRetest,NY1000,dev,262,0.4733,0.0615,-0.0974,0.7506,1.1423,16.11,0.0,0
AUDUSD-M15,S4_OpenRetest,NY1100,dev,301,0.4219,-0.0621,-0.4136,-1.0449,0.8763,-18.7051,0.0,0
AUDUSD-M15,S4_OpenRetest,NY1300,dev,325,0.4462,-0.0074,-0.2425,-0.1226,0.9845,-2.3889,0.0,1
AUDUSD-M15,S4_OpenRetest,NY1400,dev,335,0.3612,-0.1555,-0.3883,-3.0078,0.6829,-52.1006,0.0,1
AUDUSD-M15,S4_OpenRetest,NY1800,dev,421,0.3919,-0.0551,-1.0,-1.0167,0.8974,-23.1794,0.0,0
AUDUSD-M15,S4_OpenRetest,TYO0900,dev,301,0.4286,-0.0312,-0.219,-0.5325,0.9335,-9.3886,0.0,0
AUDUSD-M15,S4_OpenRetest,LON0800,oos,235,0.4426,0.0227,-0.2266,0.3285,1.0486,5.3392,0.0,0
AUDUSD-M15,S4_OpenRetest,NY0800,oos,306,0.451,0.0187,-0.5385,0.2942,1.0368,5.7228,0.0,0
AUDUSD-M15,S4_OpenRetest,NY0930,oos,252,0.4087,-0.0673,-0.2181,-1.1578,0.8457,-16.9507,0.0,0
AUDUSD-M15,S4_OpenRetest,NY1000,oos,224,0.4598,0.0129,-0.1038,0.1971,1.0305,2.8859,0.0,0
AUDUSD-M15,S4_OpenRetest,NY1100,oos,202,0.4307,-0.0632,-0.2002,-0.9559,0.8576,-12.7713,0.0,0
AUDUSD-M15,S4_OpenRetest,NY1300,oos,255,0.4392,-0.0307,-0.2488,-0.4864,0.9346,-7.8244,0.0,0
AUDUSD-M15,S4_OpenRetest,NY1400,oos,257,0.4397,-0.0275,-0.1439,-0.4836,0.9315,-7.08,0.0,0
AUDUSD-M15,S4_OpenRetest,NY1800,oos,363,0.4656,0.0606,-0.2058,1.0456,1.1265,22.0124,0.0,0
AUDUSD-M15,S4_OpenRetest,TYO0900,oos,311,0.4598,0.023,-0.1704,0.3988,1.052,7.1551,0.0,0
AUDUSD-M15,S5_LevelSweep,LON0800,dev,152,0.5066,-0.0239,0.0286,-0.3248,0.94,-3.6372,0.0,0
AUDUSD-M15,S5_LevelSweep,NY0800,dev,199,0.4925,0.1333,-0.0332,1.8443,1.3482,26.5339,0.0,0
AUDUSD-M15,S5_LevelSweep,NY0930,dev,203,0.4975,0.0303,0.0,0.4711,1.0799,6.1465,0.0,0
AUDUSD-M15,S5_LevelSweep,NY1000,dev,171,0.4795,-0.009,-0.0718,-0.1211,0.9781,-1.5448,0.0,1
AUDUSD-M15,S5_LevelSweep,NY1100,dev,133,0.5338,0.0612,0.116,0.7244,1.1686,8.1417,0.0,1
AUDUSD-M15,S5_LevelSweep,NY1300,dev,95,0.3895,-0.1258,-0.3125,-1.3116,0.731,-11.9478,0.0,0
AUDUSD-M15,S5_LevelSweep,NY1400,dev,79,0.443,-0.0107,-0.0333,-0.106,0.9721,-0.8437,0.0,0
AUDUSD-M15,S5_LevelSweep,NY1800,dev,154,0.461,-0.0742,-0.1734,-0.9643,0.8374,-11.4217,0.0,0
AUDUSD-M15,S5_LevelSweep,TYO0900,dev,242,0.5124,0.0473,0.0184,0.7764,1.1248,11.4377,0.0,0
AUDUSD-M15,S5_LevelSweep,LON0800,oos,190,0.4526,-0.0908,-0.1723,-1.428,0.7871,-17.2545,0.0,0
AUDUSD-M15,S5_LevelSweep,NY0800,oos,161,0.4286,-0.0864,-0.346,-1.1238,0.8185,-13.9051,0.0,0
AUDUSD-M15,S5_LevelSweep,NY0930,oos,176,0.4034,-0.1436,-0.2395,-2.1441,0.6837,-25.2705,0.0,0
AUDUSD-M15,S5_LevelSweep,NY1000,oos,180,0.4444,-0.0324,-0.1032,-0.4779,0.9177,-5.8391,0.0,0
AUDUSD-M15,S5_LevelSweep,NY1100,oos,135,0.4444,-0.0624,-0.057,-0.7895,0.8532,-8.4244,0.0,0
AUDUSD-M15,S5_LevelSweep,NY1300,oos,89,0.4944,0.0076,-0.0215,0.0834,1.0217,0.6759,0.0,0
AUDUSD-M15,S5_LevelSweep,NY1400,oos,92,0.5217,0.1647,0.1241,1.7447,1.5362,15.1548,0.0,0
AUDUSD-M15,S5_LevelSweep,NY1800,oos,123,0.4634,0.0245,-0.182,0.2531,1.0548,3.0082,0.0,0
AUDUSD-M15,S5_LevelSweep,TYO0900,oos,218,0.5046,0.0466,0.0202,0.7166,1.1172,10.1666,0.0,0
USDCAD-M15,S1_BoxReclaim,LON0800,dev,256,0.4766,-0.0783,-0.0284,-2.079,0.7358,-20.036,0.0,0
USDCAD-M15,S1_BoxReclaim,NY0800,dev,100,0.57,0.0165,0.1482,0.2618,1.0615,1.6456,0.0,0
USDCAD-M15,S1_BoxReclaim,NY0930,dev,159,0.522,-0.0516,0.0159,-1.1431,0.8009,-8.2064,0.0,0
USDCAD-M15,S1_BoxReclaim,NY1000,dev,300,0.46,-0.063,-0.0802,-2.0157,0.7522,-18.9103,0.0,0
USDCAD-M15,S1_BoxReclaim,NY1100,dev,334,0.4731,-0.0143,-0.0212,-0.4909,0.9372,-4.7627,0.0,0
USDCAD-M15,S1_BoxReclaim,NY1300,dev,219,0.5297,-0.0045,0.0527,-0.1143,0.982,-0.9867,0.0,0
USDCAD-M15,S1_BoxReclaim,NY1400,dev,203,0.4828,-0.0471,-0.0269,-1.0446,0.8321,-9.5535,0.0,0
USDCAD-M15,S1_BoxReclaim,NY1800,dev,224,0.6205,0.0824,0.203,2.0074,1.3569,18.4675,0.0,0
USDCAD-M15,S1_BoxReclaim,TYO0900,dev,206,0.4854,-0.0113,-0.0269,-0.2808,0.955,-2.3232,0.0,0
USDCAD-M15,S1_BoxReclaim,LON0800,oos,235,0.5745,0.0457,0.1132,1.2564,1.2141,10.7327,0.0,0
USDCAD-M15,S1_BoxReclaim,NY0800,oos,67,0.5224,-0.0434,0.017,-0.5184,0.8682,-2.9058,0.0,0
USDCAD-M15,S1_BoxReclaim,NY0930,oos,156,0.4615,-0.0947,-0.0629,-1.9119,0.6989,-14.7749,0.0,0
USDCAD-M15,S1_BoxReclaim,NY1000,oos,182,0.5495,0.0262,0.0437,0.6514,1.1216,4.7644,0.0,0
USDCAD-M15,S1_BoxReclaim,NY1100,oos,257,0.4669,-0.0569,-0.0322,-1.7524,0.7652,-14.6316,0.0,0
USDCAD-M15,S1_BoxReclaim,NY1300,oos,191,0.4921,-0.022,-0.0074,-0.4914,0.922,-4.1974,0.0,0
USDCAD-M15,S1_BoxReclaim,NY1400,oos,168,0.494,-0.0365,-0.015,-0.8248,0.8581,-6.1382,0.0,0
USDCAD-M15,S1_BoxReclaim,NY1800,oos,236,0.5339,0.0154,0.0765,0.3967,1.0609,3.6388,0.0,0
USDCAD-M15,S1_BoxReclaim,TYO0900,oos,233,0.4936,-0.0308,-0.0102,-0.7793,0.8882,-7.1861,0.0,0
USDCAD-M15,S2_OpenExhaust,LON0800,dev,39,0.4615,-0.0034,-0.0759,-0.0227,0.9917,-0.1338,0.0,0
USDCAD-M15,S2_OpenExhaust,NY0800,dev,45,0.4667,-0.022,-0.3306,-0.1427,0.9541,-0.9895,0.0,0
USDCAD-M15,S2_OpenExhaust,NY0930,dev,38,0.4474,0.0338,-0.0744,0.2653,1.1143,1.2838,0.0,0
USDCAD-M15,S2_OpenExhaust,NY1000,dev,47,0.4894,0.0208,-0.0206,0.1882,1.0693,0.9795,0.0,0
USDCAD-M15,S2_OpenExhaust,NY1100,dev,27,0.4074,-0.0368,-0.2613,-0.2071,0.9128,-0.9948,0.0,0
USDCAD-M15,S2_OpenExhaust,NY1300,dev,32,0.5312,0.1669,0.2143,0.9236,1.4807,5.34,0.0,0
USDCAD-M15,S2_OpenExhaust,NY1400,dev,32,0.625,0.2117,0.3683,1.5258,1.9008,6.773,0.0,0
USDCAD-M15,S2_OpenExhaust,NY1800,dev,29,0.2759,-0.3771,-0.8412,-2.5445,0.3701,-10.9371,0.0,0
USDCAD-M15,S2_OpenExhaust,TYO0900,dev,34,0.3235,-0.1424,-0.2235,-1.186,0.6181,-4.8424,0.0,0
USDCAD-M15,S2_OpenExhaust,LON0800,oos,36,0.4444,-0.1124,-0.3014,-0.7319,0.7475,-4.0456,0.0,0
USDCAD-M15,S2_OpenExhaust,NY0800,oos,29,0.4138,-0.1394,-1.0,-0.7086,0.7496,-4.0439,0.0,0
USDCAD-M15,S2_OpenExhaust,NY0930,oos,31,0.4194,-0.1656,-0.2917,-1.1235,0.6292,-5.135,0.0,0
USDCAD-M15,S2_OpenExhaust,NY1000,oos,39,0.5897,0.2304,0.2051,1.8623,2.1687,8.9874,0.0,0
USDCAD-M15,S2_OpenExhaust,NY1100,oos,32,0.5938,0.3072,0.2565,1.697,2.0421,9.8299,0.0,0
USDCAD-M15,S2_OpenExhaust,NY1300,oos,36,0.3889,-0.2991,-1.0,-2.0896,0.4802,-10.7668,0.0,0
USDCAD-M15,S2_OpenExhaust,NY1400,oos,21,0.381,-0.3351,-0.2081,-2.0017,0.3571,-7.0369,0.0,0
USDCAD-M15,S2_OpenExhaust,NY1800,oos,19,0.4211,-0.1303,-1.0,-0.5541,0.7632,-2.4763,0.0,0
USDCAD-M15,S2_OpenExhaust,TYO0900,oos,28,0.5,0.1244,-0.0468,0.5909,1.2933,3.4833,0.0,0
USDCAD-M15,S3_IBBreak,LON0800,dev,256,0.3594,-0.0422,-0.201,-0.7592,0.8911,-10.8085,0.0,0
USDCAD-M15,S3_IBBreak,NY0800,dev,738,0.3794,-0.009,-0.2227,-0.2602,0.9773,-6.6394,0.0,0
USDCAD-M15,S3_IBBreak,NY0930,dev,296,0.3784,-0.0594,-0.214,-1.1816,0.8457,-17.569,0.0,0
USDCAD-M15,S3_IBBreak,NY1000,dev,178,0.4157,-0.0089,-0.1337,-0.1366,0.975,-1.5887,0.0,0
USDCAD-M15,S3_IBBreak,NY1100,dev,96,0.3333,-0.0801,-0.2221,-0.9227,0.786,-7.693,0.0,0
USDCAD-M15,S3_IBBreak,NY1300,dev,343,0.3557,-0.1106,-0.2996,-2.2953,0.7434,-37.9456,0.0,0
USDCAD-M15,S3_IBBreak,NY1400,dev,273,0.337,-0.1246,-0.325,-1.9509,0.7246,-34.0158,0.0,0
USDCAD-M15,S3_IBBreak,NY1800,dev,512,0.4004,-0.0009,-0.2386,-0.0214,0.9978,-0.4726,0.0,0
USDCAD-M15,S3_IBBreak,TYO0900,dev,469,0.3881,0.0176,-0.1282,0.425,1.0494,8.2651,0.0,0
USDCAD-M15,S3_IBBreak,LON0800,oos,135,0.4444,0.0741,-0.0828,1.0469,1.262,10.0075,0.0,0
USDCAD-M15,S3_IBBreak,NY0800,oos,705,0.3816,-0.0096,-0.2357,-0.2613,0.9773,-6.7786,0.0,0
USDCAD-M15,S3_IBBreak,NY0930,oos,274,0.4234,0.0325,-0.0828,0.5938,1.0913,8.9022,0.0,0
USDCAD-M15,S3_IBBreak,NY1000,oos,263,0.3574,-0.1127,-0.2286,-2.2141,0.7182,-29.6394,0.0,0
USDCAD-M15,S3_IBBreak,NY1100,oos,82,0.4146,0.1286,-0.1327,1.3599,1.4664,10.5447,0.0,0
USDCAD-M15,S3_IBBreak,NY1300,oos,283,0.3463,-0.0816,-0.2203,-1.5524,0.7993,-23.0921,0.0,0
USDCAD-M15,S3_IBBreak,NY1400,oos,319,0.3605,-0.0735,-0.2312,-1.5113,0.8139,-23.4416,0.0,0
USDCAD-M15,S3_IBBreak,NY1800,oos,405,0.3654,-0.0607,-0.3059,-1.2547,0.8649,-24.5829,0.0,0
USDCAD-M15,S3_IBBreak,TYO0900,oos,434,0.3871,-0.0432,-0.2476,-1.007,0.8912,-18.7495,0.0,0
USDCAD-M15,S4_OpenRetest,LON0800,dev,337,0.451,0.1072,-0.2361,1.5771,1.2279,36.1104,0.0,0
USDCAD-M15,S4_OpenRetest,NY0800,dev,369,0.458,0.0099,-0.2862,0.1814,1.021,3.6515,0.0,0
USDCAD-M15,S4_OpenRetest,NY0930,dev,307,0.4169,-0.0552,-0.2746,-0.964,0.8841,-16.9553,0.0,0
USDCAD-M15,S4_OpenRetest,NY1000,dev,281,0.4377,-0.0534,-0.3683,-0.8996,0.8867,-15.0142,0.0,0
USDCAD-M15,S4_OpenRetest,NY1100,dev,291,0.4674,0.0025,-0.3061,0.0413,1.0054,0.731,0.0,0
USDCAD-M15,S4_OpenRetest,NY1300,dev,340,0.4,-0.089,-0.3713,-1.64,0.8182,-30.2728,0.0,0
USDCAD-M15,S4_OpenRetest,NY1400,dev,310,0.3903,-0.1066,-0.2627,-1.8817,0.7733,-33.0396,0.0,1
USDCAD-M15,S4_OpenRetest,NY1800,dev,395,0.4456,-0.0051,-0.3594,-0.0959,0.9895,-2.0312,0.0,0
USDCAD-M15,S4_OpenRetest,TYO0900,dev,329,0.4377,-0.0261,-0.2123,-0.4722,0.9425,-8.5936,0.0,0
USDCAD-M15,S4_OpenRetest,LON0800,oos,240,0.4708,0.0596,-0.2548,0.8677,1.1298,14.3058,0.0,0
USDCAD-M15,S4_OpenRetest,NY0800,oos,355,0.4535,0.0642,-0.4244,1.0673,1.1285,22.7765,0.0,0
USDCAD-M15,S4_OpenRetest,NY0930,oos,268,0.4664,-0.0113,-0.0936,-0.1963,0.9728,-3.0364,0.0,0
USDCAD-M15,S4_OpenRetest,NY1000,oos,239,0.4477,0.0174,-0.155,0.2715,1.0402,4.1683,0.0,0
USDCAD-M15,S4_OpenRetest,NY1100,oos,182,0.4945,0.0696,-0.0304,0.9286,1.167,12.6662,0.0,0
USDCAD-M15,S4_OpenRetest,NY1300,oos,267,0.4345,-0.0687,-0.3298,-1.1256,0.8572,-18.3313,0.0,0
USDCAD-M15,S4_OpenRetest,NY1400,oos,283,0.4912,0.0498,-0.0147,0.9018,1.1351,14.0844,0.0,0
USDCAD-M15,S4_OpenRetest,NY1800,oos,329,0.4347,-0.0022,-0.8226,-0.0354,0.9958,-0.719,0.0,0
USDCAD-M15,S4_OpenRetest,TYO0900,oos,261,0.4674,0.034,-0.1142,0.55,1.0805,8.8667,0.0,0
USDCAD-M15,S5_LevelSweep,LON0800,dev,174,0.454,-0.0539,-0.1715,-0.7465,0.8787,-9.3829,0.0,0
USDCAD-M15,S5_LevelSweep,NY0800,dev,243,0.4156,-0.0537,-0.3123,-0.8437,0.8853,-13.0519,0.0,0
USDCAD-M15,S5_LevelSweep,NY0930,dev,232,0.4871,0.0253,-0.0753,0.4029,1.0624,5.8594,0.0,0
USDCAD-M15,S5_LevelSweep,NY1000,dev,218,0.5459,0.1418,0.1112,2.1795,1.4081,30.9157,0.0,0
USDCAD-M15,S5_LevelSweep,NY1100,dev,156,0.4231,-0.1133,-0.2485,-1.6318,0.7363,-17.6676,0.0,0
USDCAD-M15,S5_LevelSweep,NY1300,dev,110,0.4727,-0.0929,-0.0433,-1.0584,0.7883,-10.2143,0.0,0
USDCAD-M15,S5_LevelSweep,NY1400,dev,110,0.4273,-0.0651,-0.1817,-0.7979,0.8358,-7.1587,0.0,0
USDCAD-M15,S5_LevelSweep,NY1800,dev,67,0.4925,0.0966,-0.0095,0.7781,1.2369,6.4731,0.0,0
USDCAD-M15,S5_LevelSweep,TYO0900,dev,103,0.466,-0.0243,-0.0754,-0.2811,0.9374,-2.5015,0.0,0
USDCAD-M15,S5_LevelSweep,LON0800,oos,164,0.4451,0.039,-0.1079,0.5132,1.0966,6.4022,0.0,0
USDCAD-M15,S5_LevelSweep,NY0800,oos,203,0.4631,0.0192,-0.2235,0.2685,1.0435,3.888,0.0,0
USDCAD-M15,S5_LevelSweep,NY0930,oos,215,0.4605,0.0265,-0.1705,0.3927,1.0626,5.7072,0.0,0
USDCAD-M15,S5_LevelSweep,NY1000,oos,202,0.3861,-0.1537,-0.4159,-2.4031,0.6815,-31.0488,0.0,0
USDCAD-M15,S5_LevelSweep,NY1100,oos,169,0.432,-0.0893,-0.2356,-1.2832,0.7978,-15.0858,0.0,0
USDCAD-M15,S5_LevelSweep,NY1300,oos,120,0.5333,0.1336,0.0687,1.4846,1.3725,16.0298,0.0,0
USDCAD-M15,S5_LevelSweep,NY1400,oos,105,0.4762,0.0496,-0.0683,0.5121,1.121,5.2117,0.0,0
USDCAD-M15,S5_LevelSweep,NY1800,oos,67,0.4925,0.0754,-0.0509,0.6411,1.1987,5.0539,0.0,0
USDCAD-M15,S5_LevelSweep,TYO0900,oos,132,0.5,0.092,0.0226,1.1035,1.2516,12.145,0.0,0
USDCHF-M15,S1_BoxReclaim,LON0800,dev,260,0.5,-0.0182,0.0028,-0.541,0.9212,-4.7257,0.0,0
USDCHF-M15,S1_BoxReclaim,NY0800,dev,115,0.4348,-0.0729,-0.1053,-1.2502,0.7643,-8.3822,0.0,0
USDCHF-M15,S1_BoxReclaim,NY0930,dev,181,0.4751,-0.0785,-0.0511,-1.7587,0.7363,-14.2092,0.0,0
USDCHF-M15,S1_BoxReclaim,NY1000,dev,291,0.5223,0.0094,0.0221,0.297,1.0433,2.74,0.0,0
USDCHF-M15,S1_BoxReclaim,NY1100,dev,316,0.5285,0.0085,0.0425,0.284,1.0395,2.698,0.0,0
USDCHF-M15,S1_BoxReclaim,NY1300,dev,206,0.4806,-0.0491,-0.0382,-1.3336,0.796,-10.1047,0.0,0
USDCHF-M15,S1_BoxReclaim,NY1400,dev,237,0.5148,0.0204,0.0226,0.4764,1.0878,4.8287,0.0,0
USDCHF-M15,S1_BoxReclaim,NY1800,dev,246,0.5528,-0.0052,0.0611,-0.1335,0.9802,-1.2796,0.0,0
USDCHF-M15,S1_BoxReclaim,TYO0900,dev,234,0.5085,-0.0065,0.0267,-0.1682,0.9743,-1.5315,0.0,0
USDCHF-M15,S1_BoxReclaim,LON0800,oos,247,0.5142,-0.0057,0.0444,-0.1597,0.9757,-1.4014,0.0,0
USDCHF-M15,S1_BoxReclaim,NY0800,oos,84,0.5952,0.0745,0.2063,1.0816,1.311,6.2579,0.0,0
USDCHF-M15,S1_BoxReclaim,NY0930,oos,134,0.4925,-0.0177,-0.0234,-0.3354,0.9364,-2.3712,0.0,0
USDCHF-M15,S1_BoxReclaim,NY1000,oos,172,0.4942,-0.0223,-0.0084,-0.5504,0.905,-3.8388,0.0,0
USDCHF-M15,S1_BoxReclaim,NY1100,oos,300,0.53,0.0025,0.0333,0.0851,1.0121,0.7625,0.0,0
USDCHF-M15,S1_BoxReclaim,NY1300,oos,208,0.5096,-0.0139,0.0156,-0.3552,0.9432,-2.8844,0.0,0
USDCHF-M15,S1_BoxReclaim,NY1400,oos,177,0.4802,-0.0207,-0.0179,-0.4872,0.9109,-3.6664,0.0,0
USDCHF-M15,S1_BoxReclaim,NY1800,oos,269,0.461,-0.0646,-0.0381,-1.9722,0.7474,-17.3676,0.0,0
USDCHF-M15,S1_BoxReclaim,TYO0900,oos,205,0.5122,0.0186,0.041,0.4533,1.0765,3.8154,0.0,0
USDCHF-M15,S2_OpenExhaust,LON0800,dev,36,0.6111,0.169,0.2755,1.0273,1.4785,6.0826,0.0,0
USDCHF-M15,S2_OpenExhaust,NY0800,dev,36,0.3611,-0.1555,-1.0,-0.8458,0.7369,-5.5993,0.0,0
USDCHF-M15,S2_OpenExhaust,NY0930,dev,25,0.36,-0.3557,-0.6903,-2.5319,0.3247,-8.8923,0.0,0
USDCHF-M15,S2_OpenExhaust,NY1000,dev,25,0.44,0.1995,-0.0868,1.0048,1.7321,4.9864,0.0,0
USDCHF-M15,S2_OpenExhaust,NY1100,dev,37,0.4865,-0.0301,-0.0958,-0.1951,0.9307,-1.1138,0.0,0
USDCHF-M15,S2_OpenExhaust,NY1300,dev,44,0.3864,-0.168,-0.4092,-1.1517,0.6622,-7.3899,0.0,0
USDCHF-M15,S2_OpenExhaust,NY1400,dev,28,0.5,0.0183,-0.0403,0.1093,1.0521,0.5127,0.0,0
USDCHF-M15,S2_OpenExhaust,NY1800,dev,20,0.45,-0.0391,-0.2562,-0.1872,0.912,-0.7821,0.0,0
USDCHF-M15,S2_OpenExhaust,TYO0900,dev,27,0.5185,0.1687,0.0349,0.863,1.5071,4.5555,0.0,0
USDCHF-M15,S2_OpenExhaust,LON0800,oos,32,0.4688,-0.1022,-0.2506,-0.6424,0.7792,-3.2697,0.0,0
USDCHF-M15,S2_OpenExhaust,NY0800,oos,25,0.44,0.1601,-0.0964,0.7354,1.4022,4.0019,0.0,0
USDCHF-M15,S2_OpenExhaust,NY0930,oos,27,0.5556,0.2235,0.1888,1.3779,1.8762,6.0355,0.0,0
USDCHF-M15,S2_OpenExhaust,NY1000,oos,23,0.2609,-0.4041,-0.6375,-2.7824,0.2554,-9.2935,0.0,0
USDCHF-M15,S2_OpenExhaust,NY1100,oos,31,0.5161,0.1038,0.5489,0.6245,1.2701,3.2191,0.0,0
USDCHF-M15,S2_OpenExhaust,NY1300,oos,32,0.4688,-0.0628,-0.1408,-0.4048,0.8521,-2.0089,0.0,0
USDCHF-M15,S2_OpenExhaust,NY1400,oos,25,0.56,-0.0177,0.2755,-0.074,0.9608,-0.4422,0.0,1
USDCHF-M15,S2_OpenExhaust,NY1800,oos,10,0.3,-0.4732,-1.0,-1.7394,0.324,-4.7319,0.0,0
USDCHF-M15,S2_OpenExhaust,TYO0900,oos,24,0.4167,-0.1553,-1.0,-0.6979,0.7203,-3.7265,0.0,0
USDCHF-M15,S3_IBBreak,LON0800,dev,249,0.3534,-0.0603,-0.2319,-1.0871,0.8463,-15.0174,0.0,0
USDCHF-M15,S3_IBBreak,NY0800,dev,638,0.3699,-0.0302,-0.2253,-0.8102,0.9264,-19.2895,0.0,0
USDCHF-M15,S3_IBBreak,NY0930,dev,273,0.37,-0.0193,-0.2169,-0.3594,0.9487,-5.2799,0.0,0
USDCHF-M15,S3_IBBreak,NY1000,dev,147,0.3265,-0.0869,-0.1914,-1.3188,0.7627,-12.767,0.0,0
USDCHF-M15,S3_IBBreak,NY1100,dev,97,0.433,0.128,-0.098,1.4745,1.4653,12.4186,0.0,0
USDCHF-M15,S3_IBBreak,NY1300,dev,327,0.3547,-0.1117,-0.1929,-2.4535,0.713,-36.5218,0.0,0
USDCHF-M15,S3_IBBreak,NY1400,dev,304,0.3026,-0.2136,-0.3174,-3.1745,0.5674,-64.9283,0.0,2
USDCHF-M15,S3_IBBreak,NY1800,dev,550,0.3491,-0.0764,-0.2808,-1.857,0.8309,-42.0232,0.0,0
USDCHF-M15,S3_IBBreak,TYO0900,dev,434,0.3571,-0.0942,-0.2635,-2.2782,0.7668,-40.8972,0.0,0
USDCHF-M15,S3_IBBreak,LON0800,oos,175,0.36,-0.0069,-0.1348,-0.1043,0.9803,-1.203,0.0,0
USDCHF-M15,S3_IBBreak,NY0800,oos,623,0.3772,-0.0243,-0.2304,-0.6186,0.9442,-15.1087,0.0,0
USDCHF-M15,S3_IBBreak,NY0930,oos,339,0.4189,0.039,-0.1534,0.7991,1.1099,13.2109,0.0,0
USDCHF-M15,S3_IBBreak,NY1000,oos,295,0.3559,-0.0728,-0.1818,-1.5456,0.7997,-21.4796,0.0,0
USDCHF-M15,S3_IBBreak,NY1100,oos,69,0.4058,-0.0748,-0.2075,-0.7583,0.7995,-5.1641,0.0,0
USDCHF-M15,S3_IBBreak,NY1300,oos,256,0.4336,0.0576,-0.1374,0.9945,1.1605,14.7374,0.0,0
USDCHF-M15,S3_IBBreak,NY1400,oos,322,0.3602,-0.1026,-0.2365,-2.1845,0.7437,-33.0486,0.0,0
USDCHF-M15,S3_IBBreak,NY1800,oos,338,0.3728,-0.0036,-0.1893,-0.0695,0.991,-1.216,0.0,0
USDCHF-M15,S3_IBBreak,TYO0900,oos,405,0.3877,0.0095,-0.1739,0.2102,1.0257,3.849,0.0,0
USDCHF-M15,S4_OpenRetest,LON0800,dev,294,0.3844,-0.1029,-0.6699,-1.7115,0.8023,-30.2583,0.0,0
USDCHF-M15,S4_OpenRetest,NY0800,dev,356,0.4017,-0.0531,-0.4681,-0.9492,0.8951,-18.9149,0.0,0
USDCHF-M15,S4_OpenRetest,NY0930,dev,341,0.437,-0.0044,-0.1387,-0.0828,0.9898,-1.5082,0.0,0
USDCHF-M15,S4_OpenRetest,NY1000,dev,301,0.4286,-0.0396,-0.2784,-0.695,0.9137,-11.9155,0.0,0
USDCHF-M15,S4_OpenRetest,NY1100,dev,281,0.4093,-0.0598,-0.335,-0.9828,0.8765,-16.812,0.0,0
USDCHF-M15,S4_OpenRetest,NY1300,dev,301,0.3688,-0.133,-0.4334,-2.4202,0.7315,-40.0479,0.0,0
USDCHF-M15,S4_OpenRetest,NY1400,dev,324,0.4043,-0.1834,-0.2479,-3.3812,0.6139,-59.4168,0.0,2
USDCHF-M15,S4_OpenRetest,NY1800,dev,368,0.4348,-0.0021,-0.3712,-0.0371,0.9958,-0.7647,0.0,0
USDCHF-M15,S4_OpenRetest,TYO0900,dev,320,0.4188,-0.024,-0.2313,-0.4246,0.947,-7.6735,0.0,0
USDCHF-M15,S4_OpenRetest,LON0800,oos,236,0.4703,0.0422,-0.2053,0.6095,1.0904,9.9671,0.0,0
USDCHF-M15,S4_OpenRetest,NY0800,oos,305,0.4262,-0.0173,-0.6686,-0.2747,0.9668,-5.2643,0.0,0
USDCHF-M15,S4_OpenRetest,NY0930,oos,304,0.4803,0.006,-0.0568,0.1118,1.0148,1.8239,0.0,0
USDCHF-M15,S4_OpenRetest,NY1000,oos,220,0.4227,-0.0897,-0.3435,-1.3906,0.8102,-19.7248,0.0,0
USDCHF-M15,S4_OpenRetest,NY1100,oos,215,0.5163,0.1331,0.1277,1.8203,1.313,28.6077,0.0,0
USDCHF-M15,S4_OpenRetest,NY1300,oos,244,0.4262,-0.0244,-0.182,-0.3729,0.9456,-5.9632,0.0,0
USDCHF-M15,S4_OpenRetest,NY1400,oos,260,0.4192,-0.0107,-0.1132,-0.1498,0.9742,-2.7714,0.0,1
USDCHF-M15,S4_OpenRetest,NY1800,oos,256,0.4375,0.08,-0.198,1.1774,1.1754,20.4675,0.0,0
USDCHF-M15,S4_OpenRetest,TYO0900,oos,248,0.4839,0.0722,-0.0607,1.1197,1.1727,17.8986,0.0,0
USDCHF-M15,S5_LevelSweep,LON0800,dev,213,0.4272,-0.0529,-0.2002,-0.8154,0.8792,-11.2698,0.0,0
USDCHF-M15,S5_LevelSweep,NY0800,dev,233,0.3691,-0.1542,-0.4576,-2.4011,0.6999,-35.9332,0.0,0
USDCHF-M15,S5_LevelSweep,NY0930,dev,235,0.3745,-0.1046,-0.2855,-1.6918,0.7775,-24.5849,0.0,0
USDCHF-M15,S5_LevelSweep,NY1000,dev,214,0.4579,-0.0197,-0.1299,-0.3075,0.9529,-4.211,0.0,0
USDCHF-M15,S5_LevelSweep,NY1100,dev,138,0.5507,0.1677,0.1181,2.1387,1.5407,23.1435,0.0,0
USDCHF-M15,S5_LevelSweep,NY1300,dev,126,0.4286,-0.1224,-0.1496,-1.6566,0.7082,-15.4262,0.0,0
USDCHF-M15,S5_LevelSweep,NY1400,dev,95,0.5053,0.0234,0.0057,0.2765,1.0711,2.22,0.0,0
USDCHF-M15,S5_LevelSweep,NY1800,dev,86,0.4884,0.0443,-0.0655,0.4227,1.1099,3.8139,0.0,0
USDCHF-M15,S5_LevelSweep,TYO0900,dev,109,0.578,0.0541,0.1464,0.6977,1.1753,5.8951,0.0,0
USDCHF-M15,S5_LevelSweep,LON0800,oos,231,0.4372,-0.0566,-0.239,-0.9047,0.8731,-13.0656,0.0,0
USDCHF-M15,S5_LevelSweep,NY0800,oos,208,0.4327,-0.0059,-0.2598,-0.0834,0.9873,-1.2215,0.0,0
USDCHF-M15,S5_LevelSweep,NY0930,oos,216,0.5139,0.1293,0.0752,1.8868,1.3332,27.9232,0.0,0
USDCHF-M15,S5_LevelSweep,NY1000,oos,196,0.5255,0.1298,0.0842,1.8669,1.355,25.447,0.0,0
USDCHF-M15,S5_LevelSweep,NY1100,oos,155,0.4645,-0.0287,-0.1255,-0.4115,0.9253,-4.447,0.0,0
USDCHF-M15,S5_LevelSweep,NY1300,oos,105,0.419,-0.0093,-0.1094,-0.0966,0.9779,-0.9714,0.0,0
USDCHF-M15,S5_LevelSweep,NY1400,oos,81,0.4074,-0.0718,-0.2722,-0.7009,0.8353,-5.8149,0.0,0
USDCHF-M15,S5_LevelSweep,NY1800,oos,74,0.473,0.0989,-0.037,0.9558,1.3326,7.3222,0.0,0
USDCHF-M15,S5_LevelSweep,TYO0900,oos,98,0.4694,0.0409,-0.0171,0.4458,1.1143,4.0037,0.0,0
EURJPY-M15,S1_BoxReclaim,LON0800,dev,278,0.5324,0.0364,0.0815,1.1296,1.1755,10.1217,0.0,0
EURJPY-M15,S1_BoxReclaim,NY0800,dev,96,0.5,-0.0204,0.0139,-0.3237,0.926,-1.9594,0.0,0
EURJPY-M15,S1_BoxReclaim,NY0930,dev,215,0.507,0.0048,0.0106,0.1324,1.0223,1.0253,0.0,0
EURJPY-M15,S1_BoxReclaim,NY1000,dev,330,0.4424,-0.0366,-0.0548,-1.2766,0.8421,-12.0634,0.0,0
EURJPY-M15,S1_BoxReclaim,NY1100,dev,337,0.5401,0.0021,0.0268,0.0717,1.0096,0.6959,0.0,0
EURJPY-M15,S1_BoxReclaim,NY1300,dev,258,0.5155,-0.067,0.0332,-1.5603,0.7694,-17.2744,0.0,1
EURJPY-M15,S1_BoxReclaim,NY1400,dev,224,0.4554,-0.0641,-0.0685,-1.5382,0.7728,-14.3548,0.0,1
EURJPY-M15,S1_BoxReclaim,NY1800,dev,260,0.5154,-0.0208,0.0285,-0.5328,0.9264,-5.3958,0.0,0
EURJPY-M15,S1_BoxReclaim,TYO0900,dev,273,0.4579,-0.0301,-0.0193,-0.927,0.8703,-8.2191,0.0,0
EURJPY-M15,S1_BoxReclaim,LON0800,oos,254,0.5354,-0.0025,0.0346,-0.0723,0.989,-0.6272,0.0,0
EURJPY-M15,S1_BoxReclaim,NY0800,oos,83,0.5181,-0.016,0.0619,-0.2223,0.9455,-1.3262,0.0,0
EURJPY-M15,S1_BoxReclaim,NY0930,oos,180,0.4556,-0.0868,-0.0661,-1.9245,0.7134,-15.6204,0.0,0
EURJPY-M15,S1_BoxReclaim,NY1000,oos,208,0.5,-0.0155,0.003,-0.4019,0.9363,-3.2264,0.0,0
EURJPY-M15,S1_BoxReclaim,NY1100,oos,305,0.4984,-0.0092,0.0,-0.3396,0.9527,-2.806,0.0,0
EURJPY-M15,S1_BoxReclaim,NY1300,oos,219,0.5114,-0.0305,0.032,-0.7511,0.8887,-6.6821,0.0,0
EURJPY-M15,S1_BoxReclaim,NY1400,oos,190,0.5,-0.0274,0.0036,-0.5785,0.895,-5.2086,0.0,1
EURJPY-M15,S1_BoxReclaim,NY1800,oos,249,0.5382,-0.0398,0.0752,-0.995,0.8651,-9.9069,0.0,0
EURJPY-M15,S1_BoxReclaim,TYO0900,oos,253,0.5138,-0.0332,0.0204,-0.9811,0.8578,-8.3922,0.0,0
EURJPY-M15,S2_OpenExhaust,LON0800,dev,27,0.3704,-0.2496,-1.0,-1.337,0.5662,-6.7388,0.0,0
EURJPY-M15,S2_OpenExhaust,NY0800,dev,35,0.4857,0.0703,-0.1524,0.4296,1.1786,2.4596,0.0,0
EURJPY-M15,S2_OpenExhaust,NY0930,dev,42,0.619,0.1811,0.1832,1.3346,1.6552,7.6061,0.0,0
EURJPY-M15,S2_OpenExhaust,NY1000,dev,31,0.5484,0.2179,0.1774,1.2901,1.8018,6.7547,0.0,0
EURJPY-M15,S2_OpenExhaust,NY1100,dev,37,0.4865,-0.0816,-0.0879,-0.4819,0.8331,-3.0181,0.0,0
EURJPY-M15,S2_OpenExhaust,NY1300,dev,31,0.4839,-0.02,-0.0118,-0.1088,0.9538,-0.6198,0.0,0
EURJPY-M15,S2_OpenExhaust,NY1400,dev,19,0.5263,0.0153,0.0178,0.0762,1.0429,0.2908,0.0,0
EURJPY-M15,S2_OpenExhaust,NY1800,dev,27,0.5556,0.2073,0.2476,1.117,1.6573,5.5971,0.0,0
EURJPY-M15,S2_OpenExhaust,TYO0900,dev,24,0.4167,-0.1912,-0.2308,-1.2466,0.5448,-4.5893,0.0,0
EURJPY-M15,S2_OpenExhaust,LON0800,oos,25,0.44,-0.0703,-0.3062,-0.3449,0.8518,-1.7587,0.0,0
EURJPY-M15,S2_OpenExhaust,NY0800,oos,23,0.5652,0.2514,0.0773,1.0563,1.6388,5.7818,0.0,0
EURJPY-M15,S2_OpenExhaust,NY0930,oos,29,0.4138,-0.1588,-0.5263,-0.974,0.6684,-4.6045,0.0,0
EURJPY-M15,S2_OpenExhaust,NY1000,oos,33,0.4848,-0.1078,-0.0881,-0.8602,0.6948,-3.5569,0.0,0
EURJPY-M15,S2_OpenExhaust,NY1100,oos,28,0.4643,-0.1383,-0.1265,-0.9102,0.6588,-3.8734,0.0,0
EURJPY-M15,S2_OpenExhaust,NY1300,oos,28,0.3929,-0.2539,-0.5099,-1.6946,0.4933,-7.1086,0.0,0
EURJPY-M15,S2_OpenExhaust,NY1400,oos,16,0.375,0.0338,-0.1919,0.1585,1.1057,0.5414,0.0,0
EURJPY-M15,S2_OpenExhaust,NY1800,oos,24,0.375,0.0504,-0.8568,0.1901,1.0933,1.2099,0.0,0
EURJPY-M15,S2_OpenExhaust,TYO0900,oos,26,0.5385,0.0972,0.1836,0.614,1.3235,2.5281,0.0,0
EURJPY-M15,S3_IBBreak,LON0800,dev,159,0.3522,-0.0468,-0.191,-0.7022,0.8694,-7.438,0.0,0
EURJPY-M15,S3_IBBreak,NY0800,dev,631,0.3756,0.0005,-0.2396,0.0128,1.0012,0.3184,0.0,0
EURJPY-M15,S3_IBBreak,NY0930,dev,151,0.4371,0.0767,-0.1651,1.0599,1.2291,11.58,0.0,0
EURJPY-M15,S3_IBBreak,NY1000,dev,87,0.4943,0.1583,-0.0609,1.5893,1.5144,13.7736,0.0,0
EURJPY-M15,S3_IBBreak,NY1100,dev,84,0.3214,-0.1519,-0.3078,-1.588,0.6588,-12.759,0.0,0
EURJPY-M15,S3_IBBreak,NY1300,dev,290,0.3621,-0.017,-0.189,-0.3205,0.9554,-4.9163,0.0,0
EURJPY-M15,S3_IBBreak,NY1400,dev,294,0.3571,-0.0539,-0.2817,-0.8661,0.8761,-15.8568,0.0,0
EURJPY-M15,S3_IBBreak,NY1800,dev,582,0.3729,-0.0061,-0.329,-0.1432,0.9866,-3.5783,0.0,0
EURJPY-M15,S3_IBBreak,TYO0900,dev,320,0.4344,0.1109,-0.0991,2.1846,1.3499,35.486,0.0,0
EURJPY-M15,S3_IBBreak,LON0800,oos,120,0.3833,-0.0015,-0.051,-0.0222,0.9944,-0.1815,0.0,0
EURJPY-M15,S3_IBBreak,NY0800,oos,602,0.3721,0.0007,-0.2558,0.0168,1.0016,0.4045,0.0,0
EURJPY-M15,S3_IBBreak,NY0930,oos,264,0.4242,0.0534,-0.1259,0.9517,1.1525,14.0976,0.0,0
EURJPY-M15,S3_IBBreak,NY1000,oos,225,0.3822,-0.011,-0.1632,-0.2004,0.967,-2.4778,0.0,0
EURJPY-M15,S3_IBBreak,NY1100,oos,58,0.4483,0.0344,-0.0702,0.3705,1.1446,1.9935,0.0,0
EURJPY-M15,S3_IBBreak,NY1300,oos,246,0.3537,-0.102,-0.2751,-1.7866,0.762,-25.0801,0.0,0
EURJPY-M15,S3_IBBreak,NY1400,oos,332,0.3524,-0.0834,-0.2725,-1.6552,0.8073,-27.6847,0.0,0
EURJPY-M15,S3_IBBreak,NY1800,oos,473,0.3848,0.0086,-0.2692,0.1796,1.019,4.0633,0.0,0
EURJPY-M15,S3_IBBreak,TYO0900,oos,334,0.3862,-0.0264,-0.2004,-0.5568,0.9277,-8.8269,0.0,0
EURJPY-M15,S4_OpenRetest,LON0800,dev,313,0.4153,-0.0332,-0.3636,-0.5593,0.933,-10.3822,0.0,0
EURJPY-M15,S4_OpenRetest,NY0800,dev,375,0.4267,-0.0041,-0.3808,-0.0743,0.9917,-1.5382,0.0,0
EURJPY-M15,S4_OpenRetest,NY0930,dev,311,0.4405,-0.0359,-0.276,-0.6263,0.9236,-11.1674,0.0,0
EURJPY-M15,S4_OpenRetest,NY1000,dev,273,0.4725,0.0424,-0.153,0.6902,1.0981,11.5885,0.0,0
EURJPY-M15,S4_OpenRetest,NY1100,dev,293,0.4334,-0.0099,-0.3219,-0.1624,0.9793,-2.8958,0.0,0
EURJPY-M15,S4_OpenRetest,NY1300,dev,322,0.4596,0.0154,-0.0984,0.2533,1.0342,4.9679,0.0,1
EURJPY-M15,S4_OpenRetest,NY1400,dev,362,0.3923,-0.0795,-0.2685,-1.4826,0.8287,-28.7647,0.0,1
EURJPY-M15,S4_OpenRetest,NY1800,dev,431,0.4548,0.056,-0.1431,1.0876,1.1222,24.1181,0.0,0
EURJPY-M15,S4_OpenRetest,TYO0900,dev,289,0.4706,0.0622,-0.0959,1.0294,1.1456,17.9752,0.0,0
EURJPY-M15,S4_OpenRetest,LON0800,oos,239,0.41,-0.0725,-0.4626,-1.0998,0.8549,-17.3182,0.0,0
EURJPY-M15,S4_OpenRetest,NY0800,oos,302,0.4503,0.0292,-0.2809,0.4706,1.0605,8.832,0.0,0
EURJPY-M15,S4_OpenRetest,NY0930,oos,256,0.4336,-0.0306,-0.1169,-0.5324,0.9258,-7.8218,0.0,0
EURJPY-M15,S4_OpenRetest,NY1000,oos,241,0.473,0.0766,-0.0818,1.2016,1.1924,18.4567,0.0,0
EURJPY-M15,S4_OpenRetest,NY1100,oos,236,0.428,-0.0456,-0.2764,-0.7004,0.9016,-10.7658,0.0,0
EURJPY-M15,S4_OpenRetest,NY1300,oos,285,0.414,-0.062,-0.3675,-0.9144,0.8737,-17.6736,0.0,0
EURJPY-M15,S4_OpenRetest,NY1400,oos,269,0.4424,0.0426,-0.1099,0.5267,1.109,11.4718,0.0,1
EURJPY-M15,S4_OpenRetest,NY1800,oos,321,0.4393,0.0008,-0.3877,0.0131,1.0016,0.253,0.0,0
EURJPY-M15,S4_OpenRetest,TYO0900,oos,255,0.4549,-0.0063,-0.1533,-0.1021,0.9855,-1.5938,0.0,0
EURJPY-M15,S5_LevelSweep,LON0800,dev,196,0.5,0.0238,-0.0029,0.3582,1.0605,4.6739,0.0,0
EURJPY-M15,S5_LevelSweep,NY0800,dev,179,0.4637,-0.0721,-0.1368,-1.0275,0.8378,-12.8998,0.0,0
EURJPY-M15,S5_LevelSweep,NY0930,dev,191,0.445,0.0655,-0.1268,0.9348,1.1713,12.5182,0.0,0
EURJPY-M15,S5_LevelSweep,NY1000,dev,164,0.3902,-0.0332,-0.2032,-0.4456,0.922,-5.444,0.0,0
EURJPY-M15,S5_LevelSweep,NY1100,dev,125,0.4,-0.125,-0.3092,-1.6137,0.7128,-15.6221,0.0,0
EURJPY-M15,S5_LevelSweep,NY1300,dev,119,0.5546,0.0965,0.0681,1.1742,1.2913,11.4806,0.0,0
EURJPY-M15,S5_LevelSweep,NY1400,dev,94,0.4468,-0.0171,-0.1541,-0.1678,0.9609,-1.6097,0.0,0
EURJPY-M15,S5_LevelSweep,NY1800,dev,131,0.5344,0.1046,0.2144,1.2233,1.2716,13.7065,0.0,0
EURJPY-M15,S5_LevelSweep,TYO0900,dev,175,0.5371,0.0794,0.0722,1.139,1.223,13.8897,0.0,0
EURJPY-M15,S5_LevelSweep,LON0800,oos,213,0.4038,-0.1226,-0.2675,-1.9884,0.7317,-26.1147,0.0,0
EURJPY-M15,S5_LevelSweep,NY0800,oos,191,0.4188,-0.0929,-0.3949,-1.2963,0.8128,-17.7477,0.0,0
EURJPY-M15,S5_LevelSweep,NY0930,oos,182,0.5,0.095,-0.0053,1.3547,1.2635,17.2855,0.0,0
EURJPY-M15,S5_LevelSweep,NY1000,oos,176,0.5,0.0578,-0.005,0.8037,1.1487,10.1706,0.0,0
EURJPY-M15,S5_LevelSweep,NY1100,oos,120,0.5,0.0732,-0.0057,0.897,1.2135,8.7815,0.0,0
EURJPY-M15,S5_LevelSweep,NY1300,oos,75,0.44,-0.0783,-0.4545,-0.6766,0.8414,-5.8748,0.0,0
EURJPY-M15,S5_LevelSweep,NY1400,oos,90,0.4778,0.099,-0.043,0.9779,1.271,8.9144,0.0,0
EURJPY-M15,S5_LevelSweep,NY1800,oos,97,0.4639,0.0455,-0.1815,0.4385,1.1059,4.4183,0.0,0
EURJPY-M15,S5_LevelSweep,TYO0900,oos,166,0.4518,-0.0189,-0.1,-0.2694,0.9519,-3.1311,0.0,0
GBPJPY-M15,S1_BoxReclaim,LON0800,dev,252,0.5516,0.0302,0.0831,0.8224,1.1317,7.6138,0.0,0
GBPJPY-M15,S1_BoxReclaim,NY0800,dev,109,0.5596,0.0183,0.1028,0.2994,1.0684,1.9902,0.0,0
GBPJPY-M15,S1_BoxReclaim,NY0930,dev,207,0.4783,-0.049,-0.0242,-1.2304,0.8162,-10.1452,0.0,0
GBPJPY-M15,S1_BoxReclaim,NY1000,dev,294,0.4762,-0.0392,-0.0364,-1.2218,0.8431,-11.5178,0.0,0
GBPJPY-M15,S1_BoxReclaim,NY1100,dev,346,0.4827,-0.022,-0.0236,-0.7633,0.9048,-7.6286,0.0,0
GBPJPY-M15,S1_BoxReclaim,NY1300,dev,251,0.51,-0.0174,0.0303,-0.4742,0.9291,-4.3701,0.0,0
GBPJPY-M15,S1_BoxReclaim,NY1400,dev,206,0.5194,0.0204,0.02,0.4726,1.0876,4.207,0.0,0
GBPJPY-M15,S1_BoxReclaim,NY1800,dev,208,0.5673,0.0395,0.1314,0.9053,1.1535,8.2075,0.0,0
GBPJPY-M15,S1_BoxReclaim,TYO0900,dev,261,0.5326,0.0236,0.0342,0.7444,1.1201,6.1685,0.0,0
GBPJPY-M15,S1_BoxReclaim,LON0800,oos,269,0.4498,-0.0649,-0.0667,-1.7854,0.7747,-17.4584,0.0,0
GBPJPY-M15,S1_BoxReclaim,NY0800,oos,85,0.6235,0.0975,0.1265,1.6416,1.5257,8.2847,0.0,0
GBPJPY-M15,S1_BoxReclaim,NY0930,oos,177,0.548,0.0255,0.0776,0.5858,1.1079,4.5154,0.0,0
GBPJPY-M15,S1_BoxReclaim,NY1000,oos,197,0.4822,-0.0008,-0.0082,-0.021,0.9964,-0.1556,0.0,0
GBPJPY-M15,S1_BoxReclaim,NY1100,oos,292,0.4863,-0.0052,-0.0079,-0.1815,0.9742,-1.5157,0.0,0
GBPJPY-M15,S1_BoxReclaim,NY1300,oos,236,0.5805,0.0624,0.0797,1.6713,1.2925,14.7235,0.0,0
GBPJPY-M15,S1_BoxReclaim,NY1400,oos,202,0.5347,0.0102,0.0389,0.2431,1.0426,2.0637,0.0,0
GBPJPY-M15,S1_BoxReclaim,NY1800,oos,272,0.5,-0.0603,0.0053,-1.6051,0.796,-16.4055,0.0,0
GBPJPY-M15,S1_BoxReclaim,TYO0900,oos,250,0.564,0.0654,0.0998,2.0626,1.3731,16.3499,0.0,0
GBPJPY-M15,S2_OpenExhaust,LON0800,dev,39,0.3077,-0.3484,-1.0,-2.6726,0.3913,-13.5877,0.0,0
GBPJPY-M15,S2_OpenExhaust,NY0800,dev,29,0.3793,-0.1186,-0.3809,-0.6803,0.7569,-3.44,0.0,0
GBPJPY-M15,S2_OpenExhaust,NY0930,dev,29,0.4483,-0.0723,-0.0654,-0.4953,0.7983,-2.0964,0.0,0
GBPJPY-M15,S2_OpenExhaust,NY1000,dev,36,0.2778,-0.2854,-0.4867,-2.2593,0.4203,-10.2755,0.0,0
GBPJPY-M15,S2_OpenExhaust,NY1100,dev,25,0.32,-0.1589,-1.0,-0.7353,0.71,-3.9733,0.0,0
GBPJPY-M15,S2_OpenExhaust,NY1300,dev,22,0.5909,0.1297,0.4725,0.6359,1.3451,2.8528,0.0,0
GBPJPY-M15,S2_OpenExhaust,NY1400,dev,24,0.5417,0.1273,0.2354,0.69,1.3905,3.0558,0.0,0
GBPJPY-M15,S2_OpenExhaust,NY1800,dev,19,0.4737,-0.1706,-0.211,-0.8859,0.6218,-3.2415,0.0,0
GBPJPY-M15,S2_OpenExhaust,TYO0900,dev,33,0.5152,-0.0265,0.0273,-0.1775,0.9275,-0.8753,0.0,0
GBPJPY-M15,S2_OpenExhaust,LON0800,oos,37,0.3243,-0.2217,-0.4702,-1.4475,0.5548,-8.2027,0.0,0
GBPJPY-M15,S2_OpenExhaust,NY0800,oos,23,0.4783,-0.068,-0.3091,-0.344,0.8535,-1.5641,0.0,0
GBPJPY-M15,S2_OpenExhaust,NY0930,oos,21,0.381,-0.1705,-0.0732,-1.047,0.5836,-3.5796,0.0,0
GBPJPY-M15,S2_OpenExhaust,NY1000,oos,25,0.32,-0.3814,-0.4692,-2.7084,0.275,-9.5346,0.0,0
GBPJPY-M15,S2_OpenExhaust,NY1100,oos,29,0.3448,-0.1677,-0.358,-0.969,0.6653,-4.8629,0.0,0
GBPJPY-M15,S2_OpenExhaust,NY1300,oos,22,0.4545,-0.0801,-0.1064,-0.4046,0.8114,-1.763,0.0,0
GBPJPY-M15,S2_OpenExhaust,NY1400,oos,26,0.5385,0.1544,0.1709,0.7774,1.4027,4.0138,0.0,0
GBPJPY-M15,S2_OpenExhaust,NY1800,oos,19,0.3158,-0.2253,-1.0,-0.9689,0.6186,-4.2803,0.0,0
GBPJPY-M15,S2_OpenExhaust,TYO0900,oos,28,0.5714,0.1288,0.0856,0.7192,1.3999,3.6056,0.0,0
GBPJPY-M15,S3_IBBreak,LON0800,dev,240,0.4083,-0.0036,-0.1032,-0.0767,0.9869,-0.8652,0.0,0
GBPJPY-M15,S3_IBBreak,NY0800,dev,618,0.3964,0.0333,-0.1787,0.8316,1.0807,20.566,0.0,0
GBPJPY-M15,S3_IBBreak,NY0930,dev,157,0.3439,-0.0724,-0.2148,-1.0675,0.8119,-11.3658,0.0,0
GBPJPY-M15,S3_IBBreak,NY1000,dev,103,0.3981,-0.0254,-0.1873,-0.2913,0.9309,-2.619,0.0,0
GBPJPY-M15,S3_IBBreak,NY1100,dev,62,0.3387,-0.1766,-0.419,-1.5127,0.6377,-10.9501,0.0,0
GBPJPY-M15,S3_IBBreak,NY1300,dev,264,0.3826,0.0036,-0.2096,0.0633,1.0094,0.9592,0.0,0
GBPJPY-M15,S3_IBBreak,NY1400,dev,282,0.273,-0.2443,-0.4081,-4.6701,0.5208,-68.905,0.0,0
GBPJPY-M15,S3_IBBreak,NY1800,dev,621,0.3849,-0.0019,-0.2857,-0.0458,0.9958,-1.1663,0.0,0
GBPJPY-M15,S3_IBBreak,TYO0900,dev,359,0.3816,-0.0074,-0.2153,-0.1557,0.9801,-2.6444,0.0,0
GBPJPY-M15,S3_IBBreak,LON0800,oos,131,0.4427,0.111,-0.0968,1.4848,1.3885,14.5348,0.0,0
GBPJPY-M15,S3_IBBreak,NY0800,oos,564,0.4309,0.0541,-0.1678,1.3041,1.1376,30.5323,0.0,0
GBPJPY-M15,S3_IBBreak,NY0930,oos,246,0.374,-0.0634,-0.2028,-1.1635,0.8333,-15.5896,0.0,0
GBPJPY-M15,S3_IBBreak,NY1000,oos,236,0.4195,-0.0157,-0.1249,-0.2857,0.9548,-3.7022,0.0,0
GBPJPY-M15,S3_IBBreak,NY1100,oos,39,0.3333,-0.1191,-0.3544,-0.8837,0.7058,-4.6434,0.0,0
GBPJPY-M15,S3_IBBreak,NY1300,oos,232,0.306,-0.1374,-0.3246,-2.4038,0.6876,-31.869,0.0,0
GBPJPY-M15,S3_IBBreak,NY1400,oos,290,0.3207,-0.1289,-0.2685,-2.6181,0.6887,-37.3847,0.0,0
GBPJPY-M15,S3_IBBreak,NY1800,oos,459,0.3573,-0.0213,-0.2699,-0.4643,0.9508,-9.7609,0.0,0
GBPJPY-M15,S3_IBBreak,TYO0900,oos,309,0.3722,0.0143,-0.1791,0.285,1.0407,4.4139,0.0,0
GBPJPY-M15,S4_OpenRetest,LON0800,dev,316,0.4557,0.0091,-0.1967,0.1563,1.0197,2.8638,0.0,0
GBPJPY-M15,S4_OpenRetest,NY0800,dev,371,0.4798,0.0749,-0.0687,1.35,1.1674,27.8006,0.0,0
GBPJPY-M15,S4_OpenRetest,NY0930,dev,327,0.419,-0.1,-0.3799,-1.8647,0.7925,-32.6898,0.0,0
GBPJPY-M15,S4_OpenRetest,NY1000,dev,297,0.4949,0.0695,-0.0302,1.0887,1.1604,20.6317,0.0,0
GBPJPY-M15,S4_OpenRetest,NY1100,dev,321,0.4704,0.0446,-0.1266,0.7786,1.1026,14.3124,0.0,0
GBPJPY-M15,S4_OpenRetest,NY1300,dev,324,0.3951,-0.1412,-0.4176,-2.5553,0.7236,-45.7342,0.0,1
GBPJPY-M15,S4_OpenRetest,NY1400,dev,346,0.4104,-0.1164,-0.2447,-2.0392,0.7527,-40.261,0.0,3
GBPJPY-M15,S4_OpenRetest,NY1800,dev,431,0.4176,-0.0254,-0.4264,-0.4966,0.9489,-10.9488,0.0,0
GBPJPY-M15,S4_OpenRetest,TYO0900,dev,289,0.4464,-0.0308,-0.1834,-0.5369,0.9304,-8.8898,0.0,0
GBPJPY-M15,S4_OpenRetest,LON0800,oos,261,0.4674,0.0192,-0.0681,0.3017,1.0429,4.9994,0.0,0
GBPJPY-M15,S4_OpenRetest,NY0800,oos,313,0.4473,0.0064,-0.4286,0.1053,1.013,2.0105,0.0,0
GBPJPY-M15,S4_OpenRetest,NY0930,oos,282,0.4149,-0.0813,-0.2585,-1.4829,0.8171,-22.9395,0.0,0
GBPJPY-M15,S4_OpenRetest,NY1000,oos,227,0.4449,-0.0127,-0.1417,-0.1978,0.9705,-2.8881,0.0,0
GBPJPY-M15,S4_OpenRetest,NY1100,oos,199,0.4472,0.0444,-0.2113,0.582,1.0969,8.8439,0.0,1
GBPJPY-M15,S4_OpenRetest,NY1300,oos,278,0.3849,-0.1239,-0.6332,-1.9067,0.7639,-34.4333,0.0,0
GBPJPY-M15,S4_OpenRetest,NY1400,oos,286,0.4021,-0.1117,-0.2324,-1.7143,0.7683,-31.9411,0.0,3
GBPJPY-M15,S4_OpenRetest,NY1800,oos,303,0.4224,-0.0513,-0.699,-0.828,0.902,-15.5316,0.0,0
GBPJPY-M15,S4_OpenRetest,TYO0900,oos,254,0.4764,0.0755,-0.0959,1.1747,1.1805,19.1665,0.0,0
GBPJPY-M15,S5_LevelSweep,LON0800,dev,234,0.5,0.0868,0.0051,1.3907,1.243,20.3172,0.0,0
GBPJPY-M15,S5_LevelSweep,NY0800,dev,168,0.3988,-0.074,-0.3246,-0.9664,0.8445,-12.4397,0.0,0
GBPJPY-M15,S5_LevelSweep,NY0930,dev,182,0.478,0.025,-0.1116,0.3412,1.0588,4.5438,0.0,0
GBPJPY-M15,S5_LevelSweep,NY1000,dev,182,0.4396,-0.033,-0.2431,-0.4631,0.9245,-6.0067,0.0,0
GBPJPY-M15,S5_LevelSweep,NY1100,dev,137,0.4015,-0.0693,-0.2547,-0.8632,0.8418,-9.4934,0.0,0
GBPJPY-M15,S5_LevelSweep,NY1300,dev,105,0.3238,-0.2032,-0.3328,-2.4157,0.5769,-21.3368,0.0,0
GBPJPY-M15,S5_LevelSweep,NY1400,dev,91,0.4835,0.0134,-0.0727,0.1379,1.0339,1.2223,0.0,0
GBPJPY-M15,S5_LevelSweep,NY1800,dev,134,0.4627,0.0213,-0.0805,0.2588,1.0529,2.8508,0.0,0
GBPJPY-M15,S5_LevelSweep,TYO0900,dev,176,0.4659,0.0875,-0.0771,1.2258,1.239,15.4011,0.0,0
GBPJPY-M15,S5_LevelSweep,LON0800,oos,204,0.4853,0.0134,-0.0675,0.1975,1.0321,2.7278,0.0,0
GBPJPY-M15,S5_LevelSweep,NY0800,oos,160,0.4188,-0.0994,-0.3266,-1.3025,0.7888,-15.9018,0.0,0
GBPJPY-M15,S5_LevelSweep,NY0930,oos,171,0.4327,-0.0265,-0.2564,-0.3662,0.9383,-4.5373,0.0,0
GBPJPY-M15,S5_LevelSweep,NY1000,oos,162,0.4259,-0.039,-0.1863,-0.5649,0.9007,-6.323,0.0,0
GBPJPY-M15,S5_LevelSweep,NY1100,oos,140,0.4214,-0.0632,-0.1024,-0.8459,0.8462,-8.8425,0.0,0
GBPJPY-M15,S5_LevelSweep,NY1300,oos,75,0.4667,-0.0136,-0.1097,-0.1257,0.9672,-1.0192,0.0,0
GBPJPY-M15,S5_LevelSweep,NY1400,oos,78,0.5128,0.0966,0.0857,0.8682,1.2496,7.5344,0.0,0
GBPJPY-M15,S5_LevelSweep,NY1800,oos,81,0.4691,-0.0362,-0.0317,-0.3739,0.9054,-2.9283,0.0,0
GBPJPY-M15,S5_LevelSweep,TYO0900,oos,136,0.4779,-0.011,-0.0703,-0.135,0.9735,-1.4899,0.0,0
EURGBP-M15,S1_BoxReclaim,LON0800,dev,216,0.4861,-0.0738,-0.0208,-1.8103,0.7466,-15.9348,0.0,0
EURGBP-M15,S1_BoxReclaim,NY0800,dev,132,0.553,-0.029,0.0569,-0.5464,0.8935,-3.8282,0.0,0
EURGBP-M15,S1_BoxReclaim,NY0930,dev,176,0.483,-0.0159,-0.0119,-0.3758,0.9344,-2.7932,0.0,0
EURGBP-M15,S1_BoxReclaim,NY1000,dev,290,0.5724,0.0295,0.0688,1.0024,1.1557,8.5479,0.0,0
EURGBP-M15,S1_BoxReclaim,NY1100,dev,347,0.5245,0.0259,0.0308,0.9896,1.1393,8.9753,0.0,0
EURGBP-M15,S1_BoxReclaim,NY1300,dev,255,0.498,0.0255,0.0,0.8163,1.1326,6.4958,0.0,0
EURGBP-M15,S1_BoxReclaim,NY1400,dev,250,0.5,0.0012,0.0043,0.0354,1.0055,0.3006,0.0,0
EURGBP-M15,S1_BoxReclaim,NY1800,dev,253,0.498,-0.0118,-0.0096,-0.3099,0.956,-2.9737,0.0,0
EURGBP-M15,S1_BoxReclaim,TYO0900,dev,227,0.5066,-0.0035,0.0169,-0.0993,0.9841,-0.7959,0.0,0
EURGBP-M15,S1_BoxReclaim,LON0800,oos,229,0.5197,-0.0065,0.0306,-0.164,0.9753,-1.4892,0.0,0
EURGBP-M15,S1_BoxReclaim,NY0800,oos,98,0.5204,-0.0169,0.0819,-0.272,0.9371,-1.6562,0.0,0
EURGBP-M15,S1_BoxReclaim,NY0930,oos,131,0.5344,-0.0695,0.0615,-1.2492,0.7732,-9.1036,0.0,0
EURGBP-M15,S1_BoxReclaim,NY1000,oos,159,0.5283,0.0535,0.0337,1.2868,1.2777,8.5076,0.0,0
EURGBP-M15,S1_BoxReclaim,NY1100,oos,321,0.514,-0.0174,0.0329,-0.6111,0.9192,-5.5889,0.0,0
EURGBP-M15,S1_BoxReclaim,NY1300,oos,223,0.4439,-0.1046,-0.0667,-2.6676,0.6481,-23.3257,0.0,0
EURGBP-M15,S1_BoxReclaim,NY1400,oos,185,0.5676,0.0466,0.0899,1.1437,1.2247,8.6206,0.0,0
EURGBP-M15,S1_BoxReclaim,NY1800,oos,321,0.4829,-0.0624,0.0,-2.1185,0.7426,-20.0362,0.0,0
EURGBP-M15,S1_BoxReclaim,TYO0900,oos,211,0.4597,-0.0355,-0.0303,-0.9452,0.8514,-7.4991,0.0,0
EURGBP-M15,S2_OpenExhaust,LON0800,dev,40,0.4,-0.2527,-0.4968,-1.8106,0.5096,-10.1072,0.0,0
EURGBP-M15,S2_OpenExhaust,NY0800,dev,25,0.56,0.1763,0.2096,1.0424,1.6385,4.4072,0.0,0
EURGBP-M15,S2_OpenExhaust,NY0930,dev,26,0.4615,-0.085,-0.2177,-0.4883,0.8057,-2.2103,0.0,0
EURGBP-M15,S2_OpenExhaust,NY1000,dev,33,0.5152,0.0336,0.1891,0.2217,1.0902,1.1075,0.0,0
EURGBP-M15,S2_OpenExhaust,NY1100,dev,33,0.4848,0.0024,-0.2031,0.015,1.0059,0.0785,0.0,0
EURGBP-M15,S2_OpenExhaust,NY1300,dev,16,0.375,0.1711,-0.0867,0.8239,1.7703,2.7382,0.0,0
EURGBP-M15,S2_OpenExhaust,NY1400,dev,13,0.3846,-0.3953,-0.2893,-1.885,0.2583,-5.1391,0.0,0
EURGBP-M15,S2_OpenExhaust,NY1800,dev,15,0.6,0.1877,0.2114,0.8012,1.6145,2.815,0.0,0
EURGBP-M15,S2_OpenExhaust,TYO0900,dev,26,0.3846,-0.1165,-0.1869,-0.6406,0.7425,-3.0288,0.0,0
EURGBP-M15,S2_OpenExhaust,LON0800,oos,27,0.2593,-0.4701,-1.0,-2.869,0.328,-12.6915,0.0,0
EURGBP-M15,S2_OpenExhaust,NY0800,oos,23,0.5652,0.1518,0.4354,0.6164,1.349,3.4904,0.0,0
EURGBP-M15,S2_OpenExhaust,NY0930,oos,31,0.4839,-0.0761,-0.1115,-0.577,0.7812,-2.3603,0.0,0
EURGBP-M15,S2_OpenExhaust,NY1000,oos,28,0.4286,-0.0561,-0.1122,-0.3744,0.8448,-1.5695,0.0,0
EURGBP-M15,S2_OpenExhaust,NY1100,oos,26,0.3077,-0.1969,-0.3953,-1.111,0.5783,-5.1186,0.0,0
EURGBP-M15,S2_OpenExhaust,NY1300,oos,21,0.4286,-0.0766,-0.4755,-0.3576,0.8444,-1.6083,0.0,0
EURGBP-M15,S2_OpenExhaust,NY1400,oos,25,0.36,-0.342,-0.8052,-2.1243,0.3809,-8.5509,0.0,0
EURGBP-M15,S2_OpenExhaust,NY1800,oos,10,0.1,-0.7359,-1.0,-3.3815,0.138,-7.3587,0.0,0
EURGBP-M15,S2_OpenExhaust,TYO0900,oos,20,0.5,-0.0394,-0.0649,-0.1861,0.9117,-0.7877,0.0,0
EURGBP-M15,S3_IBBreak,LON0800,dev,286,0.472,0.0583,-0.0395,1.2415,1.2132,16.6774,0.0,0
EURGBP-M15,S3_IBBreak,NY0800,dev,507,0.3787,-0.0688,-0.2701,-1.6693,0.8399,-34.9062,0.0,0
EURGBP-M15,S3_IBBreak,NY0930,dev,259,0.4054,0.0321,-0.1435,0.5728,1.0905,8.319,0.0,0
EURGBP-M15,S3_IBBreak,NY1000,dev,172,0.4128,-0.0119,-0.0929,-0.1979,0.9618,-2.0417,0.0,0
EURGBP-M15,S3_IBBreak,NY1100,dev,99,0.2929,-0.1543,-0.3404,-1.7788,0.6545,-15.272,0.0,0
EURGBP-M15,S3_IBBreak,NY1300,dev,268,0.347,-0.1416,-0.3753,-2.5203,0.6959,-37.961,0.0,0
EURGBP-M15,S3_IBBreak,NY1400,dev,272,0.3419,-0.1235,-0.3991,-2.0559,0.7436,-33.587,0.0,0
EURGBP-M15,S3_IBBreak,NY1800,dev,457,0.3239,-0.1208,-0.4138,-2.6233,0.7541,-55.1848,0.0,0
EURGBP-M15,S3_IBBreak,TYO0900,dev,425,0.3388,-0.1121,-0.3016,-2.5253,0.7463,-47.6431,0.0,0
EURGBP-M15,S3_IBBreak,LON0800,oos,181,0.3923,0.0044,-0.1478,0.0679,1.0126,0.8038,0.0,0
EURGBP-M15,S3_IBBreak,NY0800,oos,488,0.3811,-0.0215,-0.2324,-0.4922,0.9489,-10.5136,0.0,0
EURGBP-M15,S3_IBBreak,NY0930,oos,348,0.4109,0.0319,-0.1664,0.6197,1.0815,11.0878,0.0,0
EURGBP-M15,S3_IBBreak,NY1000,oos,310,0.3226,-0.1152,-0.2871,-2.4506,0.7134,-35.7121,0.0,0
EURGBP-M15,S3_IBBreak,NY1100,oos,55,0.3273,-0.0222,-0.234,-0.1941,0.9354,-1.2195,0.0,0
EURGBP-M15,S3_IBBreak,NY1300,oos,212,0.3349,-0.1029,-0.3082,-1.6652,0.7592,-21.8117,0.0,0
EURGBP-M15,S3_IBBreak,NY1400,oos,330,0.3212,-0.1416,-0.3208,-2.9325,0.6741,-46.7196,0.0,1
EURGBP-M15,S3_IBBreak,NY1800,oos,233,0.3562,-0.0591,-0.2963,-0.9538,0.8617,-13.7686,0.0,0
EURGBP-M15,S3_IBBreak,TYO0900,oos,396,0.3485,-0.0776,-0.2306,-1.7202,0.8133,-30.7383,0.0,0
EURGBP-M15,S4_OpenRetest,LON0800,dev,312,0.4006,-0.0537,-0.4758,-0.9002,0.8944,-16.7489,0.0,0
EURGBP-M15,S4_OpenRetest,NY0800,dev,393,0.4351,-0.0106,-0.3388,-0.1986,0.9783,-4.1519,0.0,0
EURGBP-M15,S4_OpenRetest,NY0930,dev,333,0.4204,-0.118,-0.2936,-2.3845,0.7414,-39.2894,0.0,0
EURGBP-M15,S4_OpenRetest,NY1000,dev,311,0.4405,-0.0312,-0.2235,-0.5714,0.9286,-9.6906,0.0,0
EURGBP-M15,S4_OpenRetest,NY1100,dev,303,0.4158,-0.0768,-0.3264,-1.3626,0.8393,-23.2671,0.0,0
EURGBP-M15,S4_OpenRetest,NY1300,dev,346,0.3931,-0.0636,-0.3257,-1.1483,0.8694,-22.0019,0.0,0
EURGBP-M15,S4_OpenRetest,NY1400,dev,395,0.4177,-0.068,-0.2071,-1.3208,0.8453,-26.8573,0.0,0
EURGBP-M15,S4_OpenRetest,NY1800,dev,437,0.389,-0.1083,-0.7205,-2.1981,0.7943,-47.3444,0.0,0
EURGBP-M15,S4_OpenRetest,TYO0900,dev,363,0.4298,-0.0508,-0.346,-0.9493,0.8954,-18.4482,0.0,0
EURGBP-M15,S4_OpenRetest,LON0800,oos,272,0.4265,-0.0575,-0.4153,-0.9285,0.8821,-15.6277,0.0,0
EURGBP-M15,S4_OpenRetest,NY0800,oos,304,0.4441,-0.0364,-0.771,-0.5899,0.9298,-11.0576,0.0,0
EURGBP-M15,S4_OpenRetest,NY0930,oos,290,0.4483,-0.0101,-0.1217,-0.1832,0.9754,-2.9364,0.0,0
EURGBP-M15,S4_OpenRetest,NY1000,oos,255,0.4039,-0.1095,-0.3553,-1.8807,0.7653,-27.9309,0.0,0
EURGBP-M15,S4_OpenRetest,NY1100,oos,221,0.4661,0.0606,-0.1377,0.8795,1.1418,13.3891,0.0,0
EURGBP-M15,S4_OpenRetest,NY1300,oos,277,0.3718,-0.1336,-0.5042,-2.1955,0.7407,-37.0096,0.0,0
EURGBP-M15,S4_OpenRetest,NY1400,oos,303,0.4224,-0.0801,-0.123,-1.5491,0.8061,-24.2811,0.0,0
EURGBP-M15,S4_OpenRetest,NY1800,oos,264,0.4129,-0.0483,-0.6666,-0.7375,0.9063,-12.7552,0.0,0
EURGBP-M15,S4_OpenRetest,TYO0900,oos,310,0.4065,-0.0879,-0.365,-1.5733,0.8186,-27.2599,0.0,0
EURGBP-M15,S5_LevelSweep,LON0800,dev,271,0.476,0.0534,-0.0613,0.9029,1.134,14.4602,0.0,0
EURGBP-M15,S5_LevelSweep,NY0800,dev,182,0.4615,-0.016,-0.1439,-0.2212,0.9633,-2.9115,0.0,0
EURGBP-M15,S5_LevelSweep,NY0930,dev,213,0.4695,-0.0402,-0.0595,-0.6301,0.9036,-8.5705,0.0,0
EURGBP-M15,S5_LevelSweep,NY1000,dev,214,0.486,-0.0349,-0.0273,-0.5665,0.9123,-7.4611,0.0,0
EURGBP-M15,S5_LevelSweep,NY1100,dev,164,0.4207,-0.0799,-0.1181,-1.1841,0.7998,-13.0994,0.0,0
EURGBP-M15,S5_LevelSweep,NY1300,dev,101,0.3861,-0.1707,-0.2439,-2.0911,0.6187,-17.238,0.0,0
EURGBP-M15,S5_LevelSweep,NY1400,dev,86,0.4535,-0.0861,-0.1131,-0.9661,0.7816,-7.4062,0.0,0
EURGBP-M15,S5_LevelSweep,NY1800,dev,82,0.4268,-0.0812,-0.2224,-0.8519,0.8032,-6.6595,0.0,0
EURGBP-M15,S5_LevelSweep,TYO0900,dev,93,0.4516,-0.115,-0.139,-1.4357,0.7007,-10.6932,0.0,0
EURGBP-M15,S5_LevelSweep,LON0800,oos,211,0.4265,0.0027,-0.2778,0.0378,1.0059,0.5636,0.0,0
EURGBP-M15,S5_LevelSweep,NY0800,oos,165,0.4303,-0.0697,-0.3562,-0.8962,0.8557,-11.4942,0.0,0
EURGBP-M15,S5_LevelSweep,NY0930,oos,195,0.3795,-0.1384,-0.4013,-2.0648,0.7144,-26.995,0.0,0
EURGBP-M15,S5_LevelSweep,NY1000,oos,176,0.4034,-0.056,-0.2167,-0.7837,0.8721,-9.8572,0.0,0
EURGBP-M15,S5_LevelSweep,NY1100,oos,142,0.4225,-0.0978,-0.1803,-1.3251,0.7689,-13.8897,0.0,0
EURGBP-M15,S5_LevelSweep,NY1300,oos,106,0.3396,-0.2099,-0.4139,-2.2479,0.6018,-22.2451,0.0,1
EURGBP-M15,S5_LevelSweep,NY1400,oos,89,0.427,-0.0649,-0.2213,-0.6444,0.8549,-5.7797,0.0,0
EURGBP-M15,S5_LevelSweep,NY1800,oos,73,0.589,0.1164,0.1337,1.2924,1.4732,8.4986,0.0,0
EURGBP-M15,S5_LevelSweep,TYO0900,oos,64,0.3594,-0.1263,-0.1454,-1.2021,0.6937,-8.0846,0.0,0
EURCHF-M15,S1_BoxReclaim,LON0800,dev,216,0.5694,0.0559,0.1203,1.4972,1.2739,12.0832,0.0,0
EURCHF-M15,S1_BoxReclaim,NY0800,dev,109,0.5046,0.0132,0.015,0.2305,1.0537,1.4431,0.0,0
EURCHF-M15,S1_BoxReclaim,NY0930,dev,181,0.5304,0.038,0.0764,0.8973,1.1676,6.877,0.0,0
EURCHF-M15,S1_BoxReclaim,NY1000,dev,303,0.4488,-0.0482,-0.0561,-1.5382,0.8099,-14.6191,0.0,0
EURCHF-M15,S1_BoxReclaim,NY1100,dev,306,0.4869,0.0015,-0.0022,0.0517,1.0073,0.4615,0.0,0
EURCHF-M15,S1_BoxReclaim,NY1300,dev,217,0.5161,-0.0518,0.0171,-1.0876,0.7988,-11.2373,0.0,1
EURCHF-M15,S1_BoxReclaim,NY1400,dev,206,0.534,0.0344,0.0712,0.8766,1.1631,7.0806,0.0,0
EURCHF-M15,S1_BoxReclaim,NY1800,dev,276,0.4312,-0.0778,-0.0672,-2.5081,0.6836,-21.4649,0.0,0
EURCHF-M15,S1_BoxReclaim,TYO0900,dev,205,0.4829,-0.0812,-0.0323,-2.1097,0.7011,-16.6501,0.0,0
EURCHF-M15,S1_BoxReclaim,LON0800,oos,218,0.5138,0.005,0.0124,0.1354,1.0222,1.0977,0.0,0
EURCHF-M15,S1_BoxReclaim,NY0800,oos,85,0.5882,0.0697,0.211,0.98,1.2707,5.924,0.0,0
EURCHF-M15,S1_BoxReclaim,NY0930,oos,131,0.5038,-0.0326,0.0133,-0.6129,0.8828,-4.2663,0.0,0
EURCHF-M15,S1_BoxReclaim,NY1000,oos,165,0.5152,0.001,0.0263,0.0232,1.0044,0.1604,0.0,0
EURCHF-M15,S1_BoxReclaim,NY1100,oos,308,0.4968,-0.0267,0.0,-0.9409,0.8763,-8.213,0.0,0
EURCHF-M15,S1_BoxReclaim,NY1300,oos,204,0.5,-0.0072,0.0145,-0.1764,0.9696,-1.4628,0.0,0
EURCHF-M15,S1_BoxReclaim,NY1400,oos,178,0.5843,0.0615,0.108,1.3356,1.2715,10.9461,0.0,0
EURCHF-M15,S1_BoxReclaim,NY1800,oos,315,0.4571,-0.0547,-0.0267,-2.1146,0.7368,-17.2299,0.0,0
EURCHF-M15,S1_BoxReclaim,TYO0900,oos,239,0.4895,-0.0065,0.0,-0.1855,0.9717,-1.554,0.0,0
EURCHF-M15,S2_OpenExhaust,LON0800,dev,29,0.4828,0.0873,-0.0298,0.4666,1.2293,2.5325,0.0,0
EURCHF-M15,S2_OpenExhaust,NY0800,dev,26,0.3846,-0.2081,-0.6728,-1.1299,0.6062,-5.4103,0.0,0
EURCHF-M15,S2_OpenExhaust,NY0930,dev,30,0.4333,0.0059,-0.2899,0.0335,1.0136,0.1769,0.0,0
EURCHF-M15,S2_OpenExhaust,NY1000,dev,31,0.4194,-0.0332,-0.6429,-0.1651,0.9342,-1.0286,0.0,0
EURCHF-M15,S2_OpenExhaust,NY1100,dev,41,0.5366,0.113,0.1099,0.7103,1.3158,4.6323,0.0,0
EURCHF-M15,S2_OpenExhaust,NY1300,dev,22,0.5,0.0857,0.1522,0.4067,1.2072,1.8865,0.0,0
EURCHF-M15,S2_OpenExhaust,NY1400,dev,22,0.5455,0.0786,0.4403,0.3564,1.1729,1.7295,0.0,0
EURCHF-M15,S2_OpenExhaust,NY1800,dev,17,0.4706,0.0766,-0.7824,0.2716,1.1483,1.3023,0.0,0
EURCHF-M15,S2_OpenExhaust,TYO0900,dev,17,0.0588,-0.707,-1.0,-5.0179,0.0962,-12.0184,0.0,0
EURCHF-M15,S2_OpenExhaust,LON0800,oos,27,0.4444,0.0069,-0.0193,0.0396,1.0185,0.1872,0.0,0
EURCHF-M15,S2_OpenExhaust,NY0800,oos,26,0.4231,0.0299,-0.2211,0.1446,1.0654,0.7781,0.0,0
EURCHF-M15,S2_OpenExhaust,NY0930,oos,30,0.5,-0.0708,-0.0054,-0.4573,0.8079,-2.1236,0.0,0
EURCHF-M15,S2_OpenExhaust,NY1000,oos,25,0.48,-0.0207,-0.0805,-0.1238,0.9426,-0.5176,0.0,0
EURCHF-M15,S2_OpenExhaust,NY1100,oos,34,0.2941,-0.2518,-0.7095,-1.5813,0.5389,-8.5626,0.0,0
EURCHF-M15,S2_OpenExhaust,NY1300,oos,22,0.4545,0.0298,-0.122,0.1433,1.072,0.6553,0.0,0
EURCHF-M15,S2_OpenExhaust,NY1400,oos,14,0.5714,0.198,0.0577,0.8187,1.6989,2.7715,0.0,0
EURCHF-M15,S2_OpenExhaust,NY1800,oos,19,0.4211,0.0449,-0.3378,0.1542,1.0931,0.8535,0.0,0
EURCHF-M15,S2_OpenExhaust,TYO0900,oos,25,0.24,-0.431,-1.0,-2.8886,0.2845,-10.7742,0.0,0
EURCHF-M15,S3_IBBreak,LON0800,dev,224,0.3973,-0.0511,-0.1676,-0.8517,0.8723,-11.4397,0.0,0
EURCHF-M15,S3_IBBreak,NY0800,dev,536,0.347,-0.0853,-0.3473,-2.0568,0.8144,-45.7025,0.0,0
EURCHF-M15,S3_IBBreak,NY0930,dev,270,0.3259,-0.159,-0.3998,-2.8378,0.6669,-42.9236,0.0,0
EURCHF-M15,S3_IBBreak,NY1000,dev,161,0.3602,-0.1553,-0.3314,-2.2375,0.66,-25.0097,0.0,0
EURCHF-M15,S3_IBBreak,NY1100,dev,108,0.287,-0.1657,-0.3843,-1.8729,0.6564,-17.8987,0.0,0
EURCHF-M15,S3_IBBreak,NY1300,dev,301,0.2791,-0.2573,-0.3529,-5.371,0.4771,-77.4461,0.0,0
EURCHF-M15,S3_IBBreak,NY1400,dev,330,0.2364,-0.3669,-0.7025,-7.9428,0.3673,-121.0809,0.0,0
EURCHF-M15,S3_IBBreak,NY1800,dev,413,0.3245,-0.152,-0.3789,-3.1814,0.6889,-62.7821,0.0,0
EURCHF-M15,S3_IBBreak,TYO0900,dev,378,0.2884,-0.2484,-0.3899,-5.8555,0.4874,-93.8775,0.0,0
EURCHF-M15,S3_IBBreak,LON0800,oos,159,0.3711,-0.0621,-0.1978,-0.9498,0.8297,-9.8727,0.0,0
EURCHF-M15,S3_IBBreak,NY0800,oos,559,0.3435,-0.1152,-0.3889,-2.7887,0.7638,-64.414,0.0,0
EURCHF-M15,S3_IBBreak,NY0930,oos,372,0.3333,-0.1437,-0.3352,-3.1115,0.6832,-53.4509,0.0,0
EURCHF-M15,S3_IBBreak,NY1000,oos,293,0.3276,-0.0956,-0.2296,-1.9383,0.7576,-28.013,0.0,0
EURCHF-M15,S3_IBBreak,NY1100,oos,56,0.4643,0.0539,-0.0483,0.4713,1.1751,3.0201,0.0,0
EURCHF-M15,S3_IBBreak,NY1300,oos,291,0.3436,-0.0991,-0.306,-1.8633,0.7701,-28.824,0.0,0
EURCHF-M15,S3_IBBreak,NY1400,oos,344,0.2965,-0.1738,-0.3723,-3.6925,0.6265,-59.7893,0.0,0
EURCHF-M15,S3_IBBreak,NY1800,oos,222,0.3964,-0.0223,-0.2359,-0.3684,0.9415,-4.9445,0.0,0
EURCHF-M15,S3_IBBreak,TYO0900,oos,383,0.389,-0.0367,-0.1918,-0.7752,0.9091,-14.0492,0.0,0
EURCHF-M15,S4_OpenRetest,LON0800,dev,347,0.4323,-0.015,-0.2836,-0.2649,0.9688,-5.1902,0.0,0
EURCHF-M15,S4_OpenRetest,NY0800,dev,419,0.3938,-0.0911,-0.5385,-1.7963,0.8248,-38.1579,0.0,0
EURCHF-M15,S4_OpenRetest,NY0930,dev,358,0.4218,-0.0436,-0.2785,-0.8434,0.9038,-15.6029,0.0,0
EURCHF-M15,S4_OpenRetest,NY1000,dev,284,0.4542,0.0076,-0.1852,0.1279,1.0175,2.1458,0.0,0
EURCHF-M15,S4_OpenRetest,NY1100,dev,316,0.3829,-0.1175,-0.628,-1.9767,0.7764,-37.1365,0.0,0
EURCHF-M15,S4_OpenRetest,NY1300,dev,360,0.3861,-0.0897,-0.5732,-1.3657,0.8301,-32.2862,0.0,0
EURCHF-M15,S4_OpenRetest,NY1400,dev,389,0.3959,-0.1345,-0.2509,-2.7746,0.7125,-52.3193,0.0,2
EURCHF-M15,S4_OpenRetest,NY1800,dev,355,0.3972,-0.1307,-0.4918,-2.5449,0.7381,-46.384,0.0,0
EURCHF-M15,S4_OpenRetest,TYO0900,dev,345,0.4406,-0.0611,-0.3829,-1.1327,0.8721,-21.0912,0.0,0
EURCHF-M15,S4_OpenRetest,LON0800,oos,255,0.4118,-0.0842,-0.4393,-1.3468,0.8298,-21.4736,0.0,0
EURCHF-M15,S4_OpenRetest,NY0800,oos,308,0.4221,-0.0179,-0.38,-0.2933,0.9641,-5.5281,0.0,0
EURCHF-M15,S4_OpenRetest,NY0930,oos,280,0.4821,0.0033,-0.0854,0.0572,1.0077,0.9272,0.0,0
EURCHF-M15,S4_OpenRetest,NY1000,oos,228,0.5175,0.0874,0.089,1.3285,1.2205,19.9359,0.0,0
EURCHF-M15,S4_OpenRetest,NY1100,oos,234,0.3932,-0.1035,-0.4841,-1.5766,0.7978,-24.2146,0.0,0
EURCHF-M15,S4_OpenRetest,NY1300,oos,287,0.4042,-0.0682,-0.4416,-1.1367,0.8623,-19.582,0.0,0
EURCHF-M15,S4_OpenRetest,NY1400,oos,310,0.4,-0.0474,-0.2548,-0.6475,0.8951,-14.707,0.0,1
EURCHF-M15,S4_OpenRetest,NY1800,oos,214,0.4579,0.0172,-0.2141,0.2474,1.0382,3.6796,0.0,0
EURCHF-M15,S4_OpenRetest,TYO0900,oos,283,0.4134,0.2095,-0.3687,0.6545,1.4315,59.2943,0.0,0
EURCHF-M15,S5_LevelSweep,LON0800,dev,249,0.506,0.0775,0.0067,1.2743,1.2046,19.3071,0.0,0
EURCHF-M15,S5_LevelSweep,NY0800,dev,245,0.4082,-0.0808,-0.2778,-1.3169,0.8261,-19.7955,0.0,0
EURCHF-M15,S5_LevelSweep,NY0930,dev,228,0.4035,-0.0789,-0.208,-1.2949,0.82,-17.9834,0.0,0
EURCHF-M15,S5_LevelSweep,NY1000,dev,217,0.424,-0.0401,-0.1737,-0.6283,0.9069,-8.6921,0.0,0
EURCHF-M15,S5_LevelSweep,NY1100,dev,182,0.4066,-0.1365,-0.2622,-2.1747,0.6894,-24.8424,0.0,0
EURCHF-M15,S5_LevelSweep,NY1300,dev,143,0.4056,-0.1728,-0.3452,-2.2997,0.6359,-24.7075,0.0,0
EURCHF-M15,S5_LevelSweep,NY1400,dev,119,0.4706,-0.0578,-0.0829,-0.7208,0.8535,-6.8786,0.0,0
EURCHF-M15,S5_LevelSweep,NY1800,dev,83,0.4337,-0.0504,-0.2059,-0.4994,0.8794,-4.1801,0.0,0
EURCHF-M15,S5_LevelSweep,TYO0900,dev,101,0.5446,0.0788,0.0403,0.9539,1.2598,7.9582,0.0,0
EURCHF-M15,S5_LevelSweep,LON0800,oos,228,0.4474,-0.0744,-0.1482,-1.2069,0.8327,-16.9746,0.0,0
EURCHF-M15,S5_LevelSweep,NY0800,oos,180,0.4333,-0.0263,-0.3084,-0.3539,0.9428,-4.7295,0.0,0
EURCHF-M15,S5_LevelSweep,NY0930,oos,203,0.4433,-0.0379,-0.1818,-0.5557,0.9149,-7.6853,0.0,0
EURCHF-M15,S5_LevelSweep,NY1000,oos,203,0.4483,0.0048,-0.1083,0.0712,1.0117,0.9814,0.0,0
EURCHF-M15,S5_LevelSweep,NY1100,oos,132,0.5076,0.0278,0.0785,0.3846,1.0848,3.6654,0.0,0
EURCHF-M15,S5_LevelSweep,NY1300,oos,93,0.3763,-0.0886,-0.1887,-1.0378,0.7733,-8.2364,0.0,0
EURCHF-M15,S5_LevelSweep,NY1400,oos,89,0.3708,-0.1795,-0.5548,-1.853,0.6458,-15.9715,0.0,0
EURCHF-M15,S5_LevelSweep,NY1800,oos,96,0.5104,0.013,0.0174,0.1703,1.0444,1.2502,0.0,0
EURCHF-M15,S5_LevelSweep,TYO0900,oos,94,0.4468,-0.0124,-0.1835,-0.12,0.9722,-1.1615,0.0,0
AUDJPY-M15,S1_BoxReclaim,LON0800,dev,268,0.5112,-0.0222,0.0161,-0.6513,0.9086,-5.9402,0.0,0
AUDJPY-M15,S1_BoxReclaim,NY0800,dev,94,0.4787,-0.0127,-0.0312,-0.1992,0.9536,-1.1934,0.0,0
AUDJPY-M15,S1_BoxReclaim,NY0930,dev,229,0.4585,-0.0611,-0.0592,-1.7171,0.7557,-13.9917,0.0,0
AUDJPY-M15,S1_BoxReclaim,NY1000,dev,296,0.4865,-0.0119,-0.0184,-0.418,0.9424,-3.5236,0.0,0
AUDJPY-M15,S1_BoxReclaim,NY1100,dev,342,0.5117,-0.002,0.0124,-0.0693,0.9911,-0.6906,0.0,0
AUDJPY-M15,S1_BoxReclaim,NY1300,dev,251,0.5498,0.0454,0.1013,1.2421,1.2001,11.3868,0.0,0
AUDJPY-M15,S1_BoxReclaim,NY1400,dev,215,0.5256,-0.015,0.0325,-0.2779,0.9486,-3.2151,0.0,1
AUDJPY-M15,S1_BoxReclaim,NY1800,dev,213,0.5399,-0.0027,0.123,-0.0595,0.9909,-0.5851,0.0,0
AUDJPY-M15,S1_BoxReclaim,TYO0900,dev,217,0.4885,-0.0409,-0.0265,-1.0212,0.8503,-8.8658,0.0,0
AUDJPY-M15,S1_BoxReclaim,LON0800,oos,255,0.498,-0.0237,-0.0119,-0.6984,0.8992,-6.0393,0.0,0
AUDJPY-M15,S1_BoxReclaim,NY0800,oos,75,0.6,0.0546,0.5063,0.6702,1.1825,4.0944,0.0,0
AUDJPY-M15,S1_BoxReclaim,NY0930,oos,199,0.603,0.0611,0.1028,1.529,1.2945,12.1677,0.0,0
AUDJPY-M15,S1_BoxReclaim,NY1000,oos,195,0.4769,-0.0545,-0.0122,-1.4661,0.7707,-10.6226,0.0,0
AUDJPY-M15,S1_BoxReclaim,NY1100,oos,323,0.5046,-0.0027,0.0064,-0.0938,0.9872,-0.8634,0.0,0
AUDJPY-M15,S1_BoxReclaim,NY1300,oos,189,0.5185,-0.0389,0.0775,-0.8377,0.87,-7.3569,0.0,0
AUDJPY-M15,S1_BoxReclaim,NY1400,oos,167,0.521,0.0541,0.0423,1.2081,1.2477,9.041,0.0,0
AUDJPY-M15,S1_BoxReclaim,NY1800,oos,261,0.5096,-0.0537,0.0435,-1.3375,0.8281,-14.0119,0.0,0
AUDJPY-M15,S1_BoxReclaim,TYO0900,oos,234,0.453,-0.0585,-0.0793,-1.4712,0.8001,-13.6922,0.0,0
AUDJPY-M15,S2_OpenExhaust,LON0800,dev,30,0.4,-0.112,-0.3517,-0.672,0.7562,-3.36,0.0,0
AUDJPY-M15,S2_OpenExhaust,NY0800,dev,31,0.4839,-0.0284,-0.0376,-0.1644,0.9319,-0.8814,0.0,0
AUDJPY-M15,S2_OpenExhaust,NY0930,dev,25,0.32,-0.2708,-0.5207,-1.7025,0.4589,-6.7712,0.0,0
AUDJPY-M15,S2_OpenExhaust,NY1000,dev,24,0.4167,-0.0398,-0.0327,-0.2321,0.8927,-0.9542,0.0,0
AUDJPY-M15,S2_OpenExhaust,NY1100,dev,37,0.4865,0.0512,-0.1133,0.2865,1.1244,1.8936,0.0,0
AUDJPY-M15,S2_OpenExhaust,NY1300,dev,34,0.4706,-0.0136,-0.0955,-0.0862,0.9665,-0.4632,0.0,0
AUDJPY-M15,S2_OpenExhaust,NY1400,dev,29,0.4138,-0.1901,-0.6264,-1.084,0.6451,-5.5126,0.0,0
AUDJPY-M15,S2_OpenExhaust,NY1800,dev,22,0.5,0.0477,-0.0302,0.2107,1.1114,1.0485,0.0,0
AUDJPY-M15,S2_OpenExhaust,TYO0900,dev,42,0.5238,0.0805,0.0777,0.5477,1.2179,3.3826,0.0,0
AUDJPY-M15,S2_OpenExhaust,LON0800,oos,36,0.4444,-0.0216,-0.0716,-0.1632,0.9349,-0.7774,0.0,0
AUDJPY-M15,S2_OpenExhaust,NY0800,oos,27,0.4074,0.0915,-1.0,0.3776,1.1741,2.4718,0.0,0
AUDJPY-M15,S2_OpenExhaust,NY0930,oos,29,0.3793,-0.3555,-1.0,-2.3715,0.3737,-10.3099,0.0,0
AUDJPY-M15,S2_OpenExhaust,NY1000,oos,33,0.6061,0.1445,0.1066,1.0233,1.5779,4.7687,0.0,0
AUDJPY-M15,S2_OpenExhaust,NY1100,oos,31,0.4516,-0.0727,-0.303,-0.4215,0.8451,-2.2522,0.0,0
AUDJPY-M15,S2_OpenExhaust,NY1300,oos,17,0.5882,0.2579,0.5646,1.0019,1.7263,4.3841,0.0,0
AUDJPY-M15,S2_OpenExhaust,NY1400,oos,26,0.4615,0.0993,-0.0802,0.5696,1.2932,2.5809,0.0,0
AUDJPY-M15,S2_OpenExhaust,NY1800,oos,23,0.3913,-0.1572,-0.1791,-0.8079,0.6847,-3.615,0.0,0
AUDJPY-M15,S2_OpenExhaust,TYO0900,oos,32,0.4375,-0.0128,-0.0733,-0.0806,0.9677,-0.4081,0.0,0
AUDJPY-M15,S3_IBBreak,LON0800,dev,149,0.4228,0.0549,-0.1349,0.7707,1.1724,8.1832,0.0,0
AUDJPY-M15,S3_IBBreak,NY0800,dev,640,0.3859,-0.0036,-0.2302,-0.0912,0.9917,-2.3117,0.0,0
AUDJPY-M15,S3_IBBreak,NY0930,dev,181,0.3978,0.0381,-0.1564,0.5619,1.1063,6.8958,0.0,0
AUDJPY-M15,S3_IBBreak,NY1000,dev,100,0.35,-0.123,-0.3542,-1.3652,0.7277,-12.3045,0.0,0
AUDJPY-M15,S3_IBBreak,NY1100,dev,74,0.3784,-0.1384,-0.1627,-0.8949,0.7135,-10.2401,0.0,1
AUDJPY-M15,S3_IBBreak,NY1300,dev,279,0.319,-0.0894,-0.2851,-1.6361,0.7903,-24.9463,0.0,0
AUDJPY-M15,S3_IBBreak,NY1400,dev,269,0.3606,-0.1268,-0.3316,-2.346,0.7112,-34.1188,0.0,0
AUDJPY-M15,S3_IBBreak,NY1800,dev,615,0.3772,-0.0098,-0.25,-0.2407,0.9778,-6.0081,0.0,0
AUDJPY-M15,S3_IBBreak,TYO0900,dev,403,0.4591,0.0482,-0.041,1.1836,1.1653,19.4333,0.0,0
AUDJPY-M15,S3_IBBreak,LON0800,oos,104,0.4135,0.0133,-0.0955,0.1517,1.0377,1.3786,0.0,0
AUDJPY-M15,S3_IBBreak,NY0800,oos,657,0.3562,-0.0463,-0.3377,-1.2031,0.8977,-30.4237,0.0,0
AUDJPY-M15,S3_IBBreak,NY0930,oos,242,0.376,-0.0803,-0.2046,-1.4478,0.7974,-19.4443,0.0,0
AUDJPY-M15,S3_IBBreak,NY1000,oos,221,0.4163,0.0027,-0.1368,0.0502,1.0086,0.607,0.0,0
AUDJPY-M15,S3_IBBreak,NY1100,oos,55,0.4727,0.0248,-0.112,0.2234,1.0814,1.3663,0.0,0
AUDJPY-M15,S3_IBBreak,NY1300,oos,255,0.3725,-0.0538,-0.25,-0.8987,0.8756,-13.7194,0.0,0
AUDJPY-M15,S3_IBBreak,NY1400,oos,320,0.3781,-0.0253,-0.1793,-0.4954,0.935,-8.1089,0.0,0
AUDJPY-M15,S3_IBBreak,NY1800,oos,497,0.3964,0.0177,-0.2281,0.3904,1.0411,8.797,0.0,0
AUDJPY-M15,S3_IBBreak,TYO0900,oos,401,0.394,0.0154,-0.1836,0.3567,1.0452,6.1668,0.0,0
AUDJPY-M15,S4_OpenRetest,LON0800,dev,315,0.454,-0.0042,-0.1395,-0.0732,0.9908,-1.3075,0.0,0
AUDJPY-M15,S4_OpenRetest,NY0800,dev,402,0.4627,0.0539,-0.1835,1.0081,1.1169,21.6851,0.0,0
AUDJPY-M15,S4_OpenRetest,NY0930,dev,319,0.4013,-0.0769,-0.292,-1.4326,0.8343,-24.5361,0.0,0
AUDJPY-M15,S4_OpenRetest,NY1000,dev,282,0.4787,0.0509,-0.05,0.8459,1.1197,14.3492,0.0,0
AUDJPY-M15,S4_OpenRetest,NY1100,dev,330,0.397,-0.0967,-0.4533,-1.7746,0.8051,-31.897,0.0,0
AUDJPY-M15,S4_OpenRetest,NY1300,dev,328,0.4238,-0.009,-0.2681,-0.1317,0.9807,-2.9546,0.0,0
AUDJPY-M15,S4_OpenRetest,NY1400,dev,375,0.3787,-0.1236,-0.3336,-2.0892,0.7474,-46.3454,0.0,0
AUDJPY-M15,S4_OpenRetest,NY1800,dev,405,0.4444,0.013,-0.336,0.2424,1.0266,5.2817,0.0,0
AUDJPY-M15,S4_OpenRetest,TYO0900,dev,297,0.4411,-0.0327,-0.1817,-0.5753,0.9271,-9.709,0.0,0
AUDJPY-M15,S4_OpenRetest,LON0800,oos,256,0.3906,-0.0644,-0.4044,-1.0222,0.8686,-16.4934,0.0,0
AUDJPY-M15,S4_OpenRetest,NY0800,oos,345,0.4464,0.0456,-0.2878,0.7828,1.0964,15.7227,0.0,0
AUDJPY-M15,S4_OpenRetest,NY0930,oos,263,0.4259,-0.1015,-0.2769,-1.7346,0.7855,-26.6834,0.0,0
AUDJPY-M15,S4_OpenRetest,NY1000,oos,197,0.4315,-0.0462,-0.1931,-0.6774,0.8955,-9.1032,0.0,0
AUDJPY-M15,S4_OpenRetest,NY1100,oos,220,0.4636,0.0848,-0.1245,1.2061,1.2032,18.6569,0.0,0
AUDJPY-M15,S4_OpenRetest,NY1300,oos,280,0.4571,-0.0086,-0.3114,-0.1361,0.9823,-2.3969,0.0,0
AUDJPY-M15,S4_OpenRetest,NY1400,oos,281,0.4057,-0.0125,-0.2295,-0.0936,0.9733,-3.5015,0.0,1
AUDJPY-M15,S4_OpenRetest,NY1800,oos,377,0.4218,-0.0462,-1.0,-0.8264,0.9126,-17.3986,0.0,0
AUDJPY-M15,S4_OpenRetest,TYO0900,oos,273,0.4396,-0.0076,-0.2109,-0.1289,0.9825,-2.079,0.0,0
AUDJPY-M15,S5_LevelSweep,LON0800,dev,161,0.4969,0.0556,0.0,0.7696,1.1542,8.9589,0.0,0
AUDJPY-M15,S5_LevelSweep,NY0800,dev,159,0.4591,0.0312,-0.1151,0.3955,1.0754,4.9623,0.0,0
AUDJPY-M15,S5_LevelSweep,NY0930,dev,193,0.4456,-0.0104,-0.1545,-0.1515,0.9753,-1.9999,0.0,0
AUDJPY-M15,S5_LevelSweep,NY1000,dev,181,0.4199,-0.0583,-0.2762,-0.857,0.8641,-10.5516,0.0,0
AUDJPY-M15,S5_LevelSweep,NY1100,dev,135,0.4667,0.0735,-0.0915,0.8652,1.1877,9.92,0.0,0
AUDJPY-M15,S5_LevelSweep,NY1300,dev,123,0.5203,0.0309,0.0303,0.371,1.0821,3.805,0.0,0
AUDJPY-M15,S5_LevelSweep,NY1400,dev,111,0.4324,-0.0743,-0.1751,-0.8574,0.8294,-8.2489,0.0,0
AUDJPY-M15,S5_LevelSweep,NY1800,dev,176,0.4489,-0.0293,-0.0961,-0.404,0.933,-5.1589,0.0,0
AUDJPY-M15,S5_LevelSweep,TYO0900,dev,221,0.5339,0.1173,0.0674,1.8543,1.3403,25.9341,0.0,0
AUDJPY-M15,S5_LevelSweep,LON0800,oos,146,0.4658,0.095,-0.0554,1.1422,1.2419,13.8669,0.0,0
AUDJPY-M15,S5_LevelSweep,NY0800,oos,151,0.404,-0.1433,-0.5476,-1.8604,0.7143,-21.6436,0.0,0
AUDJPY-M15,S5_LevelSweep,NY0930,oos,177,0.4011,-0.098,-0.2375,-1.4247,0.7787,-17.3397,0.0,0
AUDJPY-M15,S5_LevelSweep,NY1000,oos,166,0.4157,-0.0985,-0.2293,-1.4165,0.7727,-16.3563,0.0,0
AUDJPY-M15,S5_LevelSweep,NY1100,oos,125,0.584,0.114,0.2054,1.4644,1.3567,14.251,0.0,0
AUDJPY-M15,S5_LevelSweep,NY1300,oos,73,0.5616,0.2049,0.2244,1.7668,1.6045,14.9589,0.0,0
AUDJPY-M15,S5_LevelSweep,NY1400,oos,72,0.4306,0.0253,-0.1735,0.2337,1.0661,1.8249,0.0,0
AUDJPY-M15,S5_LevelSweep,NY1800,oos,127,0.3858,-0.1409,-0.3193,-1.661,0.7187,-17.8998,0.0,0
AUDJPY-M15,S5_LevelSweep,TYO0900,oos,206,0.5049,0.0434,0.0241,0.7015,1.1249,8.9371,0.0,0
NAS100-M5,S1_BoxReclaim,LON0800,dev,166,0.4578,-0.0363,-0.0452,-0.8531,0.8512,-6.0207,0.0,0
NAS100-M5,S1_BoxReclaim,NY0800,dev,134,0.5075,-0.0758,0.1536,-1.1372,0.8117,-10.1515,0.0,0
NAS100-M5,S1_BoxReclaim,NY0930,dev,205,0.5268,0.0254,0.0563,0.6889,1.1206,5.2113,0.0,0
NAS100-M5,S1_BoxReclaim,NY1000,dev,209,0.4833,-0.0328,-0.0122,-0.8229,0.8751,-6.8562,0.0,0
NAS100-M5,S1_BoxReclaim,NY1100,dev,192,0.5312,-0.0032,0.0241,-0.0757,0.9874,-0.6147,0.0,0
NAS100-M5,S1_BoxReclaim,NY1300,dev,175,0.52,-0.0157,0.0697,-0.3328,0.9436,-2.746,0.0,0
NAS100-M5,S1_BoxReclaim,NY1400,dev,175,0.5429,-0.0231,0.1478,-0.4404,0.9293,-4.0406,0.0,0
NAS100-M5,S1_BoxReclaim,NY1800,dev,177,0.5141,0.0117,0.041,0.2663,1.047,2.0628,0.0,0
NAS100-M5,S1_BoxReclaim,TYO0900,dev,183,0.5464,-0.0482,0.0415,-1.0395,0.8351,-8.8281,0.0,0
NAS100-M5,S1_BoxReclaim,LON0800,oos,184,0.5272,-0.0025,0.0392,-0.0572,0.9901,-0.4583,0.0,0
NAS100-M5,S1_BoxReclaim,NY0800,oos,130,0.5077,-0.1279,0.0518,-1.8334,0.7141,-16.6276,0.0,0
NAS100-M5,S1_BoxReclaim,NY0930,oos,196,0.5459,0.0252,0.0988,0.6447,1.1121,4.9442,0.0,0
NAS100-M5,S1_BoxReclaim,NY1000,oos,189,0.5079,-0.0092,0.0249,-0.2306,0.9607,-1.7352,0.0,0
NAS100-M5,S1_BoxReclaim,NY1100,oos,179,0.5251,0.0193,0.0447,0.4464,1.0811,3.458,0.0,0
NAS100-M5,S1_BoxReclaim,NY1300,oos,152,0.5,-0.0485,-0.0001,-0.8836,0.8507,-7.3781,0.0,0
NAS100-M5,S1_BoxReclaim,NY1400,oos,157,0.5924,0.0505,0.3285,0.9327,1.1786,7.9214,0.0,0
NAS100-M5,S1_BoxReclaim,NY1800,oos,143,0.5734,0.0124,0.123,0.2557,1.0512,1.7686,0.0,0
NAS100-M5,S1_BoxReclaim,TYO0900,oos,179,0.486,-0.045,-0.039,-1.0118,0.8391,-8.049,0.0,0
NAS100-M5,S2_OpenExhaust,LON0800,dev,33,0.4545,0.0104,-0.7897,0.0517,1.0202,0.3425,0.0,0
NAS100-M5,S2_OpenExhaust,NY0800,dev,49,0.2653,-0.2856,-1.0,-1.649,0.605,-13.9968,0.0,0
NAS100-M5,S2_OpenExhaust,NY0930,dev,39,0.4615,0.1003,-1.0,0.4761,1.1864,3.9136,0.0,0
NAS100-M5,S2_OpenExhaust,NY1000,dev,45,0.4222,0.2438,-1.0,1.0487,1.4409,10.9695,0.0,0
NAS100-M5,S2_OpenExhaust,NY1100,dev,55,0.4182,0.0849,-1.0,0.447,1.1459,4.6685,0.0,0
NAS100-M5,S2_OpenExhaust,NY1300,dev,41,0.4146,0.0269,-1.0,0.1268,1.0461,1.1038,0.0,0
NAS100-M5,S2_OpenExhaust,NY1400,dev,52,0.4423,0.176,-0.7519,0.9652,1.3417,9.1531,0.0,0
NAS100-M5,S2_OpenExhaust,NY1800,dev,14,0.5,0.1766,-0.2019,0.5191,1.3531,2.4718,0.0,0
NAS100-M5,S2_OpenExhaust,TYO0900,dev,24,0.5,0.0174,-0.0247,0.0786,1.0386,0.4164,0.0,0
NAS100-M5,S2_OpenExhaust,LON0800,oos,38,0.3684,-0.1173,-1.0,-0.5668,0.8143,-4.4574,0.0,0
NAS100-M5,S2_OpenExhaust,NY0800,oos,31,0.4194,0.058,-1.0,0.2484,1.0998,1.7971,0.0,0
NAS100-M5,S2_OpenExhaust,NY0930,oos,47,0.4043,0.0884,-1.0,0.44,1.1542,4.1565,0.0,0
NAS100-M5,S2_OpenExhaust,NY1000,oos,53,0.3962,-0.0093,-1.0,-0.0535,0.9836,-0.4941,0.0,0
NAS100-M5,S2_OpenExhaust,NY1100,oos,47,0.5319,0.4235,0.1535,1.9917,1.9657,19.9022,0.0,0
NAS100-M5,S2_OpenExhaust,NY1300,oos,47,0.2766,-0.3183,-1.0,-1.874,0.5546,-14.9591,0.0,0
NAS100-M5,S2_OpenExhaust,NY1400,oos,53,0.5094,0.1227,0.181,0.5775,1.2236,6.503,0.0,1
NAS100-M5,S2_OpenExhaust,NY1800,oos,9,0.3333,-0.09,-1.0,-0.1844,0.865,-0.8098,0.0,0
NAS100-M5,S2_OpenExhaust,TYO0900,oos,36,0.5833,0.233,0.3917,1.2193,1.5592,8.3879,0.0,0
NAS100-M5,S4_OpenRetest,LON0800,dev,92,0.4565,0.0379,-1.0,0.3121,1.0714,3.4855,0.0,0
NAS100-M5,S4_OpenRetest,NY0800,dev,183,0.3825,-0.0747,-1.0,-0.8706,0.8742,-13.6734,0.0,0
NAS100-M5,S4_OpenRetest,NY0930,dev,86,0.4767,0.1068,-0.4413,0.8429,1.2143,9.1881,0.0,0
NAS100-M5,S4_OpenRetest,NY1000,dev,102,0.4216,0.0338,-1.0,0.2885,1.0624,3.4437,0.0,0
NAS100-M5,S4_OpenRetest,NY1100,dev,112,0.3661,-0.0844,-1.0,-0.7731,0.8578,-9.4541,0.0,0
NAS100-M5,S4_OpenRetest,NY1300,dev,134,0.4552,0.1392,-1.0,1.2595,1.2704,18.6527,0.0,0
NAS100-M5,S4_OpenRetest,NY1400,dev,123,0.3659,-0.0831,-1.0,-0.7713,0.8643,-10.2154,0.0,0
NAS100-M5,S4_OpenRetest,NY1800,dev,86,0.3837,-0.0282,-1.0,-0.2213,0.9508,-2.4223,0.0,0
NAS100-M5,S4_OpenRetest,TYO0900,dev,107,0.4766,0.134,-0.4013,1.1742,1.2703,14.3421,0.0,0
NAS100-M5,S4_OpenRetest,LON0800,oos,94,0.4043,-0.0581,-1.0,-0.4888,0.8998,-5.4658,0.0,0
NAS100-M5,S4_OpenRetest,NY0800,oos,166,0.4217,0.065,-1.0,0.6926,1.1182,10.7871,0.0,0
NAS100-M5,S4_OpenRetest,NY0930,oos,88,0.4318,-0.0337,-1.0,-0.278,0.9393,-2.9675,0.0,0
NAS100-M5,S4_OpenRetest,NY1000,oos,82,0.378,-0.1135,-1.0,-0.918,0.8078,-9.3086,0.0,0
NAS100-M5,S4_OpenRetest,NY1100,oos,100,0.43,0.0715,-1.0,0.5654,1.128,7.153,0.0,0
NAS100-M5,S4_OpenRetest,NY1300,oos,108,0.4074,-0.0501,-1.0,-0.4435,0.9145,-5.4131,0.0,0
NAS100-M5,S4_OpenRetest,NY1400,oos,96,0.4583,0.1506,-0.3973,1.1787,1.303,14.4581,0.0,0
NAS100-M5,S4_OpenRetest,NY1800,oos,92,0.4891,0.2289,-0.1019,1.8022,1.4767,21.0557,0.0,0
NAS100-M5,S4_OpenRetest,TYO0900,oos,100,0.4,-0.0302,-1.0,-0.257,0.9475,-3.0201,0.0,0
NAS100-M5,S5_LevelSweep,LON0800,dev,44,0.5227,0.111,0.0829,0.6933,1.2629,4.8824,0.0,0
NAS100-M5,S5_LevelSweep,NY0800,dev,59,0.4068,0.0407,-1.0,0.2588,1.0732,2.4009,0.0,0
NAS100-M5,S5_LevelSweep,NY0930,dev,104,0.4519,0.1083,-0.2152,0.9618,1.2237,11.2643,0.0,0
NAS100-M5,S5_LevelSweep,NY1000,dev,81,0.4938,0.1906,-0.0078,1.4846,1.424,15.4425,0.0,0
NAS100-M5,S5_LevelSweep,NY1100,dev,52,0.3462,-0.1819,-1.0,-1.2361,0.6925,-9.4601,0.0,0
NAS100-M5,S5_LevelSweep,NY1300,dev,52,0.3846,-0.1099,-1.0,-0.7075,0.8112,-5.7139,0.0,0
NAS100-M5,S5_LevelSweep,NY1400,dev,50,0.44,0.0393,-1.0,0.2338,1.0726,1.9639,0.0,0
NAS100-M5,S5_LevelSweep,NY1800,dev,34,0.5,0.1003,-0.0582,0.5579,1.2444,3.4103,0.0,0
NAS100-M5,S5_LevelSweep,TYO0900,dev,37,0.4865,0.1937,-0.0305,1.0618,1.4616,7.1664,0.0,0
NAS100-M5,S5_LevelSweep,LON0800,oos,52,0.4423,0.0091,-0.8965,0.0567,1.0171,0.4739,0.0,0
NAS100-M5,S5_LevelSweep,NY0800,oos,72,0.3056,-0.222,-1.0,-1.7415,0.6445,-15.9866,0.0,0
NAS100-M5,S5_LevelSweep,NY0930,oos,92,0.4022,-0.0389,-0.8733,-0.3297,0.9287,-3.5744,0.0,0
NAS100-M5,S5_LevelSweep,NY1000,oos,79,0.3924,-0.1282,-1.0,-1.081,0.771,-10.128,0.0,0
NAS100-M5,S5_LevelSweep,NY1100,oos,48,0.375,-0.1199,-1.0,-0.775,0.7865,-5.7535,0.0,0
NAS100-M5,S5_LevelSweep,NY1300,oos,46,0.413,0.003,-1.0,0.0167,1.0052,0.136,0.0,0
NAS100-M5,S5_LevelSweep,NY1400,oos,42,0.3095,-0.189,-1.0,-1.0765,0.7046,-7.9369,0.0,0
NAS100-M5,S5_LevelSweep,NY1800,oos,17,0.4118,0.0358,-0.1295,0.136,1.0773,0.6089,0.0,0
NAS100-M5,S5_LevelSweep,TYO0900,oos,28,0.5,0.1974,0.1859,1.0246,1.5684,5.5282,0.0,0
US500-M5,S1_BoxReclaim,LON0800,dev,173,0.4566,-0.0816,-0.0372,-1.9142,0.7006,-14.1102,0.0,0
US500-M5,S1_BoxReclaim,NY0800,dev,121,0.5124,-0.1031,0.0943,-1.4894,0.7465,-12.4805,0.0,0
US500-M5,S1_BoxReclaim,NY0930,dev,191,0.5079,-0.0002,0.0105,-0.0054,0.9991,-0.0409,0.0,0
US500-M5,S1_BoxReclaim,NY1000,dev,208,0.5288,0.0332,0.0495,0.8773,1.1565,6.9151,0.0,0
US500-M5,S1_BoxReclaim,NY1100,dev,180,0.5611,0.0377,0.1375,0.87,1.1593,6.7888,0.0,0
US500-M5,S1_BoxReclaim,NY1300,dev,158,0.481,-0.057,-0.0506,-1.0718,0.8224,-9.0039,0.0,0
US500-M5,S1_BoxReclaim,NY1400,dev,153,0.6013,0.1201,0.4725,2.3194,1.511,18.3818,0.0,0
US500-M5,S1_BoxReclaim,NY1800,dev,151,0.5364,0.007,0.0741,0.1338,1.0252,1.0499,0.0,0
US500-M5,S1_BoxReclaim,TYO0900,dev,171,0.4912,-0.0219,-0.0291,-0.4936,0.9154,-3.7396,0.0,0
US500-M5,S1_BoxReclaim,LON0800,oos,166,0.506,-0.0161,0.0244,-0.3373,0.9419,-2.6707,0.0,0
US500-M5,S1_BoxReclaim,NY0800,oos,130,0.5231,-0.093,0.0679,-1.3957,0.7691,-12.086,0.0,0
US500-M5,S1_BoxReclaim,NY0930,oos,181,0.5138,0.0047,0.0341,0.1131,1.0201,0.8554,0.0,0
US500-M5,S1_BoxReclaim,NY1000,oos,186,0.4946,-0.0187,-0.0036,-0.4508,0.9253,-3.4736,0.0,0
US500-M5,S1_BoxReclaim,NY1100,oos,189,0.6032,0.0602,0.2092,1.3323,1.2459,11.3821,0.0,0
US500-M5,S1_BoxReclaim,NY1300,oos,167,0.5449,-0.0279,0.129,-0.5229,0.9147,-4.6555,0.0,0
US500-M5,S1_BoxReclaim,NY1400,oos,146,0.5753,0.0674,0.2671,1.197,1.247,9.8392,0.0,0
US500-M5,S1_BoxReclaim,NY1800,oos,138,0.5145,-0.021,0.0281,-0.4423,0.9137,-2.8972,0.0,0
US500-M5,S1_BoxReclaim,TYO0900,oos,189,0.5185,-0.0226,0.0473,-0.5064,0.9185,-4.279,0.0,0
US500-M5,S2_OpenExhaust,LON0800,dev,37,0.2973,-0.1803,-1.0,-0.8564,0.7353,-6.672,0.0,0
US500-M5,S2_OpenExhaust,NY0800,dev,41,0.5122,0.2279,0.0014,1.1287,1.483,9.3455,0.0,0
US500-M5,S2_OpenExhaust,NY0930,dev,48,0.3542,-0.0733,-1.0,-0.4332,0.8668,-3.5203,0.0,0
US500-M5,S2_OpenExhaust,NY1000,dev,51,0.3922,0.0697,-0.5407,0.386,1.1341,3.5566,0.0,0
US500-M5,S2_OpenExhaust,NY1100,dev,46,0.4783,0.0803,-1.0,0.427,1.1538,3.6924,0.0,0
US500-M5,S2_OpenExhaust,NY1300,dev,53,0.3396,-0.1573,-1.0,-0.9102,0.7603,-8.3364,0.0,0
US500-M5,S2_OpenExhaust,NY1400,dev,37,0.3243,-0.1708,-1.0,-0.7787,0.7436,-6.319,0.0,0
US500-M5,S2_OpenExhaust,NY1800,dev,30,0.4,0.0464,-1.0,0.1828,1.0774,1.3933,0.0,0
US500-M5,S2_OpenExhaust,TYO0900,dev,25,0.48,0.0921,-0.3271,0.3736,1.1966,2.3031,0.0,0
US500-M5,S2_OpenExhaust,LON0800,oos,49,0.3265,-0.2501,-1.0,-1.5793,0.6115,-12.2546,0.0,0
US500-M5,S2_OpenExhaust,NY0800,oos,44,0.4545,0.2657,-1.0,1.1719,1.4848,11.6914,0.0,0
US500-M5,S2_OpenExhaust,NY0930,oos,50,0.38,0.0134,-1.0,0.0684,1.0216,0.6681,0.0,0
US500-M5,S2_OpenExhaust,NY1000,oos,44,0.2955,-0.2033,-1.0,-1.0046,0.7079,-8.9468,0.0,0
US500-M5,S2_OpenExhaust,NY1100,oos,33,0.4545,0.2329,-1.0,0.8678,1.4331,7.6846,0.0,0
US500-M5,S2_OpenExhaust,NY1300,oos,66,0.3636,-0.058,-1.0,-0.3538,0.9074,-3.8253,0.0,0
US500-M5,S2_OpenExhaust,NY1400,oos,54,0.463,0.1283,-1.0,0.7377,1.2408,6.9287,0.0,0
US500-M5,S2_OpenExhaust,NY1800,oos,17,0.2353,-0.2684,-1.0,-0.8438,0.6369,-4.5626,0.0,0
US500-M5,S2_OpenExhaust,TYO0900,oos,30,0.6,0.3441,0.4402,1.4786,1.9282,10.3221,0.0,0
US500-M5,S3_IBBreak,LON0800,dev,1,0.0,-1.0241,-1.0241,,0.0,-1.0241,0.0,0
US500-M5,S3_IBBreak,NY0800,dev,7,0.7143,0.7444,1.165,1.6045,4.7568,5.2106,0.0,0
US500-M5,S3_IBBreak,NY1100,dev,3,0.0,-0.7137,-1.0,-2.4925,0.0,-2.141,0.0,0
US500-M5,S3_IBBreak,NY1300,dev,3,0.0,-1.0,-1.0,,0.0,-3.0,0.0,0
US500-M5,S3_IBBreak,NY1800,dev,37,0.4324,0.01,-0.4239,0.0574,1.0217,0.3709,0.0,0
US500-M5,S3_IBBreak,TYO0900,dev,2,0.5,-0.2044,-0.2044,-0.9262,0.0383,-0.4088,0.0,0
US500-M5,S3_IBBreak,NY0800,oos,2,0.0,-0.3807,-0.3807,-1.1644,0.0,-0.7614,0.0,0
US500-M5,S3_IBBreak,NY1300,oos,1,0.0,-1.0,-1.0,,0.0,-1.0,0.0,0
US500-M5,S3_IBBreak,NY1400,oos,1,0.0,-1.0,-1.0,,0.0,-1.0,0.0,0
US500-M5,S3_IBBreak,NY1800,oos,13,0.4615,0.3182,-0.1636,1.0034,2.0049,4.1363,0.0,0
US500-M5,S4_OpenRetest,LON0800,dev,92,0.3696,-0.0745,-1.0,-0.6068,0.8749,-6.8546,0.0,0
US500-M5,S4_OpenRetest,NY0800,dev,161,0.3913,-0.0554,-1.0,-0.5974,0.9049,-8.9187,0.0,0
US500-M5,S4_OpenRetest,NY0930,dev,86,0.407,-0.0395,-1.0,-0.3116,0.9313,-3.3975,0.0,0
US500-M5,S4_OpenRetest,NY1000,dev,113,0.3717,-0.0618,-1.0,-0.5534,0.8946,-6.9836,0.0,0
US500-M5,S4_OpenRetest,NY1100,dev,92,0.3152,-0.213,-1.0,-1.8025,0.6767,-19.5919,0.0,0
US500-M5,S4_OpenRetest,NY1300,dev,140,0.4286,0.058,-1.0,0.5563,1.1031,8.1222,0.0,0
US500-M5,S4_OpenRetest,NY1400,dev,125,0.48,0.148,-0.691,1.1906,1.2732,18.5062,0.0,1
US500-M5,S4_OpenRetest,NY1800,dev,103,0.4078,0.0098,-1.0,0.0811,1.0174,1.0096,0.0,0
US500-M5,S4_OpenRetest,TYO0900,dev,96,0.4479,0.0098,-1.0,0.0818,1.0179,0.937,0.0,0
US500-M5,S4_OpenRetest,LON0800,oos,81,0.4444,0.0727,-0.3612,0.5693,1.1452,5.8853,0.0,0
US500-M5,S4_OpenRetest,NY0800,oos,161,0.3913,-0.0295,-1.0,-0.3177,0.9491,-4.7542,0.0,0
US500-M5,S4_OpenRetest,NY0930,oos,85,0.4,-0.1408,-1.0,-1.233,0.7464,-11.9672,0.0,0
US500-M5,S4_OpenRetest,NY1000,oos,91,0.3956,-0.0756,-1.0,-0.6211,0.8726,-6.8781,0.0,0
US500-M5,S4_OpenRetest,NY1100,oos,101,0.3564,-0.1521,-1.0,-1.3426,0.7558,-15.3667,0.0,0
US500-M5,S4_OpenRetest,NY1300,oos,106,0.4623,0.1427,-1.0,1.1897,1.2722,15.1233,0.0,0
US500-M5,S4_OpenRetest,NY1400,oos,87,0.4138,0.0353,-1.0,0.2493,1.0619,3.0736,0.0,0
US500-M5,S4_OpenRetest,NY1800,oos,87,0.5172,0.2387,0.2074,1.7666,1.5107,20.7638,0.0,0
US500-M5,S4_OpenRetest,TYO0900,oos,115,0.4435,0.058,-1.0,0.5197,1.1084,6.6725,0.0,0
US500-M5,S5_LevelSweep,LON0800,dev,44,0.2955,-0.3435,-1.0,-2.4921,0.4348,-15.1141,0.0,0
US500-M5,S5_LevelSweep,NY0800,dev,57,0.3684,-0.1001,-1.0,-0.654,0.8297,-5.7075,0.0,0
US500-M5,S5_LevelSweep,NY0930,dev,86,0.3372,-0.1709,-1.0,-1.4321,0.7203,-14.6977,0.0,0
US500-M5,S5_LevelSweep,NY1000,dev,72,0.25,-0.2967,-1.0,-2.4748,0.5274,-21.362,0.0,0
US500-M5,S5_LevelSweep,NY1100,dev,64,0.4062,-0.0435,-1.0,-0.2953,0.9246,-2.7851,0.0,0
US500-M5,S5_LevelSweep,NY1300,dev,47,0.4043,0.0256,-1.0,0.1412,1.0457,1.2049,0.0,0
US500-M5,S5_LevelSweep,NY1400,dev,55,0.3455,-0.1264,-1.0,-0.8414,0.7831,-6.9532,0.0,0
US500-M5,S5_LevelSweep,NY1800,dev,35,0.4571,0.064,-0.0712,0.3362,1.1404,2.2405,0.0,0
US500-M5,S5_LevelSweep,TYO0900,dev,47,0.5106,0.1916,0.1289,1.1125,1.4173,9.0075,0.0,0
US500-M5,S5_LevelSweep,LON0800,oos,48,0.5417,0.2374,0.0764,1.5364,1.6547,11.3951,0.0,0
US500-M5,S5_LevelSweep,NY0800,oos,56,0.3214,-0.1694,-1.0,-1.0823,0.7404,-9.4885,0.0,0
US500-M5,S5_LevelSweep,NY0930,oos,97,0.4433,0.0654,-1.0,0.5427,1.1258,6.3462,0.0,0
US500-M5,S5_LevelSweep,NY1000,oos,83,0.4578,0.0486,-0.6212,0.383,1.0944,4.032,0.0,0
US500-M5,S5_LevelSweep,NY1100,oos,62,0.4194,-0.0516,-1.0,-0.3467,0.9111,-3.2011,0.0,0
US500-M5,S5_LevelSweep,NY1300,oos,54,0.537,0.2705,0.2171,1.6597,1.6101,14.6062,0.0,0
US500-M5,S5_LevelSweep,NY1400,oos,57,0.4912,0.1438,-0.0578,0.9391,1.3038,8.1945,0.0,0
US500-M5,S5_LevelSweep,NY1800,oos,16,0.4375,0.0648,-0.3038,0.242,1.1479,1.0367,0.0,0
US500-M5,S5_LevelSweep,TYO0900,oos,28,0.4286,0.0102,-0.2446,0.052,1.0227,0.2842,0.0,0
US30-M5,S1_BoxReclaim,LON0800,dev,184,0.462,-0.0452,-0.0456,-1.1601,0.8098,-8.3206,0.0,0
US30-M5,S1_BoxReclaim,NY0800,dev,137,0.5182,-0.0936,0.4539,-1.377,0.7816,-12.8273,0.0,0
US30-M5,S1_BoxReclaim,NY0930,dev,176,0.4886,-0.0057,-0.0123,-0.1523,0.9728,-1.0001,0.0,0
US30-M5,S1_BoxReclaim,NY1000,dev,204,0.5294,0.0244,0.0583,0.6472,1.1137,4.9675,0.0,0
US30-M5,S1_BoxReclaim,NY1100,dev,157,0.6051,0.0733,0.2083,1.5472,1.3313,11.5146,0.0,0
US30-M5,S1_BoxReclaim,NY1300,dev,155,0.4839,-0.1228,-0.0491,-2.2531,0.6641,-19.0299,0.0,0
US30-M5,S1_BoxReclaim,NY1400,dev,145,0.5655,0.0173,0.1519,0.3179,1.0614,2.5021,0.0,0
US30-M5,S1_BoxReclaim,NY1800,dev,183,0.4863,-0.055,-0.0456,-1.1872,0.8173,-10.0657,0.0,0
US30-M5,S1_BoxReclaim,TYO0900,dev,181,0.5083,-0.0038,0.0216,-0.0886,0.9844,-0.6792,0.0,0
US30-M5,S1_BoxReclaim,LON0800,oos,164,0.5549,0.0319,0.0664,0.6898,1.134,5.2289,0.0,0
US30-M5,S1_BoxReclaim,NY0800,oos,139,0.4964,-0.1367,-0.0703,-2.0426,0.6951,-18.9958,0.0,0
US30-M5,S1_BoxReclaim,NY0930,oos,197,0.5178,0.0201,0.0114,0.5747,1.1061,3.9599,0.0,0
US30-M5,S1_BoxReclaim,NY1000,oos,186,0.4946,-0.0072,-0.0075,-0.1782,0.969,-1.3392,0.0,0
US30-M5,S1_BoxReclaim,NY1100,oos,179,0.5587,0.0419,0.1608,0.8918,1.1639,7.5019,0.0,0
US30-M5,S1_BoxReclaim,NY1300,oos,152,0.5263,-0.0063,0.042,-0.1157,0.9793,-0.961,0.0,0
US30-M5,S1_BoxReclaim,NY1400,oos,158,0.5759,0.0179,0.2536,0.3206,1.0576,2.832,0.0,0
US30-M5,S1_BoxReclaim,NY1800,oos,186,0.5215,0.0032,0.0392,0.0757,1.0134,0.599,0.0,0
US30-M5,S1_BoxReclaim,TYO0900,oos,194,0.5103,-0.0123,0.0321,-0.2922,0.9515,-2.3806,0.0,0
US30-M5,S2_OpenExhaust,LON0800,dev,46,0.3478,-0.011,-1.0,-0.0548,0.9819,-0.5044,0.0,0
US30-M5,S2_OpenExhaust,NY0800,dev,49,0.3673,-0.0,-1.0,-0.0002,0.9999,-0.0019,0.0,0
US30-M5,S2_OpenExhaust,NY0930,dev,49,0.2245,-0.4471,-1.0,-2.9219,0.3876,-21.9101,0.0,0
US30-M5,S2_OpenExhaust,NY1000,dev,50,0.4,0.0104,-1.0,0.0548,1.0181,0.5188,0.0,0
US30-M5,S2_OpenExhaust,NY1100,dev,48,0.5417,0.2548,0.2702,1.3959,1.5928,12.2296,0.0,0
US30-M5,S2_OpenExhaust,NY1300,dev,52,0.2692,-0.3163,-1.0,-1.9374,0.5559,-16.4468,0.0,0
US30-M5,S2_OpenExhaust,NY1400,dev,45,0.4,-0.1789,-1.0,-1.1574,0.6959,-8.0495,0.0,0
US30-M5,S2_OpenExhaust,NY1800,dev,32,0.4688,0.2131,-0.5783,0.8579,1.4221,6.8201,0.0,0
US30-M5,S2_OpenExhaust,TYO0900,dev,35,0.3714,-0.0081,-1.0,-0.0351,0.9862,-0.2839,0.0,0
US30-M5,S2_OpenExhaust,LON0800,oos,45,0.4222,-0.0529,-1.0,-0.3204,0.8987,-2.381,0.0,0
US30-M5,S2_OpenExhaust,NY0800,oos,42,0.4048,0.1019,-1.0,0.4494,1.1711,4.2785,0.0,0
US30-M5,S2_OpenExhaust,NY0930,oos,42,0.381,0.0398,-1.0,0.1813,1.0642,1.6703,0.0,0
US30-M5,S2_OpenExhaust,NY1000,oos,49,0.3265,-0.1087,-1.0,-0.5897,0.8271,-5.3286,0.0,0
US30-M5,S2_OpenExhaust,NY1100,oos,33,0.4242,0.1198,-1.0,0.501,1.2162,3.954,0.0,0
US30-M5,S2_OpenExhaust,NY1300,oos,70,0.3143,-0.1728,-1.0,-1.1084,0.7441,-12.0957,0.0,0
US30-M5,S2_OpenExhaust,NY1400,oos,59,0.4237,0.0002,-1.0,0.0009,1.0003,0.0091,0.0,1
US30-M5,S2_OpenExhaust,NY1800,oos,14,0.5,0.4466,-0.4807,0.9478,1.8931,6.2518,0.0,0
US30-M5,S2_OpenExhaust,TYO0900,oos,25,0.68,0.9138,0.7647,3.027,4.2409,22.8446,0.0,0
US30-M5,S4_OpenRetest,LON0800,dev,89,0.5506,0.3525,0.7127,2.7662,1.8468,31.3747,0.0,0
US30-M5,S4_OpenRetest,NY0800,dev,141,0.4326,0.0489,-1.0,0.4863,1.0894,6.888,0.0,0
US30-M5,S4_OpenRetest,NY0930,dev,69,0.4058,0.0487,-0.8557,0.3445,1.0927,3.3577,0.0,0
US30-M5,S4_OpenRetest,NY1000,dev,98,0.5306,0.3064,0.4806,2.5163,1.6995,30.0231,0.0,0
US30-M5,S4_OpenRetest,NY1100,dev,114,0.3772,-0.1348,-1.0,-1.2605,0.7783,-15.3652,0.0,0
US30-M5,S4_OpenRetest,NY1300,dev,134,0.5149,0.2615,0.4609,2.4672,1.5573,35.0392,0.0,0
US30-M5,S4_OpenRetest,NY1400,dev,119,0.4538,0.1061,-0.2452,0.9929,1.2149,12.6249,0.0,0
US30-M5,S4_OpenRetest,NY1800,dev,106,0.4245,-0.0004,-1.0,-0.0039,0.9992,-0.0468,0.0,0
US30-M5,S4_OpenRetest,TYO0900,dev,95,0.3263,-0.2431,-1.0,-2.2055,0.6219,-23.0942,0.0,0
US30-M5,S4_OpenRetest,LON0800,oos,81,0.5309,0.2213,0.2086,1.7107,1.4985,17.9239,0.0,0
US30-M5,S4_OpenRetest,NY0800,oos,165,0.4606,0.1254,-1.0,1.3298,1.2406,20.6888,0.0,0
US30-M5,S4_OpenRetest,NY0930,oos,65,0.4308,-0.0645,-1.0,-0.4719,0.8806,-4.1955,0.0,0
US30-M5,S4_OpenRetest,NY1000,oos,78,0.3846,-0.064,-1.0,-0.4884,0.8905,-4.9947,0.0,0
US30-M5,S4_OpenRetest,NY1100,oos,121,0.4298,0.0763,-1.0,0.6938,1.1404,9.2373,0.0,0
US30-M5,S4_OpenRetest,NY1300,oos,107,0.3832,-0.0538,-1.0,-0.4716,0.9097,-5.7586,0.0,0
US30-M5,S4_OpenRetest,NY1400,oos,105,0.3714,-0.1291,-1.0,-1.0696,0.7943,-13.5569,0.0,1
US30-M5,S4_OpenRetest,NY1800,oos,101,0.4158,0.0199,-1.0,0.1686,1.0357,2.0149,0.0,0
US30-M5,S4_OpenRetest,TYO0900,oos,102,0.451,0.0121,-1.0,0.1058,1.0225,1.2296,0.0,0
US30-M5,S5_LevelSweep,LON0800,dev,57,0.5965,0.2593,0.3528,1.839,1.7167,14.7785,0.0,0
US30-M5,S5_LevelSweep,NY0800,dev,71,0.4085,0.0101,-0.789,0.074,1.0192,0.7168,0.0,0
US30-M5,S5_LevelSweep,NY0930,dev,87,0.4368,0.0482,-0.2108,0.4024,1.0988,4.1965,0.0,0
US30-M5,S5_LevelSweep,NY1000,dev,62,0.2742,-0.2667,-1.0,-2.0733,0.5564,-16.5326,0.0,0
US30-M5,S5_LevelSweep,NY1100,dev,46,0.3696,-0.0889,-1.0,-0.5286,0.8451,-4.0893,0.0,0
US30-M5,S5_LevelSweep,NY1300,dev,36,0.3611,-0.1716,-1.0,-0.9903,0.6958,-6.1784,0.0,0
US30-M5,S5_LevelSweep,NY1400,dev,38,0.4737,0.1003,-0.6837,0.519,1.1968,3.8113,0.0,0
US30-M5,S5_LevelSweep,NY1800,dev,47,0.5745,0.2803,0.42,1.8308,1.8253,13.1735,0.0,0
US30-M5,S5_LevelSweep,TYO0900,dev,48,0.5208,0.1478,0.1924,0.9189,1.3325,7.0938,0.0,0
US30-M5,S5_LevelSweep,LON0800,oos,49,0.5306,0.2176,0.1331,1.3744,1.5292,10.6633,0.0,0
US30-M5,S5_LevelSweep,NY0800,oos,63,0.4444,0.044,-0.3199,0.315,1.0892,2.774,0.0,0
US30-M5,S5_LevelSweep,NY0930,oos,101,0.396,-0.0473,-0.3891,-0.4428,0.9078,-4.7761,0.0,0
US30-M5,S5_LevelSweep,NY1000,oos,80,0.475,0.0906,-0.4028,0.7066,1.1825,7.2484,0.0,0
US30-M5,S5_LevelSweep,NY1100,oos,52,0.4615,0.1173,-0.153,0.7555,1.26,6.0973,0.0,0
US30-M5,S5_LevelSweep,NY1300,oos,59,0.2881,-0.2874,-1.0,-1.9767,0.5873,-16.9564,0.0,0
US30-M5,S5_LevelSweep,NY1400,oos,57,0.4386,0.0371,-1.0,0.2393,1.0689,2.1151,0.0,0
US30-M5,S5_LevelSweep,NY1800,oos,23,0.3478,-0.2999,-1.0,-1.4025,0.5308,-6.8967,0.0,0
US30-M5,S5_LevelSweep,TYO0900,oos,24,0.375,-0.0561,-0.3453,-0.2772,0.8772,-1.3459,0.0,0
DAX-M5,S1_BoxReclaim,LON0800,dev,187,0.5187,-0.0114,0.021,-0.3447,0.938,-2.131,0.0,0
DAX-M5,S1_BoxReclaim,NY0800,dev,164,0.5122,-0.0825,0.0347,-1.4685,0.7754,-13.5246,0.0,0
DAX-M5,S1_BoxReclaim,NY0930,dev,167,0.5988,0.1007,0.1446,2.4155,1.5594,16.8128,0.0,0
DAX-M5,S1_BoxReclaim,NY1000,dev,186,0.4785,-0.0443,-0.0347,-1.0639,0.8293,-8.2335,0.0,0
DAX-M5,S1_BoxReclaim,NY1100,dev,165,0.5333,0.0058,0.0334,0.144,1.0278,0.9526,0.0,0
DAX-M5,S1_BoxReclaim,NY1300,dev,166,0.5,-0.0675,-0.0002,-1.287,0.7986,-11.1978,0.0,0
DAX-M5,S1_BoxReclaim,NY1400,dev,139,0.5396,-0.0026,0.1587,-0.0465,0.991,-0.363,0.0,0
DAX-M5,S1_BoxReclaim,NY1800,dev,139,0.6043,0.0419,0.2331,0.6322,1.1422,5.8228,0.0,1
DAX-M5,S1_BoxReclaim,TYO0900,dev,78,0.5897,0.109,0.1054,1.7136,1.5693,8.4989,0.0,0
DAX-M5,S1_BoxReclaim,LON0800,oos,188,0.5266,0.0162,0.0367,0.4303,1.0793,3.0373,0.0,0
DAX-M5,S1_BoxReclaim,NY0800,oos,139,0.5036,-0.092,0.0827,-1.4565,0.7653,-12.7872,0.0,0
DAX-M5,S1_BoxReclaim,NY0930,oos,188,0.4574,-0.0707,-0.0634,-1.5572,0.7705,-13.2952,0.0,0
DAX-M5,S1_BoxReclaim,NY1000,oos,178,0.4775,-0.0248,-0.0217,-0.6076,0.8959,-4.4101,0.0,0
DAX-M5,S1_BoxReclaim,NY1100,oos,183,0.5301,-0.008,0.041,-0.1875,0.9678,-1.4599,0.0,0
DAX-M5,S1_BoxReclaim,NY1300,oos,168,0.5119,-0.0096,0.0842,-0.1908,0.9671,-1.6106,0.0,0
DAX-M5,S1_BoxReclaim,NY1400,oos,164,0.5244,-0.0355,0.0964,-0.6749,0.8873,-5.8291,0.0,0
DAX-M5,S1_BoxReclaim,NY1800,oos,138,0.4348,-0.0474,-0.0686,-0.9059,0.8334,-6.5477,0.0,0
DAX-M5,S1_BoxReclaim,TYO0900,oos,95,0.5263,-0.0081,0.0728,-0.1365,0.9672,-0.7726,0.0,0
DAX-M5,S2_OpenExhaust,LON0800,dev,46,0.2391,-0.3239,-1.0,-1.9379,0.5239,-14.8987,0.0,0
DAX-M5,S2_OpenExhaust,NY0800,dev,49,0.4694,0.3459,-1.0,1.5835,1.6636,16.9509,0.0,0
DAX-M5,S2_OpenExhaust,NY0930,dev,50,0.22,-0.3359,-1.0,-2.1186,0.5148,-16.7971,0.0,0
DAX-M5,S2_OpenExhaust,NY1000,dev,47,0.234,-0.3832,-1.0,-2.4482,0.4616,-18.012,0.0,0
DAX-M5,S2_OpenExhaust,NY1100,dev,47,0.5957,0.3503,0.3306,1.8613,1.9101,16.4619,0.0,0
DAX-M5,S2_OpenExhaust,NY1300,dev,40,0.35,-0.0351,-1.0,-0.1593,0.9435,-1.4057,0.0,0
DAX-M5,S2_OpenExhaust,NY1400,dev,34,0.3824,0.0069,-1.0,0.0301,1.0117,0.2347,0.0,0
DAX-M5,S2_OpenExhaust,NY1800,dev,28,0.4286,0.3768,-1.0,1.1477,1.6756,10.5491,0.0,0
DAX-M5,S2_OpenExhaust,TYO0900,dev,41,0.2683,-0.2164,-1.0,-1.1148,0.6806,-8.8734,0.0,0
DAX-M5,S2_OpenExhaust,LON0800,oos,52,0.3654,0.0472,-1.0,0.2559,1.0844,2.4552,0.0,0
DAX-M5,S2_OpenExhaust,NY0800,oos,47,0.3191,-0.2331,-1.0,-1.3948,0.6518,-10.9544,0.0,0
DAX-M5,S2_OpenExhaust,NY0930,oos,56,0.1964,-0.3656,-1.0,-2.3847,0.4798,-20.471,0.0,0
DAX-M5,S2_OpenExhaust,NY1000,oos,47,0.3191,-0.1079,-1.0,-0.5876,0.8153,-5.0698,0.0,0
DAX-M5,S2_OpenExhaust,NY1100,oos,40,0.4,-0.029,-0.8167,-0.1485,0.9468,-1.16,0.0,0
DAX-M5,S2_OpenExhaust,NY1300,oos,54,0.4444,0.1512,-1.0,0.8212,1.2833,8.1639,0.0,0
DAX-M5,S2_OpenExhaust,NY1400,oos,45,0.4889,0.093,-0.7113,0.4665,1.1679,4.1854,0.0,0
DAX-M5,S2_OpenExhaust,NY1800,oos,18,0.5556,0.3852,0.5376,1.1476,1.8666,6.9328,0.0,0
DAX-M5,S2_OpenExhaust,TYO0900,oos,34,0.3529,-0.0016,-0.5685,-0.0076,0.997,-0.0545,0.0,0
DAX-M5,S3_IBBreak,NY1300,dev,5,0.2,-0.5977,-1.0,-1.5716,0.2358,-2.9885,0.0,0
DAX-M5,S3_IBBreak,NY1400,dev,10,0.5,-0.0957,-0.2374,-0.2944,0.7896,-0.9571,0.0,0
DAX-M5,S3_IBBreak,NY1800,dev,31,0.3871,-0.0509,-0.3069,-0.2704,0.8924,-1.5783,0.0,0
DAX-M5,S3_IBBreak,TYO0900,dev,1,1.0,0.0021,0.0021,,inf,0.0021,0.0,0
DAX-M5,S3_IBBreak,NY1300,oos,2,0.0,-0.6262,-0.6262,-1.6753,0.0,-1.2524,0.0,0
DAX-M5,S3_IBBreak,NY1400,oos,5,0.2,-2.0291,-1.0,-1.2213,0.1301,-10.1455,0.0,1
DAX-M5,S3_IBBreak,NY1800,oos,15,0.4,0.0828,-0.1681,0.2321,1.1564,1.2415,0.0,0
DAX-M5,S4_OpenRetest,LON0800,dev,64,0.4219,-0.043,-1.0,-0.3042,0.9221,-2.7525,0.0,0
DAX-M5,S4_OpenRetest,NY0800,dev,134,0.4328,0.0488,-1.0,0.4725,1.0885,6.5414,0.0,0
DAX-M5,S4_OpenRetest,NY0930,dev,96,0.3542,-0.1767,-1.0,-1.5996,0.7057,-16.9595,0.0,0
DAX-M5,S4_OpenRetest,NY1000,dev,98,0.5,0.2184,-0.0559,1.825,1.479,21.3994,0.0,0
DAX-M5,S4_OpenRetest,NY1100,dev,107,0.4486,0.0862,-0.2578,0.7905,1.18,9.2281,0.0,0
DAX-M5,S4_OpenRetest,NY1300,dev,113,0.3363,-0.1761,-1.0,-1.6313,0.7261,-19.8977,0.0,0
DAX-M5,S4_OpenRetest,NY1400,dev,130,0.4231,-0.0014,-1.0,-0.0134,0.9974,-0.1877,0.0,0
DAX-M5,S4_OpenRetest,NY1800,dev,112,0.4196,0.08,-1.0,0.6105,1.1438,8.9637,0.0,1
DAX-M5,S4_OpenRetest,TYO0900,dev,108,0.3704,-0.0588,-1.0,-0.5201,0.8992,-6.3531,0.0,0
DAX-M5,S4_OpenRetest,LON0800,oos,70,0.4143,0.0032,-1.0,0.0237,1.0061,0.2271,0.0,0
DAX-M5,S4_OpenRetest,NY0800,oos,137,0.3431,-0.2,-1.0,-2.0993,0.6885,-27.3978,0.0,0
DAX-M5,S4_OpenRetest,NY0930,oos,102,0.4118,-0.0086,-1.0,-0.074,0.9847,-0.8768,0.0,0
DAX-M5,S4_OpenRetest,NY1000,oos,87,0.3908,-0.0844,-1.0,-0.6952,0.8544,-7.3406,0.0,0
DAX-M5,S4_OpenRetest,NY1100,oos,105,0.4095,-0.027,-1.0,-0.2426,0.9506,-2.8302,0.0,0
DAX-M5,S4_OpenRetest,NY1300,oos,104,0.3846,-0.0485,-1.0,-0.4153,0.918,-5.0413,0.0,0
DAX-M5,S4_OpenRetest,NY1400,oos,113,0.3628,-0.0203,-1.0,-0.1441,0.965,-2.2947,0.0,0
DAX-M5,S4_OpenRetest,NY1800,oos,122,0.5082,0.2077,0.0639,1.8147,1.4271,25.3354,0.0,0
DAX-M5,S4_OpenRetest,TYO0900,oos,105,0.4857,0.2017,-0.0709,1.7152,1.4263,21.1796,0.0,0
DAX-M5,S5_LevelSweep,LON0800,dev,92,0.3804,-0.1429,-0.8643,-1.3164,0.7418,-13.1467,0.0,0
DAX-M5,S5_LevelSweep,NY0800,dev,53,0.4906,0.2163,-0.3674,1.2771,1.4475,11.4664,0.0,0
DAX-M5,S5_LevelSweep,NY0930,dev,59,0.339,-0.1255,-1.0,-0.8633,0.785,-7.4026,0.0,0
DAX-M5,S5_LevelSweep,NY1000,dev,56,0.3929,-0.1024,-1.0,-0.7286,0.8098,-5.733,0.0,0
DAX-M5,S5_LevelSweep,NY1100,dev,50,0.42,0.0312,-0.4186,0.203,1.0657,1.5606,0.0,0
DAX-M5,S5_LevelSweep,NY1300,dev,22,0.4545,0.0792,-0.7374,0.3089,1.1518,1.7416,0.0,0
DAX-M5,S5_LevelSweep,NY1400,dev,35,0.4,0.1466,-0.496,0.6867,1.2898,5.1306,0.0,0
DAX-M5,S5_LevelSweep,NY1800,dev,40,0.475,0.1122,-0.0053,0.5961,1.2516,4.4868,0.0,0
DAX-M5,S5_LevelSweep,TYO0900,dev,45,0.4667,0.0256,-0.2447,0.1603,1.0541,1.1534,0.0,0
DAX-M5,S5_LevelSweep,LON0800,oos,96,0.4479,0.0253,-1.0,0.2137,1.0473,2.4268,0.0,0
DAX-M5,S5_LevelSweep,NY0800,oos,57,0.4386,0.0668,-1.0,0.4171,1.1239,3.8083,0.0,0
DAX-M5,S5_LevelSweep,NY0930,oos,63,0.4921,0.1891,-0.0584,1.2545,1.3952,11.9143,0.0,0
DAX-M5,S5_LevelSweep,NY1000,oos,39,0.6154,0.3372,0.2435,1.9677,2.0325,13.1521,0.0,0
DAX-M5,S5_LevelSweep,NY1100,oos,29,0.5172,0.0933,0.0492,0.4963,1.2448,2.7061,0.0,0
DAX-M5,S5_LevelSweep,NY1300,oos,30,0.4667,0.189,-0.414,0.8652,1.4002,5.6699,0.0,0
DAX-M5,S5_LevelSweep,NY1400,oos,35,0.6,0.4439,1.2748,2.2138,2.2107,15.5351,0.0,0
DAX-M5,S5_LevelSweep,NY1800,oos,27,0.6667,0.5897,0.9869,2.7286,3.1562,15.9221,0.0,0
DAX-M5,S5_LevelSweep,TYO0900,oos,39,0.5128,0.2267,0.023,1.1394,1.5169,8.8403,0.0,0
FTSE-M5,S1_BoxReclaim,LON0800,dev,224,0.5134,0.0045,0.0117,0.1465,1.0247,1.0189,0.0,0
FTSE-M5,S1_BoxReclaim,NY0800,dev,153,0.5686,0.0335,0.414,0.5728,1.1055,5.1251,0.0,0
FTSE-M5,S1_BoxReclaim,NY0930,dev,178,0.4944,0.0008,-0.0061,0.0192,1.0034,0.1495,0.0,0
FTSE-M5,S1_BoxReclaim,NY1000,dev,192,0.6042,0.0602,0.1914,1.3934,1.2616,11.5555,0.0,0
FTSE-M5,S1_BoxReclaim,NY1100,dev,160,0.4375,-0.0774,-0.0737,-1.6185,0.7393,-12.383,0.0,0
FTSE-M5,S1_BoxReclaim,NY1300,dev,170,0.5176,-0.0988,0.0274,-1.8402,0.7296,-16.7948,0.0,0
FTSE-M5,S1_BoxReclaim,NY1400,dev,143,0.4825,-0.0541,-0.0306,-0.9553,0.8341,-7.7379,0.0,0
FTSE-M5,S1_BoxReclaim,NY1800,dev,131,0.6489,0.1505,0.1979,2.8629,1.8201,19.7091,0.0,0
FTSE-M5,S1_BoxReclaim,TYO0900,dev,152,0.5263,0.0145,0.0642,0.2672,1.054,2.1969,0.0,0
FTSE-M5,S1_BoxReclaim,LON0800,oos,170,0.4471,-0.055,-0.0498,-1.5407,0.7426,-9.358,0.0,0
FTSE-M5,S1_BoxReclaim,NY0800,oos,132,0.5455,-0.021,0.373,-0.3198,0.9419,-2.7739,0.0,0
FTSE-M5,S1_BoxReclaim,NY0930,oos,181,0.4696,-0.0554,-0.0864,-1.3173,0.7929,-10.0271,0.0,0
FTSE-M5,S1_BoxReclaim,NY1000,oos,172,0.5058,0.0094,0.0077,0.2166,1.0394,1.6087,0.0,0
FTSE-M5,S1_BoxReclaim,NY1100,oos,168,0.5179,-0.0319,0.0242,-0.6859,0.8832,-5.3537,0.0,0
FTSE-M5,S1_BoxReclaim,NY1300,oos,152,0.5592,0.0417,0.1601,0.8069,1.1595,6.3349,0.0,0
FTSE-M5,S1_BoxReclaim,NY1400,oos,144,0.4931,-0.0712,-0.0031,-1.1544,0.8083,-10.2517,0.0,0
FTSE-M5,S1_BoxReclaim,NY1800,oos,139,0.554,0.0984,0.0905,1.605,1.4918,13.678,0.0,0
FTSE-M5,S1_BoxReclaim,TYO0900,oos,180,0.5833,0.0986,0.1668,2.3926,1.5256,17.7391,0.0,0
FTSE-M5,S2_OpenExhaust,LON0800,dev,63,0.4444,0.0876,-1.0,0.509,1.1595,5.5166,0.0,0
FTSE-M5,S2_OpenExhaust,NY0800,dev,56,0.4107,0.142,-1.0,0.7256,1.2409,7.9503,0.0,0
FTSE-M5,S2_OpenExhaust,NY0930,dev,49,0.3878,0.0231,-1.0,0.1157,1.0385,1.1328,0.0,0
FTSE-M5,S2_OpenExhaust,NY1000,dev,58,0.5,0.151,-0.0956,0.9444,1.3326,8.7595,0.0,0
FTSE-M5,S2_OpenExhaust,NY1100,dev,49,0.5102,0.25,0.0006,1.2593,1.5216,12.2506,0.0,0
FTSE-M5,S2_OpenExhaust,NY1300,dev,48,0.25,-0.2117,-1.0,-1.0202,0.7178,-10.1594,0.0,0
FTSE-M5,S2_OpenExhaust,NY1400,dev,46,0.413,0.189,-1.0,0.8369,1.3215,8.6919,0.0,0
FTSE-M5,S2_OpenExhaust,NY1800,dev,30,0.4667,0.4236,-0.5042,1.352,1.7703,12.708,0.0,0
FTSE-M5,S2_OpenExhaust,TYO0900,dev,45,0.2444,-0.3294,-1.0,-1.8047,0.5373,-14.8213,0.0,0
FTSE-M5,S2_OpenExhaust,LON0800,oos,62,0.3548,-0.06,-1.0,-0.366,0.8976,-3.7209,0.0,0
FTSE-M5,S2_OpenExhaust,NY0800,oos,43,0.3721,0.0053,-1.0,0.0256,1.0087,0.2291,0.0,0
FTSE-M5,S2_OpenExhaust,NY0930,oos,39,0.2308,-0.6264,-1.0,-2.2277,0.3203,-24.4297,0.0,1
FTSE-M5,S2_OpenExhaust,NY1000,oos,34,0.2647,-0.6705,-1.0,-2.1692,0.2838,-22.7981,0.0,1
FTSE-M5,S2_OpenExhaust,NY1100,oos,28,0.4286,-0.1169,-1.0,-0.5766,0.7836,-3.2737,0.0,0
FTSE-M5,S2_OpenExhaust,NY1300,oos,40,0.35,-0.1071,-1.0,-0.5016,0.8333,-4.2851,0.0,0
FTSE-M5,S2_OpenExhaust,NY1400,oos,48,0.3958,-0.0225,-1.0,-0.1202,0.9627,-1.0805,0.0,0
FTSE-M5,S2_OpenExhaust,NY1800,oos,26,0.5,0.4664,-0.2474,1.4775,1.9288,12.1269,0.0,0
FTSE-M5,S2_OpenExhaust,TYO0900,oos,49,0.3673,-0.1367,-1.0,-0.7696,0.7711,-6.6982,0.0,0
FTSE-M5,S3_IBBreak,NY1300,dev,2,0.5,0.3688,0.3688,0.2694,1.7376,0.7376,0.0,0
FTSE-M5,S3_IBBreak,NY1400,dev,5,0.6,0.5747,1.3461,0.881,2.4229,2.8736,0.0,0
FTSE-M5,S3_IBBreak,NY1800,dev,29,0.2759,-0.4785,-1.0,-2.3471,0.3556,-13.8757,0.0,0
FTSE-M5,S3_IBBreak,TYO0900,dev,1,1.0,3.1952,3.1952,,inf,3.1952,0.0,0
FTSE-M5,S3_IBBreak,NY0800,oos,1,0.0,-0.1021,-0.1021,,0.0,-0.1021,0.0,0
FTSE-M5,S3_IBBreak,NY0930,oos,1,0.0,-0.2171,-0.2171,,0.0,-0.2171,0.0,0
FTSE-M5,S3_IBBreak,NY1300,oos,3,0.3333,-0.3361,-0.3592,-0.8615,0.2582,-1.0083,0.0,0
FTSE-M5,S3_IBBreak,NY1400,oos,8,0.25,-0.3944,-0.9044,-1.1388,0.4097,-3.1554,0.0,0
FTSE-M5,S3_IBBreak,NY1800,oos,7,0.5714,0.4333,1.4204,0.5494,1.7372,3.0331,0.0,1
FTSE-M5,S3_IBBreak,TYO0900,oos,5,0.4,-0.064,-0.0715,-0.2461,0.7207,-0.32,0.0,0
FTSE-M5,S4_OpenRetest,LON0800,dev,66,0.5303,0.2646,0.2854,1.8338,1.6287,17.4645,0.0,0
FTSE-M5,S4_OpenRetest,NY0800,dev,149,0.3893,-0.038,-1.0,-0.3911,0.9352,-5.6667,0.0,0
FTSE-M5,S4_OpenRetest,NY0930,dev,108,0.3611,-0.0769,-1.0,-0.7042,0.8632,-8.3053,0.0,0
FTSE-M5,S4_OpenRetest,NY1000,dev,118,0.4068,-0.0133,-1.0,-0.1247,0.9755,-1.572,0.0,0
FTSE-M5,S4_OpenRetest,NY1100,dev,119,0.4958,0.1034,-0.0279,1.0108,1.2245,12.3081,0.0,0
FTSE-M5,S4_OpenRetest,NY1300,dev,118,0.3983,0.0044,-1.0,0.0384,1.0075,0.5226,0.0,0
FTSE-M5,S4_OpenRetest,NY1400,dev,107,0.4112,0.0206,-1.0,0.1639,1.0356,2.2033,0.0,1
FTSE-M5,S4_OpenRetest,NY1800,dev,120,0.475,0.1079,-0.4081,0.9657,1.2073,12.9512,0.0,0
FTSE-M5,S4_OpenRetest,TYO0900,dev,100,0.37,-0.0965,-1.0,-0.8194,0.8391,-9.6463,0.0,0
FTSE-M5,S4_OpenRetest,LON0800,oos,52,0.3269,-0.2676,-1.0,-1.9338,0.557,-13.9137,0.0,0
FTSE-M5,S4_OpenRetest,NY0800,oos,131,0.2901,-0.3042,-1.0,-3.2556,0.5547,-39.8502,0.0,0
FTSE-M5,S4_OpenRetest,NY0930,oos,104,0.4615,0.0617,-0.5773,0.5461,1.1219,6.4146,0.0,0
FTSE-M5,S4_OpenRetest,NY1000,oos,95,0.3789,-0.096,-1.0,-0.8187,0.8391,-9.1177,0.0,0
FTSE-M5,S4_OpenRetest,NY1100,oos,103,0.4757,0.0352,-0.4029,0.3228,1.0706,3.6209,0.0,0
FTSE-M5,S4_OpenRetest,NY1300,oos,111,0.3333,-0.1739,-1.0,-1.606,0.726,-19.3064,0.0,0
FTSE-M5,S4_OpenRetest,NY1400,oos,120,0.5083,0.253,0.1347,1.7938,1.5033,30.3556,0.0,2
FTSE-M5,S4_OpenRetest,NY1800,oos,94,0.4574,0.088,-0.4793,0.701,1.1716,8.2756,0.0,0
FTSE-M5,S4_OpenRetest,TYO0900,oos,103,0.534,0.2852,0.346,2.3901,1.6724,29.3711,0.0,0
FTSE-M5,S5_LevelSweep,LON0800,dev,104,0.4808,0.0893,-0.0817,0.8296,1.1956,9.2831,0.0,0
FTSE-M5,S5_LevelSweep,NY0800,dev,55,0.4364,0.0952,-0.6204,0.5943,1.1862,5.2371,0.0,0
FTSE-M5,S5_LevelSweep,NY0930,dev,72,0.3611,-0.0698,-1.0,-0.5201,0.8776,-5.0269,0.0,0
FTSE-M5,S5_LevelSweep,NY1000,dev,62,0.4355,0.0775,-0.277,0.5508,1.1646,4.807,0.0,0
FTSE-M5,S5_LevelSweep,NY1100,dev,52,0.4808,0.1196,-1.0,0.7139,1.2303,6.2177,0.0,0
FTSE-M5,S5_LevelSweep,NY1300,dev,32,0.4375,-0.0806,-1.0,-0.3966,0.8546,-2.5789,0.0,0
FTSE-M5,S5_LevelSweep,NY1400,dev,33,0.4848,0.0758,-0.2997,0.3758,1.1543,2.5022,0.0,0
FTSE-M5,S5_LevelSweep,NY1800,dev,27,0.5185,-0.0253,0.0041,-0.1033,0.9546,-0.6833,0.0,0
FTSE-M5,S5_LevelSweep,TYO0900,dev,43,0.5116,0.0945,0.0342,0.4931,1.1873,4.0625,0.0,0
FTSE-M5,S5_LevelSweep,LON0800,oos,89,0.3933,-0.08,-0.7193,-0.715,0.8478,-7.1181,0.0,0
FTSE-M5,S5_LevelSweep,NY0800,oos,43,0.3721,-0.1402,-1.0,-0.8468,0.761,-6.0266,0.0,0
FTSE-M5,S5_LevelSweep,NY0930,oos,64,0.4062,-0.0947,-1.0,-0.7003,0.8273,-6.0598,0.0,0
FTSE-M5,S5_LevelSweep,NY1000,oos,71,0.4366,-0.0038,-0.7063,-0.0288,0.9926,-0.2713,0.0,0
FTSE-M5,S5_LevelSweep,NY1100,oos,45,0.4,-0.0666,-1.0,-0.3898,0.882,-2.9988,0.0,0
FTSE-M5,S5_LevelSweep,NY1300,oos,26,0.3462,-0.2586,-1.0,-1.2115,0.6045,-6.7242,0.0,0
FTSE-M5,S5_LevelSweep,NY1400,oos,26,0.4615,0.058,-0.5715,0.2524,1.1147,1.5081,0.0,0
FTSE-M5,S5_LevelSweep,NY1800,oos,27,0.4444,0.0866,-0.047,0.4414,1.219,2.3373,0.0,0
FTSE-M5,S5_LevelSweep,TYO0900,oos,41,0.5122,0.1826,0.1094,1.0346,1.4295,7.4864,0.0,0
XAU5-M5,S1_BoxReclaim,LON0800,dev,167,0.5749,0.0386,0.0845,0.9081,1.187,6.4515,0.0,0
XAU5-M5,S1_BoxReclaim,NY0800,dev,130,0.6077,0.0594,0.2824,0.9982,1.2178,7.7284,0.0,0
XAU5-M5,S1_BoxReclaim,NY0930,dev,163,0.5092,-0.0422,0.0148,-0.9655,0.8342,-6.8759,0.0,0
XAU5-M5,S1_BoxReclaim,NY1000,dev,175,0.4857,-0.0702,-0.0118,-1.7708,0.7188,-12.2773,0.0,0
XAU5-M5,S1_BoxReclaim,NY1100,dev,192,0.5417,0.0177,0.0564,0.4581,1.0819,3.405,0.0,0
XAU5-M5,S1_BoxReclaim,NY1300,dev,164,0.5305,-0.0026,0.0331,-0.0589,0.9887,-0.4293,0.0,0
XAU5-M5,S1_BoxReclaim,NY1400,dev,147,0.5034,-0.0702,0.0095,-1.352,0.7724,-10.3222,0.0,0
XAU5-M5,S1_BoxReclaim,NY1800,dev,191,0.5864,0.0524,0.1474,1.2371,1.2314,10.0067,0.0,0
XAU5-M5,S1_BoxReclaim,TYO0900,dev,181,0.5635,-0.0073,0.4872,-0.132,0.9793,-1.3221,0.0,0
XAU5-M5,S1_BoxReclaim,LON0800,oos,200,0.47,-0.048,-0.1088,-1.1471,0.8288,-9.5923,0.0,0
XAU5-M5,S1_BoxReclaim,NY0800,oos,80,0.475,-0.1147,-0.1358,-1.3871,0.7144,-9.1738,0.0,0
XAU5-M5,S1_BoxReclaim,NY0930,oos,161,0.4658,-0.0611,-0.0414,-1.3298,0.7803,-9.8306,0.0,0
XAU5-M5,S1_BoxReclaim,NY1000,oos,192,0.6354,0.0949,0.1039,2.7502,1.6332,18.2236,0.0,0
XAU5-M5,S1_BoxReclaim,NY1100,oos,190,0.6,0.0985,0.1622,2.491,1.5161,18.7104,0.0,0
XAU5-M5,S1_BoxReclaim,NY1300,oos,174,0.5402,0.03,0.1031,0.6685,1.1249,5.214,0.0,0
XAU5-M5,S1_BoxReclaim,NY1400,oos,160,0.4938,-0.0543,-0.0194,-1.0978,0.817,-8.6817,0.0,0
XAU5-M5,S1_BoxReclaim,NY1800,oos,178,0.5281,0.0231,0.0572,0.5755,1.1076,4.1177,0.0,0
XAU5-M5,S1_BoxReclaim,TYO0900,oos,170,0.4941,-0.0728,-0.0111,-1.3404,0.7968,-12.384,0.0,0
XAU5-M5,S2_OpenExhaust,LON0800,dev,48,0.3542,-0.1203,-1.0,-0.7345,0.7884,-5.774,0.0,0
XAU5-M5,S2_OpenExhaust,NY0800,dev,33,0.4242,0.1741,-1.0,0.6982,1.3138,5.7466,0.0,0
XAU5-M5,S2_OpenExhaust,NY0930,dev,37,0.2973,-0.2253,-1.0,-1.1996,0.6455,-8.3379,0.0,0
XAU5-M5,S2_OpenExhaust,NY1000,dev,36,0.4444,0.1401,-0.2313,0.7651,1.3542,5.0437,0.0,0
XAU5-M5,S2_OpenExhaust,NY1100,dev,35,0.4571,0.0395,-1.0,0.1864,1.0738,1.3837,0.0,0
XAU5-M5,S2_OpenExhaust,NY1300,dev,44,0.3864,-0.0019,-1.0,-0.0099,0.9966,-0.0835,0.0,0
XAU5-M5,S2_OpenExhaust,NY1400,dev,33,0.3939,-0.0339,-1.0,-0.1475,0.9429,-1.1192,0.0,0
XAU5-M5,S2_OpenExhaust,NY1800,dev,9,0.2222,-0.333,-1.0,-0.7146,0.5719,-2.997,0.0,0
XAU5-M5,S2_OpenExhaust,TYO0900,dev,44,0.2727,-0.434,-1.0,-3.2937,0.3568,-19.0946,0.0,0
XAU5-M5,S2_OpenExhaust,LON0800,oos,44,0.2955,-0.2426,-1.0,-1.4648,0.6118,-10.6741,0.0,0
XAU5-M5,S2_OpenExhaust,NY0800,oos,49,0.3061,-0.1945,-1.0,-1.0496,0.7199,-9.5323,0.0,0
XAU5-M5,S2_OpenExhaust,NY0930,oos,48,0.5208,0.1042,0.1903,0.6724,1.2446,5.0035,0.0,0
XAU5-M5,S2_OpenExhaust,NY1000,oos,52,0.3846,-0.0815,-1.0,-0.4995,0.8534,-4.2375,0.0,0
XAU5-M5,S2_OpenExhaust,NY1100,oos,59,0.3729,-0.0391,-1.0,-0.2248,0.9334,-2.3063,0.0,0
XAU5-M5,S2_OpenExhaust,NY1300,oos,32,0.4688,0.2055,-0.1254,0.8452,1.4312,6.5759,0.0,0
XAU5-M5,S2_OpenExhaust,NY1400,oos,43,0.6047,0.5327,0.8338,2.627,2.4973,22.9072,0.0,0
XAU5-M5,S2_OpenExhaust,NY1800,oos,23,0.2609,-0.2564,-1.0,-0.8944,0.6531,-5.897,0.0,0
XAU5-M5,S2_OpenExhaust,TYO0900,oos,30,0.3667,0.0399,-1.0,0.1586,1.0708,1.1961,0.0,0
XAU5-M5,S4_OpenRetest,LON0800,dev,98,0.4796,0.1348,-1.0,1.1088,1.2626,13.2108,0.0,0
XAU5-M5,S4_OpenRetest,NY0800,dev,118,0.3814,-0.0981,-1.0,-0.9361,0.8338,-11.5744,0.0,0
XAU5-M5,S4_OpenRetest,NY0930,dev,89,0.4494,-0.0188,-1.0,-0.1587,0.9648,-1.6764,0.0,0
XAU5-M5,S4_OpenRetest,NY1000,dev,77,0.4416,-0.017,-0.7187,-0.1363,0.9676,-1.3064,0.0,0
XAU5-M5,S4_OpenRetest,NY1100,dev,83,0.4458,0.0328,-1.0,0.256,1.0609,2.7247,0.0,0
XAU5-M5,S4_OpenRetest,NY1300,dev,85,0.4706,0.1149,-0.2759,0.9161,1.236,9.7678,0.0,0
XAU5-M5,S4_OpenRetest,NY1400,dev,98,0.3673,-0.1262,-1.0,-1.1245,0.7828,-12.365,0.0,0
XAU5-M5,S4_OpenRetest,NY1800,dev,113,0.3451,-0.1186,-1.0,-1.0729,0.8105,-13.403,0.0,0
XAU5-M5,S4_OpenRetest,TYO0900,dev,119,0.4034,-0.0354,-1.0,-0.3345,0.9376,-4.2181,0.0,0
XAU5-M5,S4_OpenRetest,LON0800,oos,104,0.4135,-0.0051,-1.0,-0.0441,0.991,-0.5352,0.0,0
XAU5-M5,S4_OpenRetest,NY0800,oos,144,0.3611,-0.0968,-1.0,-1.0158,0.8367,-13.934,0.0,0
XAU5-M5,S4_OpenRetest,NY0930,oos,84,0.3452,-0.1367,-1.0,-1.1087,0.7748,-11.4792,0.0,0
XAU5-M5,S4_OpenRetest,NY1000,oos,86,0.5,0.1541,0.0232,1.256,1.337,13.2534,0.0,0
XAU5-M5,S4_OpenRetest,NY1100,oos,90,0.3667,-0.112,-1.0,-0.937,0.8122,-10.0814,0.0,0
XAU5-M5,S4_OpenRetest,NY1300,oos,109,0.4312,0.049,-0.6871,0.4422,1.0937,5.3382,0.0,0
XAU5-M5,S4_OpenRetest,NY1400,oos,90,0.4222,-0.0506,-0.6036,-0.4501,0.9023,-4.5573,0.0,0
XAU5-M5,S4_OpenRetest,NY1800,oos,115,0.3652,-0.0961,-1.0,-0.8804,0.8439,-11.0527,0.0,0
XAU5-M5,S4_OpenRetest,TYO0900,oos,129,0.4341,0.0745,-1.0,0.7178,1.1421,9.6053,0.0,0
XAU5-M5,S5_LevelSweep,LON0800,dev,41,0.5122,0.2388,0.0535,1.3506,1.5961,9.7891,0.0,0
XAU5-M5,S5_LevelSweep,NY0800,dev,72,0.4167,-0.0823,-1.0,-0.6282,0.8529,-5.922,0.0,0
XAU5-M5,S5_LevelSweep,NY0930,dev,63,0.3651,-0.0754,-0.6513,-0.5537,0.8586,-4.7502,0.0,0
XAU5-M5,S5_LevelSweep,NY1000,dev,49,0.449,0.0287,-0.4132,0.1793,1.0574,1.4072,0.0,0
XAU5-M5,S5_LevelSweep,NY1100,dev,29,0.3448,-0.0843,-1.0,-0.3864,0.857,-2.4439,0.0,0
XAU5-M5,S5_LevelSweep,NY1300,dev,33,0.3636,-0.2802,-1.0,-1.6253,0.5432,-9.2473,0.0,0
XAU5-M5,S5_LevelSweep,NY1400,dev,34,0.4118,-0.0171,-1.0,-0.0859,0.9693,-0.5798,0.0,0
XAU5-M5,S5_LevelSweep,NY1800,dev,21,0.4762,-0.0046,-0.0167,-0.0225,0.9887,-0.0966,0.0,0
XAU5-M5,S5_LevelSweep,TYO0900,dev,36,0.4444,-0.0219,-1.0,-0.1175,0.9587,-0.7879,0.0,0
XAU5-M5,S5_LevelSweep,LON0800,oos,46,0.4783,0.1106,-0.2713,0.6706,1.2388,5.0872,0.0,0
XAU5-M5,S5_LevelSweep,NY0800,oos,74,0.3649,-0.1607,-1.0,-1.2996,0.7213,-11.8905,0.0,0
XAU5-M5,S5_LevelSweep,NY0930,oos,90,0.4889,0.148,-0.2315,1.2004,1.3062,13.3182,0.0,0
XAU5-M5,S5_LevelSweep,NY1000,oos,78,0.5128,0.1583,0.046,1.258,1.3622,12.3477,0.0,0
XAU5-M5,S5_LevelSweep,NY1100,oos,55,0.3818,-0.0953,-1.0,-0.6656,0.8223,-5.2409,0.0,0
XAU5-M5,S5_LevelSweep,NY1300,oos,29,0.4483,-0.0066,-0.2641,-0.0327,0.9866,-0.1904,0.0,0
XAU5-M5,S5_LevelSweep,NY1400,oos,21,0.2857,-0.3197,-1.0,-1.5473,0.4718,-6.7138,0.0,0
XAU5-M5,S5_LevelSweep,NY1800,oos,28,0.5357,0.2271,0.3169,1.2217,1.7079,6.3577,0.0,0
XAU5-M5,S5_LevelSweep,TYO0900,oos,48,0.3958,-0.0841,-1.0,-0.5156,0.8554,-4.0365,0.0,0
EURUSD5-M5,S1_BoxReclaim,LON0800,dev,134,0.5075,-0.0118,0.0212,-0.2231,0.9561,-1.5842,0.0,0
EURUSD5-M5,S1_BoxReclaim,NY0800,dev,61,0.4918,-0.1176,-0.0418,-1.2655,0.6969,-7.1714,0.0,0
EURUSD5-M5,S1_BoxReclaim,NY0930,dev,88,0.5568,0.0224,0.0781,0.33,1.0848,1.9682,0.0,0
EURUSD5-M5,S1_BoxReclaim,NY1000,dev,121,0.5041,-0.0307,0.0256,-0.5585,0.8872,-3.7171,0.0,0
EURUSD5-M5,S1_BoxReclaim,NY1100,dev,119,0.5798,0.0368,0.1172,0.6969,1.161,4.3824,0.0,0
EURUSD5-M5,S1_BoxReclaim,NY1300,dev,117,0.547,0.0591,0.1333,1.0919,1.2616,6.9181,0.0,0
EURUSD5-M5,S1_BoxReclaim,NY1400,dev,95,0.5158,0.004,0.0792,0.0627,1.0151,0.3764,0.0,0
EURUSD5-M5,S1_BoxReclaim,NY1800,dev,134,0.5448,0.0338,0.1342,0.6345,1.1338,4.5358,0.0,0
EURUSD5-M5,S1_BoxReclaim,TYO0900,dev,93,0.4301,-0.1389,-0.1111,-2.0491,0.6107,-12.9135,0.0,0
EURUSD5-M5,S1_BoxReclaim,LON0800,oos,136,0.5147,-0.0089,0.0237,-0.176,0.9655,-1.2163,0.0,0
EURUSD5-M5,S1_BoxReclaim,NY0800,oos,50,0.52,-0.0593,0.035,-0.617,0.8182,-2.9674,0.0,0
EURUSD5-M5,S1_BoxReclaim,NY0930,oos,99,0.5657,0.0466,0.2129,0.7358,1.184,4.612,0.0,0
EURUSD5-M5,S1_BoxReclaim,NY1000,oos,143,0.5385,0.0571,0.0656,1.3709,1.3265,8.1661,0.0,0
EURUSD5-M5,S1_BoxReclaim,NY1100,oos,151,0.4503,-0.0696,-0.0712,-1.4737,0.7503,-10.512,0.0,0
EURUSD5-M5,S1_BoxReclaim,NY1300,oos,144,0.5069,-0.0081,0.0389,-0.1581,0.9699,-1.1717,0.0,0
EURUSD5-M5,S1_BoxReclaim,NY1400,oos,112,0.5179,-0.0398,0.0163,-0.6792,0.8605,-4.4578,0.0,0
EURUSD5-M5,S1_BoxReclaim,NY1800,oos,70,0.5143,0.0162,0.0871,0.2247,1.0634,1.1321,0.0,0
EURUSD5-M5,S1_BoxReclaim,TYO0900,oos,130,0.5077,-0.0317,0.0247,-0.576,0.8899,-4.1151,0.0,0
EURUSD5-M5,S2_OpenExhaust,LON0800,dev,35,0.4857,0.2354,-0.1297,1.0649,1.5054,8.2375,0.0,0
EURUSD5-M5,S2_OpenExhaust,NY0800,dev,46,0.3696,-0.0731,-1.0,-0.3777,0.8841,-3.3604,0.0,0
EURUSD5-M5,S2_OpenExhaust,NY0930,dev,45,0.4667,0.0754,-0.4657,0.4033,1.1497,3.3933,0.0,0
EURUSD5-M5,S2_OpenExhaust,NY1000,dev,31,0.4194,-0.001,-0.4657,-0.0048,0.998,-0.0304,0.0,0
EURUSD5-M5,S2_OpenExhaust,NY1100,dev,38,0.4211,0.2015,-0.3491,0.9312,1.4228,7.6555,0.0,0
EURUSD5-M5,S2_OpenExhaust,NY1300,dev,36,0.1944,-0.5373,-1.0,-3.4041,0.3183,-19.341,0.0,0
EURUSD5-M5,S2_OpenExhaust,NY1400,dev,26,0.4615,0.1184,-0.0378,0.5094,1.2549,3.0778,0.0,0
EURUSD5-M5,S2_OpenExhaust,NY1800,dev,17,0.2353,-0.1817,-1.0,-0.4785,0.7572,-3.0894,0.0,0
EURUSD5-M5,S2_OpenExhaust,TYO0900,dev,41,0.5122,0.3973,0.2557,1.7549,1.8724,16.2913,0.0,0
EURUSD5-M5,S2_OpenExhaust,LON0800,oos,41,0.3171,-0.2734,-1.0,-1.6611,0.5774,-11.2081,0.0,0
EURUSD5-M5,S2_OpenExhaust,NY0800,oos,58,0.3793,-0.0149,-1.0,-0.0834,0.9755,-0.8666,0.0,0
EURUSD5-M5,S2_OpenExhaust,NY0930,oos,50,0.52,0.2076,0.2019,1.1384,1.446,10.3784,0.0,0
EURUSD5-M5,S2_OpenExhaust,NY1000,oos,49,0.4286,0.048,-1.0,0.2542,1.0862,2.3511,0.0,0
EURUSD5-M5,S2_OpenExhaust,NY1100,oos,49,0.4286,0.0715,-1.0,0.3625,1.1291,3.5032,0.0,0
EURUSD5-M5,S2_OpenExhaust,NY1300,oos,35,0.2571,-0.2906,-1.0,-1.512,0.5656,-10.1698,0.0,0
EURUSD5-M5,S2_OpenExhaust,NY1400,oos,37,0.3243,-0.3188,-1.0,-2.0597,0.4681,-11.7964,0.0,0
EURUSD5-M5,S2_OpenExhaust,NY1800,oos,16,0.375,0.1872,-1.0,0.4571,1.2996,2.9959,0.0,0
EURUSD5-M5,S2_OpenExhaust,TYO0900,oos,43,0.3721,-0.0748,-1.0,-0.397,0.8726,-3.215,0.0,0
EURUSD5-M5,S3_IBBreak,LON0800,dev,110,0.4636,0.0994,-0.1044,1.0977,1.2816,10.9343,0.0,0
EURUSD5-M5,S3_IBBreak,NY0800,dev,222,0.3468,-0.1315,-0.5338,-1.9495,0.7468,-29.1857,0.0,0
EURUSD5-M5,S3_IBBreak,NY0930,dev,112,0.3661,-0.0012,-0.2358,-0.0132,0.9971,-0.1342,0.0,0
EURUSD5-M5,S3_IBBreak,NY1000,dev,92,0.3478,-0.1002,-0.222,-1.0298,0.7774,-9.214,0.0,0
EURUSD5-M5,S3_IBBreak,NY1100,dev,41,0.3902,-0.0925,-0.2185,-0.6694,0.7709,-3.7921,0.0,0
EURUSD5-M5,S3_IBBreak,NY1300,dev,91,0.4286,0.1223,-0.0976,1.1446,1.3216,11.1275,0.0,0
EURUSD5-M5,S3_IBBreak,NY1400,dev,138,0.3116,-0.1443,-0.4034,-1.8197,0.6986,-19.9122,0.0,0
EURUSD5-M5,S3_IBBreak,NY1800,dev,124,0.3548,-0.0304,-0.4045,-0.3183,0.9372,-3.7737,0.0,0
EURUSD5-M5,S3_IBBreak,TYO0900,dev,190,0.3789,-0.0152,-0.2244,-0.2207,0.9632,-2.8929,0.0,0
EURUSD5-M5,S3_IBBreak,LON0800,oos,97,0.2887,-0.1315,-0.2213,-1.5954,0.6697,-12.7544,0.0,0
EURUSD5-M5,S3_IBBreak,NY0800,oos,268,0.3881,-0.0265,-0.3638,-0.4199,0.944,-7.1085,0.0,0
EURUSD5-M5,S3_IBBreak,NY0930,oos,148,0.4459,0.0268,-0.1621,0.3344,1.066,3.969,0.0,0
EURUSD5-M5,S3_IBBreak,NY1000,oos,83,0.4096,-0.0255,-0.1512,-0.2631,0.9312,-2.1177,0.0,0
EURUSD5-M5,S3_IBBreak,NY1100,oos,55,0.4182,-0.0116,-0.1778,-0.0971,0.9687,-0.6374,0.0,0
EURUSD5-M5,S3_IBBreak,NY1300,oos,116,0.431,-0.0063,-0.2302,-0.073,0.9842,-0.7303,0.0,0
EURUSD5-M5,S3_IBBreak,NY1400,oos,144,0.375,-0.0796,-0.2222,-1.0659,0.8095,-11.4691,0.0,0
EURUSD5-M5,S3_IBBreak,NY1800,oos,197,0.3807,-0.028,-0.2909,-0.3784,0.9401,-5.5146,0.0,0
EURUSD5-M5,S3_IBBreak,TYO0900,oos,218,0.3853,-0.0185,-0.2743,-0.2763,0.9574,-4.0259,0.0,0
EURUSD5-M5,S4_OpenRetest,LON0800,dev,76,0.4342,0.051,-1.0,0.3716,1.0941,3.873,0.0,0
EURUSD5-M5,S4_OpenRetest,NY0800,dev,117,0.3675,-0.1227,-1.0,-1.1732,0.7957,-14.3541,0.0,0
EURUSD5-M5,S4_OpenRetest,NY0930,dev,94,0.3936,-0.0364,-1.0,-0.3111,0.9337,-3.4193,0.0,0
EURUSD5-M5,S4_OpenRetest,NY1000,dev,70,0.4,-0.0232,-1.0,-0.1708,0.957,-1.6272,0.0,0
EURUSD5-M5,S4_OpenRetest,NY1100,dev,81,0.3457,-0.1925,-1.0,-1.5754,0.6932,-15.5907,0.0,0
EURUSD5-M5,S4_OpenRetest,NY1300,dev,94,0.3404,-0.1644,-1.0,-1.4071,0.7362,-15.4509,0.0,0
EURUSD5-M5,S4_OpenRetest,NY1400,dev,93,0.4086,-0.0366,-1.0,-0.3169,0.9311,-3.4055,0.0,0
EURUSD5-M5,S4_OpenRetest,NY1800,dev,126,0.3889,-0.0615,-1.0,-0.581,0.8977,-7.7456,0.0,0
EURUSD5-M5,S4_OpenRetest,TYO0900,dev,86,0.3953,-0.0568,-1.0,-0.4559,0.9012,-4.8825,0.0,0
EURUSD5-M5,S4_OpenRetest,LON0800,oos,113,0.5133,0.2281,0.1082,2.0259,1.49,25.7771,0.0,0
EURUSD5-M5,S4_OpenRetest,NY0800,oos,141,0.3759,-0.1376,-1.0,-1.5353,0.7556,-19.4016,0.0,0
EURUSD5-M5,S4_OpenRetest,NY0930,oos,108,0.3796,-0.1079,-1.0,-1.0128,0.8149,-11.6585,0.0,0
EURUSD5-M5,S4_OpenRetest,NY1000,oos,85,0.4,-0.0191,-1.0,-0.1564,0.9644,-1.6275,0.0,0
EURUSD5-M5,S4_OpenRetest,NY1100,oos,91,0.5165,0.2356,0.2299,1.9206,1.5351,21.4377,0.0,0
EURUSD5-M5,S4_OpenRetest,NY1300,oos,97,0.4227,0.05,-0.6192,0.4231,1.0964,4.8483,0.0,0
EURUSD5-M5,S4_OpenRetest,NY1400,oos,106,0.3585,-0.1257,-0.852,-1.2312,0.7693,-13.3242,0.0,0
EURUSD5-M5,S4_OpenRetest,NY1800,oos,136,0.3897,-0.0319,-1.0,-0.3076,0.9469,-4.3368,0.0,0
EURUSD5-M5,S4_OpenRetest,TYO0900,oos,112,0.4643,0.0328,-1.0,0.3038,1.0626,3.6705,0.0,0
EURUSD5-M5,S5_LevelSweep,LON0800,dev,53,0.3774,-0.173,-1.0,-1.1207,0.7222,-9.1668,0.0,0
EURUSD5-M5,S5_LevelSweep,NY0800,dev,58,0.4483,0.0766,-0.6012,0.4967,1.1508,4.4439,0.0,0
EURUSD5-M5,S5_LevelSweep,NY0930,dev,60,0.3167,-0.2179,-1.0,-1.5255,0.6612,-13.0711,0.0,0
EURUSD5-M5,S5_LevelSweep,NY1000,dev,45,0.3778,-0.1475,-1.0,-0.9412,0.7355,-6.6372,0.0,0
EURUSD5-M5,S5_LevelSweep,NY1100,dev,40,0.575,0.2673,0.2864,1.5465,1.7204,10.6902,0.0,0
EURUSD5-M5,S5_LevelSweep,NY1300,dev,25,0.44,0.0453,-0.4089,0.2021,1.0911,1.1334,0.0,0
EURUSD5-M5,S5_LevelSweep,NY1400,dev,27,0.5185,0.2779,0.708,1.1723,1.6014,7.5037,0.0,0
EURUSD5-M5,S5_LevelSweep,NY1800,dev,18,0.4444,0.2034,-0.2032,0.7816,1.512,3.6618,0.0,0
EURUSD5-M5,S5_LevelSweep,TYO0900,dev,32,0.4688,0.219,-0.1818,1.0188,1.4691,7.0094,0.0,0
EURUSD5-M5,S5_LevelSweep,LON0800,oos,65,0.3538,-0.1276,-1.0,-0.9263,0.7812,-8.2917,0.0,0
EURUSD5-M5,S5_LevelSweep,NY0800,oos,70,0.4429,0.0087,-1.0,0.0632,1.0161,0.608,0.0,0
EURUSD5-M5,S5_LevelSweep,NY0930,oos,76,0.5263,0.2312,0.085,1.7229,1.5198,17.5716,0.0,0
EURUSD5-M5,S5_LevelSweep,NY1000,oos,71,0.4366,0.0269,-0.6012,0.1987,1.0519,1.9085,0.0,0
EURUSD5-M5,S5_LevelSweep,NY1100,oos,41,0.3659,-0.1017,-1.0,-0.5992,0.815,-4.1696,0.0,0
EURUSD5-M5,S5_LevelSweep,NY1300,oos,20,0.3,-0.1257,-0.5887,-0.5438,0.7589,-2.5131,0.0,0
EURUSD5-M5,S5_LevelSweep,NY1400,oos,21,0.381,-0.1128,-0.5273,-0.5233,0.7691,-2.3678,0.0,0
EURUSD5-M5,S5_LevelSweep,NY1800,oos,25,0.48,0.1117,-0.4815,0.4362,1.2317,2.7928,0.0,0
EURUSD5-M5,S5_LevelSweep,TYO0900,oos,48,0.4792,0.0552,-0.2413,0.3299,1.1169,2.6509,0.0,0
NQ-M1-RTH,S1_BoxReclaim,NY0930,dev,28,0.5714,0.0811,0.2211,0.7233,1.3664,2.2712,0.0,0
NQ-M1-RTH,S1_BoxReclaim,NY1000,dev,18,0.6667,0.0772,0.2791,0.4775,1.2911,1.3892,0.0,0
NQ-M1-RTH,S1_BoxReclaim,NY1100,dev,22,0.5455,-0.1228,0.0102,-1.0296,0.5733,-2.7007,0.0,0
NQ-M1-RTH,S1_BoxReclaim,NY1300,dev,10,0.8,0.2218,0.4597,1.1734,2.3688,2.2179,0.0,0
NQ-M1-RTH,S1_BoxReclaim,NY1400,dev,10,0.4,0.057,-0.1595,0.141,1.1391,0.5701,0.0,0
NQ-M1-RTH,S1_BoxReclaim,NY0930,oos,23,0.6522,0.2015,0.3124,1.8557,2.3552,4.6356,0.0,0
NQ-M1-RTH,S1_BoxReclaim,NY1000,oos,18,0.6667,0.1939,0.3091,1.6092,2.5072,3.4898,0.0,0
NQ-M1-RTH,S1_BoxReclaim,NY1100,oos,19,0.3158,-0.2019,-0.2004,-1.6159,0.4028,-3.8359,0.0,0
NQ-M1-RTH,S1_BoxReclaim,NY1300,oos,18,0.5556,0.0331,0.0923,0.2698,1.1806,0.5951,0.0,0
NQ-M1-RTH,S1_BoxReclaim,NY1400,oos,11,0.5455,-0.0217,0.6353,-0.0905,0.943,-0.2384,0.0,0
NQ-M1-RTH,S2_OpenExhaust,NY0930,dev,7,0.4286,0.1269,-1.0,0.2133,1.222,0.888,0.0,0
NQ-M1-RTH,S2_OpenExhaust,NY1000,dev,8,0.375,-0.1052,-1.0,-0.2394,0.8317,-0.8417,0.0,0
NQ-M1-RTH,S2_OpenExhaust,NY1100,dev,8,0.625,0.7517,0.7744,1.2933,3.0046,6.0139,0.0,0
NQ-M1-RTH,S2_OpenExhaust,NY1300,dev,6,0.6667,0.9034,0.704,1.2263,3.7103,5.4205,0.0,0
NQ-M1-RTH,S2_OpenExhaust,NY1400,dev,4,0.25,-0.5142,-1.0,-1.0583,0.3145,-2.0566,0.0,0
NQ-M1-RTH,S2_OpenExhaust,NY0930,oos,6,0.6667,1.085,1.2493,1.3561,4.2551,6.5102,0.0,0
NQ-M1-RTH,S2_OpenExhaust,NY1000,oos,9,0.4444,0.0377,-1.0,0.0819,1.0679,0.3394,0.0,0
NQ-M1-RTH,S2_OpenExhaust,NY1100,oos,7,0.1429,-0.4701,-1.0,-1.1004,0.3812,-3.2907,0.0,0
NQ-M1-RTH,S2_OpenExhaust,NY1300,oos,3,0.3333,-0.6306,-1.0,-1.707,0.0541,-1.8918,0.0,0
NQ-M1-RTH,S2_OpenExhaust,NY1400,oos,8,0.125,-0.6671,-1.0,-2.0036,0.2376,-5.3365,0.0,0
NQ-M1-RTH,S3_IBBreak,NY0930,dev,4,0.25,0.0901,-0.061,0.1752,1.3212,0.3604,0.0,0
NQ-M1-RTH,S3_IBBreak,NY1000,dev,9,0.7778,0.5276,0.6902,1.495,3.3741,4.7482,0.0,0
NQ-M1-RTH,S3_IBBreak,NY1100,dev,13,0.5385,0.2975,0.021,0.99,1.9395,3.8672,0.0,0
NQ-M1-RTH,S3_IBBreak,NY1300,dev,17,0.2941,0.0162,-0.2318,0.0704,1.0438,0.2761,0.0,0
NQ-M1-RTH,S3_IBBreak,NY1400,dev,24,0.4167,0.0044,-0.0877,0.0237,1.0125,0.1048,0.0,0
NQ-M1-RTH,S3_IBBreak,NY0930,oos,3,0.6667,0.5403,1.121,0.6946,2.621,1.621,0.0,0
NQ-M1-RTH,S3_IBBreak,NY1000,oos,4,0.5,0.3708,0.4661,0.6427,2.3157,1.483,0.0,0
NQ-M1-RTH,S3_IBBreak,NY1100,oos,7,0.2857,-0.4905,-1.0,-1.3429,0.3133,-3.4337,0.0,0
NQ-M1-RTH,S3_IBBreak,NY1300,oos,20,0.3,-0.0947,-0.5626,-0.3853,0.8252,-1.8943,0.0,0
NQ-M1-RTH,S3_IBBreak,NY1400,oos,33,0.3939,-0.0262,-0.4397,-0.139,0.9466,-0.8632,0.0,0
NQ-M1-RTH,S4_OpenRetest,NY0930,dev,11,0.4545,0.0937,-1.0,0.2458,1.1717,1.0303,0.0,0
NQ-M1-RTH,S4_OpenRetest,NY1000,dev,11,0.2727,-0.3576,-1.0,-1.07,0.5083,-3.9336,0.0,0
NQ-M1-RTH,S4_OpenRetest,NY1100,dev,14,0.7143,0.6774,1.462,2.2363,3.3708,9.4831,0.0,0
NQ-M1-RTH,S4_OpenRetest,NY1300,dev,17,0.4706,0.088,-1.0,0.2961,1.1661,1.4953,0.0,0
NQ-M1-RTH,S4_OpenRetest,NY1400,dev,16,0.5,0.2372,0.3276,0.8403,1.5892,3.7953,0.0,0
NQ-M1-RTH,S4_OpenRetest,NY0930,oos,13,0.3846,-0.1153,-1.0,-0.3479,0.8126,-1.4989,0.0,0
NQ-M1-RTH,S4_OpenRetest,NY1000,oos,15,0.3333,-0.2992,-1.0,-1.339,0.4513,-4.4873,0.0,0
NQ-M1-RTH,S4_OpenRetest,NY1100,oos,12,0.3333,-0.2097,-1.0,-0.6189,0.6854,-2.517,0.0,0
NQ-M1-RTH,S4_OpenRetest,NY1300,oos,14,0.5714,0.4884,1.1645,1.5782,2.491,6.838,0.0,0
NQ-M1-RTH,S4_OpenRetest,NY1400,oos,15,0.3333,-0.1616,-1.0,-0.5097,0.7576,-2.4237,0.0,0
NQ-M1-RTH,S5_LevelSweep,NY0930,dev,11,0.3636,-0.1798,-1.0,-0.5095,0.7174,-1.9782,0.0,0
NQ-M1-RTH,S5_LevelSweep,NY1000,dev,6,0.1667,-0.5445,-1.0,-1.3259,0.3147,-3.267,0.0,0
NQ-M1-RTH,S5_LevelSweep,NY1100,dev,10,0.2,-0.4619,-1.0,-1.6232,0.3281,-4.6189,0.0,0
NQ-M1-RTH,S5_LevelSweep,NY1300,dev,8,0.375,-0.0473,-1.0,-0.1018,0.9243,-0.3786,0.0,0
NQ-M1-RTH,S5_LevelSweep,NY1400,dev,7,0.2857,-0.3008,-1.0,-0.6663,0.5789,-2.1054,0.0,0
NQ-M1-RTH,S5_LevelSweep,NY0930,oos,14,0.2143,-0.6542,-1.0,-3.46,0.1428,-9.1582,0.0,0
NQ-M1-RTH,S5_LevelSweep,NY1000,oos,14,0.1429,-0.7119,-1.0,-3.7708,0.1346,-9.9671,0.0,0
NQ-M1-RTH,S5_LevelSweep,NY1100,oos,8,0.25,-0.4857,-1.0,-1.3867,0.3524,-3.8857,0.0,0
NQ-M1-RTH,S5_LevelSweep,NY1300,oos,4,0.5,0.2867,0.2739,0.3859,1.5734,1.1469,0.0,0
NQ-M1-RTH,S5_LevelSweep,NY1400,oos,3,0.0,-1.0,-1.0,,0.0,-3.0,0.0,0
